Starting a Gradle Daemon (subsequent builds will be faster)
> Task :app:computeCemuDataFilesHash
> Task :app:preBuild
> Task :app:preDebugBuild
> Task :app:mergeDebugNativeDebugMetadata NO-SOURCE
> Task :app:generateDebugBuildConfig
> Task :app:generateDebugResources UP-TO-DATE
> Task :app:prepareLibraryDefinitionsDebug UP-TO-DATE
> Task :app:packageDebugResources UP-TO-DATE
> Task :app:processDebugNavigationResources UP-TO-DATE
> Task :app:parseDebugLocalResources UP-TO-DATE
> Task :app:generateDebugRFile UP-TO-DATE
> Task :app:javaPreCompileDebug UP-TO-DATE
> Task :app:generateDebugAssets UP-TO-DATE
> Task :app:mergeDebugAssets
> Task :app:checkDebugDuplicateClasses UP-TO-DATE
> Task :app:desugarDebugFileDependencies UP-TO-DATE
> Task :app:compressDebugAssets
> Task :app:compileDebugKotlin
> Task :app:mergeExtDexDebug UP-TO-DATE
> Task :app:compileDebugJavaWithJavac
> Task :app:processDebugJavaRes UP-TO-DATE
> Task :app:mergeDebugJavaResource UP-TO-DATE
> Task :app:mergeLibDexDebug UP-TO-DATE
> Task :app:checkDebugAarMetadata UP-TO-DATE
> Task :app:mapDebugSourceSetPaths UP-TO-DATE
> Task :app:compileDebugNavigationResources UP-TO-DATE
> Task :app:mergeDebugResources UP-TO-DATE
> Task :app:createDebugCompatibleScreenManifests
> Task :app:extractDeepLinksDebug UP-TO-DATE
> Task :app:processDebugMainManifest
> Task :app:processDebugManifest

> Task :app:configureCMakeDebug[arm64-v8a]
[CXX5304] Observed package id 'ndk;28.2.13676358' in inconsistent location '/Users/bytedance/Library/Android/sdk/ndk/28.2.13672827' (Expected '/Users/bytedance/Library/Android/sdk/ndk/28.2.13676358')
[CXX5304] Observed package id 'ndk;28.2.13676358' in inconsistent location '/Users/bytedance/Library/Android/sdk/ndk/28.2.13672827' (Expected '/Users/bytedance/Library/Android/sdk/ndk/28.2.13676358')
C/C++: vcpkg_android.cmake: VCPKG_TARGET_TRIPLET was set to arm64-android
C/C++: vcpkg_android.cmake: CMAKE_TOOLCHAIN_FILE was set to /Users/bytedance/workspace/cemu_android/dependencies/vcpkg/scripts/buildsystems/vcpkg.cmake
C/C++: vcpkg_android.cmake: VCPKG_CHAINLOAD_TOOLCHAIN_FILE was set to /Users/bytedance/Library/Android/sdk/ndk/29.0.14206865/build/cmake/android.toolchain.cmake

> Task :app:processDebugManifestForPackage

> Task :app:configureCMakeDebug[arm64-v8a]
C/C++: CMake Warning (deprecated) at dependencies/ih264d/CMakeLists.txt:1 (cmake_minimum_required):
C/C++:   Compatibility with CMake < 3.10 will be removed from a future version of
C/C++:   CMake.
C/C++:   Update the VERSION argument <min> value.  Or, use the <min>...<max> syntax
C/C++:   to tell CMake that the project requires at least <min> but has been updated
C/C++:   to work with policies introduced by <max> or earlier.
C/C++: This warning is for project developers.  Use -Wno-author or -Wno-deprecated
C/C++: to suppress it.
C/C++: CMake Warning (deprecated) at dependencies/xbyak_aarch64/CMakeLists.txt:1 (cmake_minimum_required):
C/C++:   Compatibility with CMake < 3.10 will be removed from a future version of
C/C++:   CMake.
C/C++:   Update the VERSION argument <min> value.  Or, use the <min>...<max> syntax
C/C++:   to tell CMake that the project requires at least <min> but has been updated
C/C++:   to work with policies introduced by <max> or earlier.
C/C++: This warning is for project developers.  Use -Wno-author or -Wno-deprecated
C/C++: to suppress it.

> Task :app:buildCMakeDebug[arm64-v8a]
C/C++: ninja: Entering directory `/Users/bytedance/workspace/cemu_android/src/android/app/.cxx/Debug/4p2o44u4/arm64-v8a'
C/C++: /Users/bytedance/workspace/cemu_android/dependencies/cubeb/subprojects/speex/resample.c:674:20: warning: comparison of integers of different signs: 'int' and 'unsigned int' [-Wsign-compare]
C/C++:   674 |          for (j=0;j<st->filt_len;j++)
C/C++:       |                   ~^~~~~~~~~~~~~
C/C++: /Users/bytedance/workspace/cemu_android/dependencies/cubeb/subprojects/speex/resample.c:946:21: warning: comparison of integers of different signs: 'int' and 'unsigned int' [-Wsign-compare]
C/C++:   946 |            for(j=0;j<ichunk;++j)
C/C++:       |                    ~^~~~~~~
C/C++: /Users/bytedance/workspace/cemu_android/dependencies/cubeb/subprojects/speex/resample.c:949:20: warning: comparison of integers of different signs: 'int' and 'unsigned int' [-Wsign-compare]
C/C++:   949 |           for(j=0;j<ichunk;++j)
C/C++:       |                   ~^~~~~~~
C/C++: /Users/bytedance/workspace/cemu_android/dependencies/cubeb/subprojects/speex/resample.c:1002:19: warning: comparison of integers of different signs: 'int' and 'unsigned int' [-Wsign-compare]
C/C++:  1002 |          for(j=0;j<ichunk;++j)
C/C++:       |                  ~^~~~~~~
C/C++: /Users/bytedance/workspace/cemu_android/dependencies/cubeb/subprojects/speex/resample.c:1009:19: warning: comparison of integers of different signs: 'int' and 'unsigned int' [-Wsign-compare]
C/C++:  1009 |          for(j=0;j<ichunk;++j)
C/C++:       |                  ~^~~~~~~
C/C++: /Users/bytedance/workspace/cemu_android/dependencies/cubeb/subprojects/speex/resample.c:1019:16: warning: comparison of integers of different signs: 'int' and 'unsigned int' [-Wsign-compare]
C/C++:  1019 |      for (j=0;j<ochunk+omagic;++j)
C/C++:       |               ~^~~~~~~~~~~~~~
C/C++: 6 warnings generated.
C/C++: /Users/bytedance/workspace/cemu_android/dependencies/xbyak_aarch64/src/util_impl.cpp:141:26: warning: cast from 'const char *' to 'char *' drops const qualifier [-Wcast-qual]
C/C++:   141 |   implementer_ = (char *)implementers[lastId - 1].implementer;
C/C++:       |                          ^
C/C++: 1 warning generated.
C/C++: /Users/bytedance/workspace/cemu_android/dependencies/libadrenotools/lib/linkernsbypass/android_linker_ns.cpp:68:5: warning: missing field 'reserved_addr' initializer [-Wmissing-designated-field-initializers]
C/C++:    68 |     };
C/C++:       |     ^
C/C++: /Users/bytedance/workspace/cemu_android/dependencies/libadrenotools/lib/linkernsbypass/android_linker_ns.cpp:116:5: warning: missing field 'reserved_addr' initializer [-Wmissing-designated-field-initializers]
C/C++:   116 |     };
C/C++:       |     ^
C/C++: /Users/bytedance/workspace/cemu_android/dependencies/libadrenotools/lib/linkernsbypass/android_linker_ns.cpp:106:5: warning: 'snprintf' will always be truncated; specified size is 3, but format string expands to at least 4 [-Wformat-truncation]
C/C++:   106 |     snprintf(sonameOverwrite.data(), sonameOverwrite.size(), "%03u", TargetId++);
C/C++:       |     ^
C/C++: 3 warnings generated.
C/C++: /Users/bytedance/workspace/cemu_android/dependencies/libadrenotools/src/driver.cpp:109:5: warning: missing field 'id' initializer [-Wmissing-designated-field-initializers]
C/C++:   109 |     };
C/C++:       |     ^
C/C++: /Users/bytedance/workspace/cemu_android/dependencies/libadrenotools/src/driver.cpp:145:5: warning: missing field 'va_len' initializer [-Wmissing-designated-field-initializers]
C/C++:   145 |     };
C/C++:       |     ^
C/C++: 2 warnings generated.
C/C++: /Users/bytedance/workspace/cemu_android/dependencies/libadrenotools/src/hook/hook_impl.cpp:151:13: warning: missing field 'reserved_addr' initializer [-Wmissing-designated-field-initializers]
C/C++:   151 |             };
C/C++:       |             ^
C/C++: /Users/bytedance/workspace/cemu_android/dependencies/libadrenotools/src/hook/hook_impl.cpp:211:9: warning: missing field 'id' initializer [-Wmissing-designated-field-initializers]
C/C++:   211 |         };
C/C++:       |         ^
C/C++: /Users/bytedance/workspace/cemu_android/dependencies/libadrenotools/src/hook/hook_impl.cpp:220:9: warning: missing field 'flags' initializer [-Wmissing-designated-field-initializers]
C/C++:   220 |         };
C/C++:       |         ^
C/C++: 3 warnings generated.
C/C++: /Users/bytedance/workspace/cemu_android/src/util/Zir/Core/IR.cpp:210:79: warning: format specifies type 'unsigned long long' but the argument has type 'LocationSymbolName' (aka 'unsigned long') [-Wformat]
C/C++:   210 |                         printf("   reg: %s sym:0x%llx\n", getRegisterName(block, itr.reg).c_str(), itr.name);
C/C++:       |                                                  ~~~~                                              ^~~~~~~~
C/C++:       |                                                  %lx
C/C++: /Users/bytedance/workspace/cemu_android/src/util/Zir/Core/IR.cpp:214:79: warning: format specifies type 'unsigned long long' but the argument has type 'LocationSymbolName' (aka 'unsigned long') [-Wformat]
C/C++:   214 |                         printf("   reg: %s sym:0x%llx\n", getRegisterName(block, itr.reg).c_str(), itr.name);
C/C++:       |                                                  ~~~~                                              ^~~~~~~~
C/C++:       |                                                  %lx
C/C++: 2 warnings generated.
C/C++: /Users/bytedance/workspace/cemu_android/src/audio/CubebInputAPI.cpp:67:47: warning: bitwise operation between different enumeration types ('(unnamed enum at /Users/bytedance/workspace/cemu_android/dependencies/cubeb/include/cubeb/cubeb.h:194:1)' and 'cubeb_channel') is deprecated [-Wdeprecated-anon-enum-enum-conversion]
C/C++:    67 |                 input_params.layout = CUBEB_LAYOUT_QUAD_LFE | CHANNEL_FRONT_CENTER;
C/C++:       |                                       ~~~~~~~~~~~~~~~~~~~~~ ^ ~~~~~~~~~~~~~~~~~~~~
C/C++: 1 warning generated.
C/C++: /Users/bytedance/workspace/cemu_android/src/Cemu/ncrypto/ncrypto.cpp:366:22: warning: 'ECDH_compute_key' is deprecated [-Wdeprecated-declarations]
C/C++:   366 |                 int sharedKeyLen = ECDH_compute_key(sharedKey, sizeof(sharedKey), ec_publicKey, ec_privKey, nullptr);
C/C++:       |                                    ^
C/C++: /Users/bytedance/workspace/cemu_android/src/android/app/.cxx/Debug/4p2o44u4/arm64-v8a/vcpkg_installed/arm64-android/include/openssl/ec.h:1315:1: note: 'ECDH_compute_key' has been explicitly marked deprecated here
C/C++:  1315 | OSSL_DEPRECATEDIN_3_0 int ECDH_compute_key(void *out, size_t outlen,
C/C++:       | ^
C/C++: /Users/bytedance/workspace/cemu_android/src/android/app/.cxx/Debug/4p2o44u4/arm64-v8a/vcpkg_installed/arm64-android/include/openssl/macros.h:217:49: note: expanded from macro 'OSSL_DEPRECATEDIN_3_0'
C/C++:   217 | #   define OSSL_DEPRECATEDIN_3_0                OSSL_DEPRECATED(3.0)
C/C++:       |                                                 ^
C/C++: /Users/bytedance/workspace/cemu_android/src/android/app/.cxx/Debug/4p2o44u4/arm64-v8a/vcpkg_installed/arm64-android/include/openssl/macros.h:62:52: note: expanded from macro 'OSSL_DEPRECATED'
C/C++:    62 | #     define OSSL_DEPRECATED(since) __attribute__((deprecated))
C/C++:       |                                                    ^
C/C++: /Users/bytedance/workspace/cemu_android/src/Cemu/ncrypto/ncrypto.cpp:368:3: warning: 'EC_KEY_free' is deprecated [-Wdeprecated-declarations]
C/C++:   368 |                 EC_KEY_free(ec_privKey);
C/C++:       |                 ^
C/C++: /Users/bytedance/workspace/cemu_android/src/android/app/.cxx/Debug/4p2o44u4/arm64-v8a/vcpkg_installed/arm64-android/include/openssl/ec.h:1022:1: note: 'EC_KEY_free' has been explicitly marked deprecated here
C/C++:  1022 | OSSL_DEPRECATEDIN_3_0 void EC_KEY_free(EC_KEY *key);
C/C++:       | ^
C/C++: /Users/bytedance/workspace/cemu_android/src/android/app/.cxx/Debug/4p2o44u4/arm64-v8a/vcpkg_installed/arm64-android/include/openssl/macros.h:217:49: note: expanded from macro 'OSSL_DEPRECATEDIN_3_0'
C/C++:   217 | #   define OSSL_DEPRECATEDIN_3_0                OSSL_DEPRECATED(3.0)
C/C++:       |                                                 ^
C/C++: /Users/bytedance/workspace/cemu_android/src/android/app/.cxx/Debug/4p2o44u4/arm64-v8a/vcpkg_installed/arm64-android/include/openssl/macros.h:62:52: note: expanded from macro 'OSSL_DEPRECATED'
C/C++:    62 | #     define OSSL_DEPRECATED(since) __attribute__((deprecated))
C/C++:       |                                                    ^
C/C++: /Users/bytedance/workspace/cemu_android/src/Cemu/ncrypto/ncrypto.cpp:487:29: warning: 'EC_KEY_get0_private_key' is deprecated [-Wdeprecated-declarations]
C/C++:   487 |                 const BIGNUM* bnPrivKey = EC_KEY_get0_private_key(key);
C/C++:       |                                           ^
C/C++: /Users/bytedance/workspace/cemu_android/src/android/app/.cxx/Debug/4p2o44u4/arm64-v8a/vcpkg_installed/arm64-android/include/openssl/ec.h:1067:1: note: 'EC_KEY_get0_private_key' has been explicitly marked deprecated here
C/C++:  1067 | OSSL_DEPRECATEDIN_3_0 const BIGNUM *EC_KEY_get0_private_key(const EC_KEY *key);
C/C++:       | ^
C/C++: /Users/bytedance/workspace/cemu_android/src/android/app/.cxx/Debug/4p2o44u4/arm64-v8a/vcpkg_installed/arm64-android/include/openssl/macros.h:217:49: note: expanded from macro 'OSSL_DEPRECATEDIN_3_0'
C/C++:   217 | #   define OSSL_DEPRECATEDIN_3_0                OSSL_DEPRECATED(3.0)
C/C++:       |                                                 ^
C/C++: /Users/bytedance/workspace/cemu_android/src/android/app/.cxx/Debug/4p2o44u4/arm64-v8a/vcpkg_installed/arm64-android/include/openssl/macros.h:62:52: note: expanded from macro 'OSSL_DEPRECATED'
C/C++:    62 | #     define OSSL_DEPRECATED(since) __attribute__((deprecated))
C/C++:       |                                                    ^
C/C++: /Users/bytedance/workspace/cemu_android/src/Cemu/ncrypto/ncrypto.cpp:496:24: warning: 'EC_KEY_new_by_curve_name' is deprecated [-Wdeprecated-declarations]
C/C++:   496 |                 EC_KEY* ec_privKey = EC_KEY_new_by_curve_name(NID_sect233r1);
C/C++:       |                                      ^
C/C++: /Users/bytedance/workspace/cemu_android/src/android/app/.cxx/Debug/4p2o44u4/arm64-v8a/vcpkg_installed/arm64-android/include/openssl/ec.h:1017:1: note: 'EC_KEY_new_by_curve_name' has been explicitly marked deprecated here
C/C++:  1017 | OSSL_DEPRECATEDIN_3_0 EC_KEY *EC_KEY_new_by_curve_name(int nid);
C/C++:       | ^
C/C++: /Users/bytedance/workspace/cemu_android/src/android/app/.cxx/Debug/4p2o44u4/arm64-v8a/vcpkg_installed/arm64-android/include/openssl/macros.h:217:49: note: expanded from macro 'OSSL_DEPRECATEDIN_3_0'
C/C++:   217 | #   define OSSL_DEPRECATEDIN_3_0                OSSL_DEPRECATED(3.0)
C/C++:       |                                                 ^
C/C++: /Users/bytedance/workspace/cemu_android/src/android/app/.cxx/Debug/4p2o44u4/arm64-v8a/vcpkg_installed/arm64-android/include/openssl/macros.h:62:52: note: expanded from macro 'OSSL_DEPRECATED'
C/C++:    62 | #     define OSSL_DEPRECATED(since) __attribute__((deprecated))
C/C++:       |                                                    ^
C/C++: /Users/bytedance/workspace/cemu_android/src/Cemu/ncrypto/ncrypto.cpp:497:3: warning: 'EC_KEY_set_private_key' is deprecated [-Wdeprecated-declarations]
C/C++:   497 |                 EC_KEY_set_private_key(ec_privKey, bn_privKey);
C/C++:       |                 ^
C/C++: /Users/bytedance/workspace/cemu_android/src/android/app/.cxx/Debug/4p2o44u4/arm64-v8a/vcpkg_installed/arm64-android/include/openssl/ec.h:1075:1: note: 'EC_KEY_set_private_key' has been explicitly marked deprecated here
C/C++:  1075 | OSSL_DEPRECATEDIN_3_0 int EC_KEY_set_private_key(EC_KEY *key, const BIGNUM *prv);
C/C++:       | ^
C/C++: /Users/bytedance/workspace/cemu_android/src/android/app/.cxx/Debug/4p2o44u4/arm64-v8a/vcpkg_installed/arm64-android/include/openssl/macros.h:217:49: note: expanded from macro 'OSSL_DEPRECATEDIN_3_0'
C/C++:   217 | #   define OSSL_DEPRECATEDIN_3_0                OSSL_DEPRECATED(3.0)
C/C++:       |                                                 ^
C/C++: /Users/bytedance/workspace/cemu_android/src/android/app/.cxx/Debug/4p2o44u4/arm64-v8a/vcpkg_installed/arm64-android/include/openssl/macros.h:62:52: note: expanded from macro 'OSSL_DEPRECATED'
C/C++:    62 | #     define OSSL_DEPRECATED(since) __attribute__((deprecated))
C/C++:       |                                                    ^
C/C++: /Users/bytedance/workspace/cemu_android/src/Cemu/ncrypto/ncrypto.cpp:518:23: warning: 'EC_KEY_new_by_curve_name' is deprecated [-Wdeprecated-declarations]
C/C++:   518 |                 EC_KEY* ec_pubKey = EC_KEY_new_by_curve_name(NID_sect233r1);
C/C++:       |                                     ^
C/C++: /Users/bytedance/workspace/cemu_android/src/android/app/.cxx/Debug/4p2o44u4/arm64-v8a/vcpkg_installed/arm64-android/include/openssl/ec.h:1017:1: note: 'EC_KEY_new_by_curve_name' has been explicitly marked deprecated here
C/C++:  1017 | OSSL_DEPRECATEDIN_3_0 EC_KEY *EC_KEY_new_by_curve_name(int nid);
C/C++:       | ^
C/C++: /Users/bytedance/workspace/cemu_android/src/android/app/.cxx/Debug/4p2o44u4/arm64-v8a/vcpkg_installed/arm64-android/include/openssl/macros.h:217:49: note: expanded from macro 'OSSL_DEPRECATEDIN_3_0'
C/C++:   217 | #   define OSSL_DEPRECATEDIN_3_0                OSSL_DEPRECATED(3.0)
C/C++:       |                                                 ^
C/C++: /Users/bytedance/workspace/cemu_android/src/android/app/.cxx/Debug/4p2o44u4/arm64-v8a/vcpkg_installed/arm64-android/include/openssl/macros.h:62:52: note: expanded from macro 'OSSL_DEPRECATED'
C/C++:    62 | #     define OSSL_DEPRECATED(since) __attribute__((deprecated))
C/C++:       |                                                    ^
C/C++: /Users/bytedance/workspace/cemu_android/src/Cemu/ncrypto/ncrypto.cpp:519:11: warning: 'EC_KEY_set_public_key_affine_coordinates' is deprecated [-Wdeprecated-declarations]
C/C++:   519 |                 int r = EC_KEY_set_public_key_affine_coordinates(ec_pubKey, bn_x, bn_y);
C/C++:       |                         ^
C/C++: /Users/bytedance/workspace/cemu_android/src/android/app/.cxx/Debug/4p2o44u4/arm64-v8a/vcpkg_installed/arm64-android/include/openssl/ec.h:1141:1: note: 'EC_KEY_set_public_key_affine_coordinates' has been explicitly marked deprecated here
C/C++:  1141 | OSSL_DEPRECATEDIN_3_0 int EC_KEY_set_public_key_affine_coordinates(EC_KEY *key,
C/C++:       | ^
C/C++: /Users/bytedance/workspace/cemu_android/src/android/app/.cxx/Debug/4p2o44u4/arm64-v8a/vcpkg_installed/arm64-android/include/openssl/macros.h:217:49: note: expanded from macro 'OSSL_DEPRECATEDIN_3_0'
C/C++:   217 | #   define OSSL_DEPRECATEDIN_3_0                OSSL_DEPRECATED(3.0)
C/C++:       |                                                 ^
C/C++: /Users/bytedance/workspace/cemu_android/src/android/app/.cxx/Debug/4p2o44u4/arm64-v8a/vcpkg_installed/arm64-android/include/openssl/macros.h:62:52: note: expanded from macro 'OSSL_DEPRECATED'
C/C++:    62 | #     define OSSL_DEPRECATED(since) __attribute__((deprecated))
C/C++:       |                                                    ^
C/C++: /Users/bytedance/workspace/cemu_android/src/Cemu/ncrypto/ncrypto.cpp:626:11: warning: 'ECDSA_do_verify' is deprecated [-Wdeprecated-declarations]
C/C++:   626 |                 int r = ECDSA_do_verify(hash, sizeof(hash), ecSig, ecPubKey);
C/C++:       |                         ^
C/C++: /Users/bytedance/workspace/cemu_android/src/android/app/.cxx/Debug/4p2o44u4/arm64-v8a/vcpkg_installed/arm64-android/include/openssl/ec.h:1410:1: note: 'ECDSA_do_verify' has been explicitly marked deprecated here
C/C++:  1410 | OSSL_DEPRECATEDIN_3_0 int ECDSA_do_verify(const unsigned char *dgst, int dgst_len,
C/C++:       | ^
C/C++: /Users/bytedance/workspace/cemu_android/src/android/app/.cxx/Debug/4p2o44u4/arm64-v8a/vcpkg_installed/arm64-android/include/openssl/macros.h:217:49: note: expanded from macro 'OSSL_DEPRECATEDIN_3_0'
C/C++:   217 | #   define OSSL_DEPRECATEDIN_3_0                OSSL_DEPRECATED(3.0)
C/C++:       |                                                 ^
C/C++: /Users/bytedance/workspace/cemu_android/src/android/app/.cxx/Debug/4p2o44u4/arm64-v8a/vcpkg_installed/arm64-android/include/openssl/macros.h:62:52: note: expanded from macro 'OSSL_DEPRECATED'
C/C++:    62 | #     define OSSL_DEPRECATED(since) __attribute__((deprecated))
C/C++:       |                                                    ^
C/C++: /Users/bytedance/workspace/cemu_android/src/Cemu/ncrypto/ncrypto.cpp:629:3: warning: 'EC_KEY_free' is deprecated [-Wdeprecated-declarations]
C/C++:   629 |                 EC_KEY_free(ecPubKey);
C/C++:       |                 ^
C/C++: /Users/bytedance/workspace/cemu_android/src/android/app/.cxx/Debug/4p2o44u4/arm64-v8a/vcpkg_installed/arm64-android/include/openssl/ec.h:1022:1: note: 'EC_KEY_free' has been explicitly marked deprecated here
C/C++:  1022 | OSSL_DEPRECATEDIN_3_0 void EC_KEY_free(EC_KEY *key);
C/C++:       | ^
C/C++: /Users/bytedance/workspace/cemu_android/src/android/app/.cxx/Debug/4p2o44u4/arm64-v8a/vcpkg_installed/arm64-android/include/openssl/macros.h:217:49: note: expanded from macro 'OSSL_DEPRECATEDIN_3_0'
C/C++:   217 | #   define OSSL_DEPRECATEDIN_3_0                OSSL_DEPRECATED(3.0)
C/C++:       |                                                 ^
C/C++: /Users/bytedance/workspace/cemu_android/src/android/app/.cxx/Debug/4p2o44u4/arm64-v8a/vcpkg_installed/arm64-android/include/openssl/macros.h:62:52: note: expanded from macro 'OSSL_DEPRECATED'
C/C++:    62 | #     define OSSL_DEPRECATED(since) __attribute__((deprecated))
C/C++:       |                                                    ^
C/C++: /Users/bytedance/workspace/cemu_android/src/Cemu/ncrypto/ncrypto.cpp:641:20: warning: 'ECDSA_do_sign' is deprecated [-Wdeprecated-declarations]
C/C++:   641 |                 ECDSA_SIG* sig = ECDSA_do_sign(hash, sizeof(hash), ec_privKey);
C/C++:       |                                  ^
C/C++: /Users/bytedance/workspace/cemu_android/src/android/app/.cxx/Debug/4p2o44u4/arm64-v8a/vcpkg_installed/arm64-android/include/openssl/ec.h:1384:1: note: 'ECDSA_do_sign' has been explicitly marked deprecated here
C/C++:  1384 | OSSL_DEPRECATEDIN_3_0 ECDSA_SIG *ECDSA_do_sign(const unsigned char *dgst,
C/C++:       | ^
C/C++: /Users/bytedance/workspace/cemu_android/src/android/app/.cxx/Debug/4p2o44u4/arm64-v8a/vcpkg_installed/arm64-android/include/openssl/macros.h:217:49: note: expanded from macro 'OSSL_DEPRECATEDIN_3_0'
C/C++:   217 | #   define OSSL_DEPRECATEDIN_3_0                OSSL_DEPRECATED(3.0)
C/C++:       |                                                 ^
C/C++: /Users/bytedance/workspace/cemu_android/src/android/app/.cxx/Debug/4p2o44u4/arm64-v8a/vcpkg_installed/arm64-android/include/openssl/macros.h:62:52: note: expanded from macro 'OSSL_DEPRECATED'
C/C++:    62 | #     define OSSL_DEPRECATED(since) __attribute__((deprecated))
C/C++:       |                                                    ^
C/C++: /Users/bytedance/workspace/cemu_android/src/Cemu/ncrypto/ncrypto.cpp:642:3: warning: 'EC_KEY_free' is deprecated [-Wdeprecated-declarations]
C/C++:   642 |                 EC_KEY_free(ec_privKey);
C/C++:       |                 ^
C/C++: /Users/bytedance/workspace/cemu_android/src/android/app/.cxx/Debug/4p2o44u4/arm64-v8a/vcpkg_installed/arm64-android/include/openssl/ec.h:1022:1: note: 'EC_KEY_free' has been explicitly marked deprecated here
C/C++:  1022 | OSSL_DEPRECATEDIN_3_0 void EC_KEY_free(EC_KEY *key);
C/C++:       | ^
C/C++: /Users/bytedance/workspace/cemu_android/src/android/app/.cxx/Debug/4p2o44u4/arm64-v8a/vcpkg_installed/arm64-android/include/openssl/macros.h:217:49: note: expanded from macro 'OSSL_DEPRECATEDIN_3_0'
C/C++:   217 | #   define OSSL_DEPRECATEDIN_3_0                OSSL_DEPRECATED(3.0)
C/C++:       |                                                 ^
C/C++: /Users/bytedance/workspace/cemu_android/src/android/app/.cxx/Debug/4p2o44u4/arm64-v8a/vcpkg_installed/arm64-android/include/openssl/macros.h:62:52: note: expanded from macro 'OSSL_DEPRECATED'
C/C++:    62 | #     define OSSL_DEPRECATED(since) __attribute__((deprecated))
C/C++:       |                                                    ^
C/C++: /Users/bytedance/workspace/cemu_android/src/Cemu/ncrypto/ncrypto.cpp:691:24: warning: 'EC_KEY_new_by_curve_name' is deprecated [-Wdeprecated-declarations]
C/C++:   691 |                 EC_KEY* ec_keyPair = EC_KEY_new_by_curve_name(NID_sect233r1);
C/C++:       |                                      ^
C/C++: /Users/bytedance/workspace/cemu_android/src/android/app/.cxx/Debug/4p2o44u4/arm64-v8a/vcpkg_installed/arm64-android/include/openssl/ec.h:1017:1: note: 'EC_KEY_new_by_curve_name' has been explicitly marked deprecated here
C/C++:  1017 | OSSL_DEPRECATEDIN_3_0 EC_KEY *EC_KEY_new_by_curve_name(int nid);
C/C++:       | ^
C/C++: /Users/bytedance/workspace/cemu_android/src/android/app/.cxx/Debug/4p2o44u4/arm64-v8a/vcpkg_installed/arm64-android/include/openssl/macros.h:217:49: note: expanded from macro 'OSSL_DEPRECATEDIN_3_0'
C/C++:   217 | #   define OSSL_DEPRECATEDIN_3_0                OSSL_DEPRECATED(3.0)
C/C++:       |                                                 ^
C/C++: /Users/bytedance/workspace/cemu_android/src/android/app/.cxx/Debug/4p2o44u4/arm64-v8a/vcpkg_installed/arm64-android/include/openssl/macros.h:62:52: note: expanded from macro 'OSSL_DEPRECATED'
C/C++:    62 | #     define OSSL_DEPRECATED(since) __attribute__((deprecated))
C/C++:       |                                                    ^
C/C++: /Users/bytedance/workspace/cemu_android/src/Cemu/ncrypto/ncrypto.cpp:692:3: warning: 'EC_KEY_generate_key' is deprecated [-Wdeprecated-declarations]
C/C++:   692 |                 EC_KEY_generate_key(ec_keyPair);
C/C++:       |                 ^
C/C++: /Users/bytedance/workspace/cemu_android/src/android/app/.cxx/Debug/4p2o44u4/arm64-v8a/vcpkg_installed/arm64-android/include/openssl/ec.h:1120:1: note: 'EC_KEY_generate_key' has been explicitly marked deprecated here
C/C++:  1120 | OSSL_DEPRECATEDIN_3_0 int EC_KEY_generate_key(EC_KEY *key);
C/C++:       | ^
C/C++: /Users/bytedance/workspace/cemu_android/src/android/app/.cxx/Debug/4p2o44u4/arm64-v8a/vcpkg_installed/arm64-android/include/openssl/macros.h:217:49: note: expanded from macro 'OSSL_DEPRECATEDIN_3_0'
C/C++:   217 | #   define OSSL_DEPRECATEDIN_3_0                OSSL_DEPRECATED(3.0)
C/C++:       |                                                 ^
C/C++: /Users/bytedance/workspace/cemu_android/src/android/app/.cxx/Debug/4p2o44u4/arm64-v8a/vcpkg_installed/arm64-android/include/openssl/macros.h:62:52: note: expanded from macro 'OSSL_DEPRECATED'
C/C++:    62 | #     define OSSL_DEPRECATED(since) __attribute__((deprecated))
C/C++:       |                                                    ^
C/C++: /Users/bytedance/workspace/cemu_android/src/Cemu/ncrypto/ncrypto.cpp:697:3: warning: 'EC_KEY_free' is deprecated [-Wdeprecated-declarations]
C/C++:   697 |                 EC_KEY_free(ec_keyPair);
C/C++:       |                 ^
C/C++: /Users/bytedance/workspace/cemu_android/src/android/app/.cxx/Debug/4p2o44u4/arm64-v8a/vcpkg_installed/arm64-android/include/openssl/ec.h:1022:1: note: 'EC_KEY_free' has been explicitly marked deprecated here
C/C++:  1022 | OSSL_DEPRECATEDIN_3_0 void EC_KEY_free(EC_KEY *key);
C/C++:       | ^
C/C++: /Users/bytedance/workspace/cemu_android/src/android/app/.cxx/Debug/4p2o44u4/arm64-v8a/vcpkg_installed/arm64-android/include/openssl/macros.h:217:49: note: expanded from macro 'OSSL_DEPRECATEDIN_3_0'
C/C++:   217 | #   define OSSL_DEPRECATEDIN_3_0                OSSL_DEPRECATED(3.0)
C/C++:       |                                                 ^
C/C++: /Users/bytedance/workspace/cemu_android/src/android/app/.cxx/Debug/4p2o44u4/arm64-v8a/vcpkg_installed/arm64-android/include/openssl/macros.h:62:52: note: expanded from macro 'OSSL_DEPRECATED'
C/C++:    62 | #     define OSSL_DEPRECATED(since) __attribute__((deprecated))
C/C++:       |                                                    ^
C/C++: /Users/bytedance/workspace/cemu_android/src/Cemu/ncrypto/ncrypto.cpp:707:20: warning: 'ECDSA_do_sign' is deprecated [-Wdeprecated-declarations]
C/C++:   707 |                 ECDSA_SIG* sig = ECDSA_do_sign(hash, hashLen, ec_privKey);
C/C++:       |                                  ^
C/C++: /Users/bytedance/workspace/cemu_android/src/android/app/.cxx/Debug/4p2o44u4/arm64-v8a/vcpkg_installed/arm64-android/include/openssl/ec.h:1384:1: note: 'ECDSA_do_sign' has been explicitly marked deprecated here
C/C++:  1384 | OSSL_DEPRECATEDIN_3_0 ECDSA_SIG *ECDSA_do_sign(const unsigned char *dgst,
C/C++:       | ^
C/C++: /Users/bytedance/workspace/cemu_android/src/android/app/.cxx/Debug/4p2o44u4/arm64-v8a/vcpkg_installed/arm64-android/include/openssl/macros.h:217:49: note: expanded from macro 'OSSL_DEPRECATEDIN_3_0'
C/C++:   217 | #   define OSSL_DEPRECATEDIN_3_0                OSSL_DEPRECATED(3.0)
C/C++:       |                                                 ^
C/C++: /Users/bytedance/workspace/cemu_android/src/android/app/.cxx/Debug/4p2o44u4/arm64-v8a/vcpkg_installed/arm64-android/include/openssl/macros.h:62:52: note: expanded from macro 'OSSL_DEPRECATED'
C/C++:    62 | #     define OSSL_DEPRECATED(since) __attribute__((deprecated))
C/C++:       |                                                    ^
C/C++: /Users/bytedance/workspace/cemu_android/src/Cemu/ncrypto/ncrypto.cpp:708:3: warning: 'EC_KEY_free' is deprecated [-Wdeprecated-declarations]
C/C++:   708 |                 EC_KEY_free(ec_privKey);
C/C++:       |                 ^
C/C++: /Users/bytedance/workspace/cemu_android/src/android/app/.cxx/Debug/4p2o44u4/arm64-v8a/vcpkg_installed/arm64-android/include/openssl/ec.h:1022:1: note: 'EC_KEY_free' has been explicitly marked deprecated here
C/C++:  1022 | OSSL_DEPRECATEDIN_3_0 void EC_KEY_free(EC_KEY *key);
C/C++:       | ^
C/C++: /Users/bytedance/workspace/cemu_android/src/android/app/.cxx/Debug/4p2o44u4/arm64-v8a/vcpkg_installed/arm64-android/include/openssl/macros.h:217:49: note: expanded from macro 'OSSL_DEPRECATEDIN_3_0'
C/C++:   217 | #   define OSSL_DEPRECATEDIN_3_0                OSSL_DEPRECATED(3.0)
C/C++:       |                                                 ^
C/C++: /Users/bytedance/workspace/cemu_android/src/android/app/.cxx/Debug/4p2o44u4/arm64-v8a/vcpkg_installed/arm64-android/include/openssl/macros.h:62:52: note: expanded from macro 'OSSL_DEPRECATED'
C/C++:    62 | #     define OSSL_DEPRECATED(since) __attribute__((deprecated))
C/C++:       |                                                    ^
C/C++: /Users/bytedance/workspace/cemu_android/src/Cemu/ncrypto/ncrypto.cpp:712:18: warning: 'ECDSA_do_verify' is deprecated [-Wdeprecated-declarations]
C/C++:   712 |                 bool isValid = ECDSA_do_verify(hash, hashLen, sig, ec_pubKey) == 1;
C/C++:       |                                ^
C/C++: /Users/bytedance/workspace/cemu_android/src/android/app/.cxx/Debug/4p2o44u4/arm64-v8a/vcpkg_installed/arm64-android/include/openssl/ec.h:1410:1: note: 'ECDSA_do_verify' has been explicitly marked deprecated here
C/C++:  1410 | OSSL_DEPRECATEDIN_3_0 int ECDSA_do_verify(const unsigned char *dgst, int dgst_len,
C/C++:       | ^
C/C++: /Users/bytedance/workspace/cemu_android/src/android/app/.cxx/Debug/4p2o44u4/arm64-v8a/vcpkg_installed/arm64-android/include/openssl/macros.h:217:49: note: expanded from macro 'OSSL_DEPRECATEDIN_3_0'
C/C++:   217 | #   define OSSL_DEPRECATEDIN_3_0                OSSL_DEPRECATED(3.0)
C/C++:       |                                                 ^
C/C++: /Users/bytedance/workspace/cemu_android/src/android/app/.cxx/Debug/4p2o44u4/arm64-v8a/vcpkg_installed/arm64-android/include/openssl/macros.h:62:52: note: expanded from macro 'OSSL_DEPRECATED'
C/C++:    62 | #     define OSSL_DEPRECATED(since) __attribute__((deprecated))
C/C++:       |                                                    ^
C/C++: /Users/bytedance/workspace/cemu_android/src/Cemu/ncrypto/ncrypto.cpp:713:3: warning: 'EC_KEY_free' is deprecated [-Wdeprecated-declarations]
C/C++:   713 |                 EC_KEY_free(ec_pubKey);
C/C++:       |                 ^
C/C++: /Users/bytedance/workspace/cemu_android/src/android/app/.cxx/Debug/4p2o44u4/arm64-v8a/vcpkg_installed/arm64-android/include/openssl/ec.h:1022:1: note: 'EC_KEY_free' has been explicitly marked deprecated here
C/C++:  1022 | OSSL_DEPRECATEDIN_3_0 void EC_KEY_free(EC_KEY *key);
C/C++:       | ^
C/C++: /Users/bytedance/workspace/cemu_android/src/android/app/.cxx/Debug/4p2o44u4/arm64-v8a/vcpkg_installed/arm64-android/include/openssl/macros.h:217:49: note: expanded from macro 'OSSL_DEPRECATEDIN_3_0'
C/C++:   217 | #   define OSSL_DEPRECATEDIN_3_0                OSSL_DEPRECATED(3.0)
C/C++:       |                                                 ^
C/C++: /Users/bytedance/workspace/cemu_android/src/android/app/.cxx/Debug/4p2o44u4/arm64-v8a/vcpkg_installed/arm64-android/include/openssl/macros.h:62:52: note: expanded from macro 'OSSL_DEPRECATED'
C/C++:    62 | #     define OSSL_DEPRECATED(since) __attribute__((deprecated))
C/C++:       |                                                    ^
C/C++: /Users/bytedance/workspace/cemu_android/src/Cemu/ncrypto/ncrypto.cpp:734:12: warning: 'ECDSA_do_verify' is deprecated [-Wdeprecated-declarations]
C/C++:   734 |                 bool r = ECDSA_do_verify(hash, hashLen, ecdsa_sig, ec_pubKey) == 1;
C/C++:       |                          ^
C/C++: /Users/bytedance/workspace/cemu_android/src/android/app/.cxx/Debug/4p2o44u4/arm64-v8a/vcpkg_installed/arm64-android/include/openssl/ec.h:1410:1: note: 'ECDSA_do_verify' has been explicitly marked deprecated here
C/C++:  1410 | OSSL_DEPRECATEDIN_3_0 int ECDSA_do_verify(const unsigned char *dgst, int dgst_len,
C/C++:       | ^
C/C++: /Users/bytedance/workspace/cemu_android/src/android/app/.cxx/Debug/4p2o44u4/arm64-v8a/vcpkg_installed/arm64-android/include/openssl/macros.h:217:49: note: expanded from macro 'OSSL_DEPRECATEDIN_3_0'
C/C++:   217 | #   define OSSL_DEPRECATEDIN_3_0                OSSL_DEPRECATED(3.0)
C/C++:       |                                                 ^
C/C++: /Users/bytedance/workspace/cemu_android/src/android/app/.cxx/Debug/4p2o44u4/arm64-v8a/vcpkg_installed/arm64-android/include/openssl/macros.h:62:52: note: expanded from macro 'OSSL_DEPRECATED'
C/C++:    62 | #     define OSSL_DEPRECATED(since) __attribute__((deprecated))
C/C++:       |                                                    ^
C/C++: /Users/bytedance/workspace/cemu_android/src/Cemu/ncrypto/ncrypto.cpp:736:3: warning: 'EC_KEY_free' is deprecated [-Wdeprecated-declarations]
C/C++:   736 |                 EC_KEY_free(ec_pubKey);
C/C++:       |                 ^
C/C++: /Users/bytedance/workspace/cemu_android/src/android/app/.cxx/Debug/4p2o44u4/arm64-v8a/vcpkg_installed/arm64-android/include/openssl/ec.h:1022:1: note: 'EC_KEY_free' has been explicitly marked deprecated here
C/C++:  1022 | OSSL_DEPRECATEDIN_3_0 void EC_KEY_free(EC_KEY *key);
C/C++:       | ^
C/C++: /Users/bytedance/workspace/cemu_android/src/android/app/.cxx/Debug/4p2o44u4/arm64-v8a/vcpkg_installed/arm64-android/include/openssl/macros.h:217:49: note: expanded from macro 'OSSL_DEPRECATEDIN_3_0'
C/C++:   217 | #   define OSSL_DEPRECATEDIN_3_0                OSSL_DEPRECATED(3.0)
C/C++:       |                                                 ^
C/C++: /Users/bytedance/workspace/cemu_android/src/android/app/.cxx/Debug/4p2o44u4/arm64-v8a/vcpkg_installed/arm64-android/include/openssl/macros.h:62:52: note: expanded from macro 'OSSL_DEPRECATED'
C/C++:    62 | #     define OSSL_DEPRECATED(since) __attribute__((deprecated))
C/C++:       |                                                    ^
C/C++: 20 warnings generated.
C/C++: In file included from /Users/bytedance/workspace/cemu_android/src/Cafe/HW/Espresso/Debugger/GDBBreakpoints.cpp:3:
C/C++: In file included from /Users/bytedance/workspace/cemu_android/src/Cafe/../Cafe/HW/Espresso/Recompiler/PPCRecompiler.h:27:
C/C++: /Users/bytedance/workspace/cemu_android/src/Cafe/../Cafe/HW/Espresso/Recompiler/IML/IMLInstruction.h:761:21: warning: implicit conversion from 'int' to 'uint8' (aka 'unsigned char') changes value from -999 to 25 [-Wconstant-conversion]
C/C++:   761 |                 this->operation = -999;
C/C++:       |                                 ~ ^~~~
C/C++: /Users/bytedance/workspace/cemu_android/src/Cafe/../Cafe/HW/Espresso/Recompiler/IML/IMLInstruction.h:810:21: warning: implicit conversion from 'int' to 'uint8' (aka 'unsigned char') changes value from -999 to 25 [-Wconstant-conversion]
C/C++:   810 |                 this->operation = -999;
C/C++:       |                                 ~ ^~~~
C/C++: 2 warnings generated.
C/C++: In file included from /Users/bytedance/workspace/cemu_android/src/Cafe/HW/Espresso/PPCScheduler.cpp:7:
C/C++: In file included from /Users/bytedance/workspace/cemu_android/src/Cafe/../Cafe/HW/Espresso/Recompiler/PPCRecompiler.h:27:
C/C++: /Users/bytedance/workspace/cemu_android/src/Cafe/../Cafe/HW/Espresso/Recompiler/IML/IMLInstruction.h:761:21: warning: implicit conversion from 'int' to 'uint8' (aka 'unsigned char') changes value from -999 to 25 [-Wconstant-conversion]
C/C++:   761 |                 this->operation = -999;
C/C++:       |                                 ~ ^~~~
C/C++: /Users/bytedance/workspace/cemu_android/src/Cafe/../Cafe/HW/Espresso/Recompiler/IML/IMLInstruction.h:810:21: warning: implicit conversion from 'int' to 'uint8' (aka 'unsigned char') changes value from -999 to 25 [-Wconstant-conversion]
C/C++:   810 |                 this->operation = -999;
C/C++:       |                                 ~ ^~~~
C/C++: 2 warnings generated.
C/C++: In file included from /Users/bytedance/workspace/cemu_android/src/Cafe/HW/Espresso/Debugger/Debugger.cpp:6:
C/C++: In file included from /Users/bytedance/workspace/cemu_android/src/Cafe/../Cafe/HW/Espresso/Recompiler/PPCRecompiler.h:27:
C/C++: /Users/bytedance/workspace/cemu_android/src/Cafe/../Cafe/HW/Espresso/Recompiler/IML/IMLInstruction.h:761:21: warning: implicit conversion from 'int' to 'uint8' (aka 'unsigned char') changes value from -999 to 25 [-Wconstant-conversion]
C/C++:   761 |                 this->operation = -999;
C/C++:       |                                 ~ ^~~~
C/C++: /Users/bytedance/workspace/cemu_android/src/Cafe/../Cafe/HW/Espresso/Recompiler/IML/IMLInstruction.h:810:21: warning: implicit conversion from 'int' to 'uint8' (aka 'unsigned char') changes value from -999 to 25 [-Wconstant-conversion]
C/C++:   810 |                 this->operation = -999;
C/C++:       |                                 ~ ^~~~
C/C++: 2 warnings generated.
C/C++: In file included from /Users/bytedance/workspace/cemu_android/src/Cafe/HW/Espresso/Recompiler/IML/IMLInstruction.cpp:1:
C/C++: /Users/bytedance/workspace/cemu_android/src/Cafe/HW/Espresso/Recompiler/IML/IMLInstruction.h:761:21: warning: implicit conversion from 'int' to 'uint8' (aka 'unsigned char') changes value from -999 to 25 [-Wconstant-conversion]
C/C++:   761 |                 this->operation = -999;
C/C++:       |                                 ~ ^~~~
C/C++: /Users/bytedance/workspace/cemu_android/src/Cafe/HW/Espresso/Recompiler/IML/IMLInstruction.h:810:21: warning: implicit conversion from 'int' to 'uint8' (aka 'unsigned char') changes value from -999 to 25 [-Wconstant-conversion]
C/C++:   810 |                 this->operation = -999;
C/C++:       |                                 ~ ^~~~
C/C++: 2 warnings generated.
C/C++: In file included from /Users/bytedance/workspace/cemu_android/src/Cafe/HW/Espresso/Recompiler/IML/IMLSegment.cpp:1:
C/C++: /Users/bytedance/workspace/cemu_android/src/Cafe/HW/Espresso/Recompiler/IML/IMLInstruction.h:761:21: warning: implicit conversion from 'int' to 'uint8' (aka 'unsigned char') changes value from -999 to 25 [-Wconstant-conversion]
C/C++:   761 |                 this->operation = -999;
C/C++:       |                                 ~ ^~~~
C/C++: /Users/bytedance/workspace/cemu_android/src/Cafe/HW/Espresso/Recompiler/IML/IMLInstruction.h:810:21: warning: implicit conversion from 'int' to 'uint8' (aka 'unsigned char') changes value from -999 to 25 [-Wconstant-conversion]
C/C++:   810 |                 this->operation = -999;
C/C++:       |                                 ~ ^~~~
C/C++: 2 warnings generated.
C/C++: In file included from /Users/bytedance/workspace/cemu_android/src/Cafe/HW/Espresso/Recompiler/IML/IMLAnalyzer.cpp:1:
C/C++: In file included from /Users/bytedance/workspace/cemu_android/src/Cafe/HW/Espresso/Recompiler/IML/IML.h:3:
C/C++: /Users/bytedance/workspace/cemu_android/src/Cafe/HW/Espresso/Recompiler/IML/IMLInstruction.h:761:21: warning: implicit conversion from 'int' to 'uint8' (aka 'unsigned char') changes value from -999 to 25 [-Wconstant-conversion]
C/C++:   761 |                 this->operation = -999;
C/C++:       |                                 ~ ^~~~
C/C++: /Users/bytedance/workspace/cemu_android/src/Cafe/HW/Espresso/Recompiler/IML/IMLInstruction.h:810:21: warning: implicit conversion from 'int' to 'uint8' (aka 'unsigned char') changes value from -999 to 25 [-Wconstant-conversion]
C/C++:   810 |                 this->operation = -999;
C/C++:       |                                 ~ ^~~~
C/C++: 2 warnings generated.
C/C++: In file included from /Users/bytedance/workspace/cemu_android/src/Cafe/GraphicPack/GraphicPack2PatchesApply.cpp:6:
C/C++: In file included from /Users/bytedance/workspace/cemu_android/src/Cafe/../Cafe/HW/Espresso/Recompiler/PPCRecompiler.h:27:
C/C++: /Users/bytedance/workspace/cemu_android/src/Cafe/../Cafe/HW/Espresso/Recompiler/IML/IMLInstruction.h:761:21: warning: implicit conversion from 'int' to 'uint8' (aka 'unsigned char') changes value from -999 to 25 [-Wconstant-conversion]
C/C++:   761 |                 this->operation = -999;
C/C++:       |                                 ~ ^~~~
C/C++: /Users/bytedance/workspace/cemu_android/src/Cafe/../Cafe/HW/Espresso/Recompiler/IML/IMLInstruction.h:810:21: warning: implicit conversion from 'int' to 'uint8' (aka 'unsigned char') changes value from -999 to 25 [-Wconstant-conversion]
C/C++:   810 |                 this->operation = -999;
C/C++:       |                                 ~ ^~~~
C/C++: 2 warnings generated.
C/C++: In file included from /Users/bytedance/workspace/cemu_android/src/Cafe/HW/Espresso/Interpreter/PPCInterpreterOPC.cpp:7:
C/C++: In file included from /Users/bytedance/workspace/cemu_android/src/Cafe/HW/Espresso/Interpreter/../Recompiler/PPCRecompiler.h:27:
C/C++: /Users/bytedance/workspace/cemu_android/src/Cafe/../Cafe/HW/Espresso/Recompiler/IML/IMLInstruction.h:761:21: warning: implicit conversion from 'int' to 'uint8' (aka 'unsigned char') changes value from -999 to 25 [-Wconstant-conversion]
C/C++:   761 |                 this->operation = -999;
C/C++:       |                                 ~ ^~~~
C/C++: /Users/bytedance/workspace/cemu_android/src/Cafe/../Cafe/HW/Espresso/Recompiler/IML/IMLInstruction.h:810:21: warning: implicit conversion from 'int' to 'uint8' (aka 'unsigned char') changes value from -999 to 25 [-Wconstant-conversion]
C/C++:   810 |                 this->operation = -999;
C/C++:       |                                 ~ ^~~~
C/C++: 2 warnings generated.
C/C++: In file included from /Users/bytedance/workspace/cemu_android/src/Cafe/HW/Espresso/Recompiler/PPCRecompilerIntermediate.cpp:1:
C/C++: In file included from /Users/bytedance/workspace/cemu_android/src/Cafe/HW/Espresso/Recompiler/PPCRecompiler.h:27:
C/C++: /Users/bytedance/workspace/cemu_android/src/Cafe/../Cafe/HW/Espresso/Recompiler/IML/IMLInstruction.h:761:21: warning: implicit conversion from 'int' to 'uint8' (aka 'unsigned char') changes value from -999 to 25 [-Wconstant-conversion]
C/C++:   761 |                 this->operation = -999;
C/C++:       |                                 ~ ^~~~
C/C++: /Users/bytedance/workspace/cemu_android/src/Cafe/../Cafe/HW/Espresso/Recompiler/IML/IMLInstruction.h:810:21: warning: implicit conversion from 'int' to 'uint8' (aka 'unsigned char') changes value from -999 to 25 [-Wconstant-conversion]
C/C++:   810 |                 this->operation = -999;
C/C++:       |                                 ~ ^~~~
C/C++: 2 warnings generated.
C/C++: In file included from /Users/bytedance/workspace/cemu_android/src/Cafe/HW/Espresso/Recompiler/BackendX64/BackendX64AVX.cpp:1:
C/C++: In file included from /Users/bytedance/workspace/cemu_android/src/Cafe/HW/Espresso/Recompiler/BackendX64/BackendX64.h:2:
C/C++: In file included from /Users/bytedance/workspace/cemu_android/src/Cafe/HW/Espresso/Recompiler/BackendX64/../PPCRecompiler.h:27:
C/C++: /Users/bytedance/workspace/cemu_android/src/Cafe/../Cafe/HW/Espresso/Recompiler/IML/IMLInstruction.h:761:21: warning: implicit conversion from 'int' to 'uint8' (aka 'unsigned char') changes value from -999 to 25 [-Wconstant-conversion]
C/C++:   761 |                 this->operation = -999;
C/C++:       |                                 ~ ^~~~
C/C++: /Users/bytedance/workspace/cemu_android/src/Cafe/../Cafe/HW/Espresso/Recompiler/IML/IMLInstruction.h:810:21: warning: implicit conversion from 'int' to 'uint8' (aka 'unsigned char') changes value from -999 to 25 [-Wconstant-conversion]
C/C++:   810 |                 this->operation = -999;
C/C++:       |                                 ~ ^~~~
C/C++: 2 warnings generated.
C/C++: In file included from /Users/bytedance/workspace/cemu_android/src/Cafe/HW/Espresso/Recompiler/BackendX64/BackendX64BMI.cpp:1:
C/C++: In file included from /Users/bytedance/workspace/cemu_android/src/Cafe/HW/Espresso/Recompiler/BackendX64/BackendX64.h:2:
C/C++: In file included from /Users/bytedance/workspace/cemu_android/src/Cafe/HW/Espresso/Recompiler/BackendX64/../PPCRecompiler.h:27:
C/C++: /Users/bytedance/workspace/cemu_android/src/Cafe/../Cafe/HW/Espresso/Recompiler/IML/IMLInstruction.h:761:21: warning: implicit conversion from 'int' to 'uint8' (aka 'unsigned char') changes value from -999 to 25 [-Wconstant-conversion]
C/C++:   761 |                 this->operation = -999;
C/C++:       |                                 ~ ^~~~
C/C++: /Users/bytedance/workspace/cemu_android/src/Cafe/../Cafe/HW/Espresso/Recompiler/IML/IMLInstruction.h:810:21: warning: implicit conversion from 'int' to 'uint8' (aka 'unsigned char') changes value from -999 to 25 [-Wconstant-conversion]
C/C++:   810 |                 this->operation = -999;
C/C++:       |                                 ~ ^~~~
C/C++: 2 warnings generated.
C/C++: In file included from /Users/bytedance/workspace/cemu_android/src/Cafe/HW/Espresso/Recompiler/IML/IMLOptimizer.cpp:2:
C/C++: In file included from /Users/bytedance/workspace/cemu_android/src/Cafe/../Cafe/HW/Espresso/Recompiler/IML/IML.h:3:
C/C++: /Users/bytedance/workspace/cemu_android/src/Cafe/../Cafe/HW/Espresso/Recompiler/IML/IMLInstruction.h:761:21: warning: implicit conversion from 'int' to 'uint8' (aka 'unsigned char') changes value from -999 to 25 [-Wconstant-conversion]
C/C++:   761 |                 this->operation = -999;
C/C++:       |                                 ~ ^~~~
C/C++: /Users/bytedance/workspace/cemu_android/src/Cafe/../Cafe/HW/Espresso/Recompiler/IML/IMLInstruction.h:810:21: warning: implicit conversion from 'int' to 'uint8' (aka 'unsigned char') changes value from -999 to 25 [-Wconstant-conversion]
C/C++:   810 |                 this->operation = -999;
C/C++:       |                                 ~ ^~~~
C/C++: 2 warnings generated.
C/C++: In file included from /Users/bytedance/workspace/cemu_android/src/Cafe/HW/Espresso/Recompiler/IML/IMLDebug.cpp:1:
C/C++: In file included from /Users/bytedance/workspace/cemu_android/src/Cafe/HW/Espresso/Recompiler/IML/IML.h:3:
C/C++: /Users/bytedance/workspace/cemu_android/src/Cafe/HW/Espresso/Recompiler/IML/IMLInstruction.h:761:21: warning: implicit conversion from 'int' to 'uint8' (aka 'unsigned char') changes value from -999 to 25 [-Wconstant-conversion]
C/C++:   761 |                 this->operation = -999;
C/C++:       |                                 ~ ^~~~
C/C++: /Users/bytedance/workspace/cemu_android/src/Cafe/HW/Espresso/Recompiler/IML/IMLInstruction.h:810:21: warning: implicit conversion from 'int' to 'uint8' (aka 'unsigned char') changes value from -999 to 25 [-Wconstant-conversion]
C/C++:   810 |                 this->operation = -999;
C/C++:       |                                 ~ ^~~~
C/C++: 2 warnings generated.
C/C++: In file included from /Users/bytedance/workspace/cemu_android/src/Cafe/HW/Espresso/Recompiler/IML/IMLRegisterAllocatorRanges.cpp:1:
C/C++: In file included from /Users/bytedance/workspace/cemu_android/src/Cafe/HW/Espresso/Recompiler/IML/../PPCRecompiler.h:27:
C/C++: /Users/bytedance/workspace/cemu_android/src/Cafe/../Cafe/HW/Espresso/Recompiler/IML/IMLInstruction.h:761:21: warning: implicit conversion from 'int' to 'uint8' (aka 'unsigned char') changes value from -999 to 25 [-Wconstant-conversion]
C/C++:   761 |                 this->operation = -999;
C/C++:       |                                 ~ ^~~~
C/C++: /Users/bytedance/workspace/cemu_android/src/Cafe/../Cafe/HW/Espresso/Recompiler/IML/IMLInstruction.h:810:21: warning: implicit conversion from 'int' to 'uint8' (aka 'unsigned char') changes value from -999 to 25 [-Wconstant-conversion]
C/C++:   810 |                 this->operation = -999;
C/C++:       |                                 ~ ^~~~
C/C++: 2 warnings generated.
C/C++: In file included from /Users/bytedance/workspace/cemu_android/src/Cafe/HW/Espresso/Recompiler/PPCRecompilerImlGenFPU.cpp:3:
C/C++: In file included from /Users/bytedance/workspace/cemu_android/src/Cafe/HW/Espresso/Recompiler/PPCRecompiler.h:27:
C/C++: /Users/bytedance/workspace/cemu_android/src/Cafe/../Cafe/HW/Espresso/Recompiler/IML/IMLInstruction.h:761:21: warning: implicit conversion from 'int' to 'uint8' (aka 'unsigned char') changes value from -999 to 25 [-Wconstant-conversion]
C/C++:   761 |                 this->operation = -999;
C/C++:       |                                 ~ ^~~~
C/C++: /Users/bytedance/workspace/cemu_android/src/Cafe/../Cafe/HW/Espresso/Recompiler/IML/IMLInstruction.h:810:21: warning: implicit conversion from 'int' to 'uint8' (aka 'unsigned char') changes value from -999 to 25 [-Wconstant-conversion]
C/C++:   810 |                 this->operation = -999;
C/C++:       |                                 ~ ^~~~
C/C++: 2 warnings generated.
C/C++: In file included from /Users/bytedance/workspace/cemu_android/src/Cafe/HW/Espresso/Debugger/GDBStub.cpp:3:
C/C++: In file included from /Users/bytedance/workspace/cemu_android/src/Cafe/../Cafe/HW/Espresso/Recompiler/PPCRecompiler.h:27:
C/C++: /Users/bytedance/workspace/cemu_android/src/Cafe/../Cafe/HW/Espresso/Recompiler/IML/IMLInstruction.h:761:21: warning: implicit conversion from 'int' to 'uint8' (aka 'unsigned char') changes value from -999 to 25 [-Wconstant-conversion]
C/C++:   761 |                 this->operation = -999;
C/C++:       |                                 ~ ^~~~
C/C++: /Users/bytedance/workspace/cemu_android/src/Cafe/../Cafe/HW/Espresso/Recompiler/IML/IMLInstruction.h:810:21: warning: implicit conversion from 'int' to 'uint8' (aka 'unsigned char') changes value from -999 to 25 [-Wconstant-conversion]
C/C++:   810 |                 this->operation = -999;
C/C++:       |                                 ~ ^~~~
C/C++: 2 warnings generated.
C/C++: In file included from /Users/bytedance/workspace/cemu_android/src/Cafe/HW/Espresso/Recompiler/BackendX64/BackendX64FPU.cpp:1:
C/C++: In file included from /Users/bytedance/workspace/cemu_android/src/Cafe/HW/Espresso/Recompiler/BackendX64/../PPCRecompiler.h:27:
C/C++: /Users/bytedance/workspace/cemu_android/src/Cafe/../Cafe/HW/Espresso/Recompiler/IML/IMLInstruction.h:761:21: warning: implicit conversion from 'int' to 'uint8' (aka 'unsigned char') changes value from -999 to 25 [-Wconstant-conversion]
C/C++:   761 |                 this->operation = -999;
C/C++:       |                                 ~ ^~~~
C/C++: /Users/bytedance/workspace/cemu_android/src/Cafe/../Cafe/HW/Espresso/Recompiler/IML/IMLInstruction.h:810:21: warning: implicit conversion from 'int' to 'uint8' (aka 'unsigned char') changes value from -999 to 25 [-Wconstant-conversion]
C/C++:   810 |                 this->operation = -999;
C/C++:       |                                 ~ ^~~~
C/C++: 2 warnings generated.
C/C++: In file included from /Users/bytedance/workspace/cemu_android/src/Cafe/HW/Espresso/Recompiler/BackendX64/BackendX64Gen.cpp:1:
C/C++: In file included from /Users/bytedance/workspace/cemu_android/src/Cafe/HW/Espresso/Recompiler/BackendX64/BackendX64.h:2:
C/C++: In file included from /Users/bytedance/workspace/cemu_android/src/Cafe/HW/Espresso/Recompiler/BackendX64/../PPCRecompiler.h:27:
C/C++: /Users/bytedance/workspace/cemu_android/src/Cafe/../Cafe/HW/Espresso/Recompiler/IML/IMLInstruction.h:761:21: warning: implicit conversion from 'int' to 'uint8' (aka 'unsigned char') changes value from -999 to 25 [-Wconstant-conversion]
C/C++:   761 |                 this->operation = -999;
C/C++:       |                                 ~ ^~~~
C/C++: /Users/bytedance/workspace/cemu_android/src/Cafe/../Cafe/HW/Espresso/Recompiler/IML/IMLInstruction.h:810:21: warning: implicit conversion from 'int' to 'uint8' (aka 'unsigned char') changes value from -999 to 25 [-Wconstant-conversion]
C/C++:   810 |                 this->operation = -999;
C/C++:       |                                 ~ ^~~~
C/C++: 2 warnings generated.
C/C++: In file included from /Users/bytedance/workspace/cemu_android/src/Cafe/HW/Espresso/Recompiler/BackendX64/BackendX64GenFPU.cpp:1:
C/C++: In file included from /Users/bytedance/workspace/cemu_android/src/Cafe/HW/Espresso/Recompiler/BackendX64/BackendX64.h:2:
C/C++: In file included from /Users/bytedance/workspace/cemu_android/src/Cafe/HW/Espresso/Recompiler/BackendX64/../PPCRecompiler.h:27:
C/C++: /Users/bytedance/workspace/cemu_android/src/Cafe/../Cafe/HW/Espresso/Recompiler/IML/IMLInstruction.h:761:21: warning: implicit conversion from 'int' to 'uint8' (aka 'unsigned char') changes value from -999 to 25 [-Wconstant-conversion]
C/C++:   761 |                 this->operation = -999;
C/C++:       |                                 ~ ^~~~
C/C++: /Users/bytedance/workspace/cemu_android/src/Cafe/../Cafe/HW/Espresso/Recompiler/IML/IMLInstruction.h:810:21: warning: implicit conversion from 'int' to 'uint8' (aka 'unsigned char') changes value from -999 to 25 [-Wconstant-conversion]
C/C++:   810 |                 this->operation = -999;
C/C++:       |                                 ~ ^~~~
C/C++: 2 warnings generated.
C/C++: In file included from /Users/bytedance/workspace/cemu_android/src/Cafe/HW/Espresso/Recompiler/PPCRecompiler.cpp:3:
C/C++: In file included from /Users/bytedance/workspace/cemu_android/src/Cafe/HW/Espresso/Recompiler/PPCRecompiler.h:27:
C/C++: /Users/bytedance/workspace/cemu_android/src/Cafe/../Cafe/HW/Espresso/Recompiler/IML/IMLInstruction.h:761:21: warning: implicit conversion from 'int' to 'uint8' (aka 'unsigned char') changes value from -999 to 25 [-Wconstant-conversion]
C/C++:   761 |                 this->operation = -999;
C/C++:       |                                 ~ ^~~~
C/C++: /Users/bytedance/workspace/cemu_android/src/Cafe/../Cafe/HW/Espresso/Recompiler/IML/IMLInstruction.h:810:21: warning: implicit conversion from 'int' to 'uint8' (aka 'unsigned char') changes value from -999 to 25 [-Wconstant-conversion]
C/C++:   810 |                 this->operation = -999;
C/C++:       |                                 ~ ^~~~
C/C++: 2 warnings generated.
C/C++: In file included from /Users/bytedance/workspace/cemu_android/src/Cafe/HW/Espresso/Recompiler/PPCRecompilerImlGen.cpp:4:
C/C++: In file included from /Users/bytedance/workspace/cemu_android/src/Cafe/HW/Espresso/Recompiler/PPCRecompiler.h:27:
C/C++: /Users/bytedance/workspace/cemu_android/src/Cafe/../Cafe/HW/Espresso/Recompiler/IML/IMLInstruction.h:761:21: warning: implicit conversion from 'int' to 'uint8' (aka 'unsigned char') changes value from -999 to 25 [-Wconstant-conversion]
C/C++:   761 |                 this->operation = -999;
C/C++:       |                                 ~ ^~~~
C/C++: /Users/bytedance/workspace/cemu_android/src/Cafe/../Cafe/HW/Espresso/Recompiler/IML/IMLInstruction.h:810:21: warning: implicit conversion from 'int' to 'uint8' (aka 'unsigned char') changes value from -999 to 25 [-Wconstant-conversion]
C/C++:   810 |                 this->operation = -999;
C/C++:       |                                 ~ ^~~~
C/C++: 2 warnings generated.
C/C++: In file included from /Users/bytedance/workspace/cemu_android/src/Cafe/HW/Espresso/Recompiler/BackendX64/BackendX64.cpp:4:
C/C++: In file included from /Users/bytedance/workspace/cemu_android/src/Cafe/HW/Espresso/Recompiler/BackendX64/../PPCRecompiler.h:27:
C/C++: /Users/bytedance/workspace/cemu_android/src/Cafe/../Cafe/HW/Espresso/Recompiler/IML/IMLInstruction.h:761:21: warning: implicit conversion from 'int' to 'uint8' (aka 'unsigned char') changes value from -999 to 25 [-Wconstant-conversion]
C/C++:   761 |                 this->operation = -999;
C/C++:       |                                 ~ ^~~~
C/C++: /Users/bytedance/workspace/cemu_android/src/Cafe/../Cafe/HW/Espresso/Recompiler/IML/IMLInstruction.h:810:21: warning: implicit conversion from 'int' to 'uint8' (aka 'unsigned char') changes value from -999 to 25 [-Wconstant-conversion]
C/C++:   810 |                 this->operation = -999;
C/C++:       |                                 ~ ^~~~
C/C++: 2 warnings generated.
C/C++: In file included from /Users/bytedance/workspace/cemu_android/src/Cafe/HW/Espresso/Recompiler/IML/IMLRegisterAllocator.cpp:1:
C/C++: In file included from /Users/bytedance/workspace/cemu_android/src/Cafe/HW/Espresso/Recompiler/IML/IML.h:3:
C/C++: /Users/bytedance/workspace/cemu_android/src/Cafe/HW/Espresso/Recompiler/IML/IMLInstruction.h:761:21: warning: implicit conversion from 'int' to 'uint8' (aka 'unsigned char') changes value from -999 to 25 [-Wconstant-conversion]
C/C++:   761 |                 this->operation = -999;
C/C++:       |                                 ~ ^~~~
C/C++: /Users/bytedance/workspace/cemu_android/src/Cafe/HW/Espresso/Recompiler/IML/IMLInstruction.h:810:21: warning: implicit conversion from 'int' to 'uint8' (aka 'unsigned char') changes value from -999 to 25 [-Wconstant-conversion]
C/C++:   810 |                 this->operation = -999;
C/C++:       |                                 ~ ^~~~
C/C++: 2 warnings generated.
C/C++: In file included from /Users/bytedance/workspace/cemu_android/src/Cafe/CafeSystem.cpp:6:
C/C++: In file included from /Users/bytedance/workspace/cemu_android/src/Cafe/../Cafe/HW/Espresso/Recompiler/PPCRecompiler.h:27:
C/C++: /Users/bytedance/workspace/cemu_android/src/Cafe/../Cafe/HW/Espresso/Recompiler/IML/IMLInstruction.h:761:21: warning: implicit conversion from 'int' to 'uint8' (aka 'unsigned char') changes value from -999 to 25 [-Wconstant-conversion]
C/C++:   761 |                 this->operation = -999;
C/C++:       |                                 ~ ^~~~
C/C++: /Users/bytedance/workspace/cemu_android/src/Cafe/../Cafe/HW/Espresso/Recompiler/IML/IMLInstruction.h:810:21: warning: implicit conversion from 'int' to 'uint8' (aka 'unsigned char') changes value from -999 to 25 [-Wconstant-conversion]
C/C++:   810 |                 this->operation = -999;
C/C++:       |                                 ~ ^~~~
C/C++: 2 warnings generated.
C/C++: /Users/bytedance/workspace/cemu_android/src/Cafe/IOSU/legacy/iosu_crypto.cpp:151:22: warning: 'EC_KEY_new_by_curve_name' is deprecated [-Wdeprecated-declarations]
C/C++:   151 |         EC_KEY* ec_pubKey = EC_KEY_new_by_curve_name(NID_sect233r1);
C/C++:       |                             ^
C/C++: /Users/bytedance/workspace/cemu_android/src/android/app/.cxx/Debug/4p2o44u4/arm64-v8a/vcpkg_installed/arm64-android/include/openssl/ec.h:1017:1: note: 'EC_KEY_new_by_curve_name' has been explicitly marked deprecated here
C/C++:  1017 | OSSL_DEPRECATEDIN_3_0 EC_KEY *EC_KEY_new_by_curve_name(int nid);
C/C++:       | ^
C/C++: /Users/bytedance/workspace/cemu_android/src/android/app/.cxx/Debug/4p2o44u4/arm64-v8a/vcpkg_installed/arm64-android/include/openssl/macros.h:217:49: note: expanded from macro 'OSSL_DEPRECATEDIN_3_0'
C/C++:   217 | #   define OSSL_DEPRECATEDIN_3_0                OSSL_DEPRECATED(3.0)
C/C++:       |                                                 ^
C/C++: /Users/bytedance/workspace/cemu_android/src/android/app/.cxx/Debug/4p2o44u4/arm64-v8a/vcpkg_installed/arm64-android/include/openssl/macros.h:62:52: note: expanded from macro 'OSSL_DEPRECATED'
C/C++:    62 | #     define OSSL_DEPRECATED(since) __attribute__((deprecated))
C/C++:       |                                                    ^
C/C++: /Users/bytedance/workspace/cemu_android/src/Cafe/IOSU/legacy/iosu_crypto.cpp:152:10: warning: 'EC_KEY_set_public_key_affine_coordinates' is deprecated [-Wdeprecated-declarations]
C/C++:   152 |         int r = EC_KEY_set_public_key_affine_coordinates(ec_pubKey, bn_r, bn_s);
C/C++:       |                 ^
C/C++: /Users/bytedance/workspace/cemu_android/src/android/app/.cxx/Debug/4p2o44u4/arm64-v8a/vcpkg_installed/arm64-android/include/openssl/ec.h:1141:1: note: 'EC_KEY_set_public_key_affine_coordinates' has been explicitly marked deprecated here
C/C++:  1141 | OSSL_DEPRECATEDIN_3_0 int EC_KEY_set_public_key_affine_coordinates(EC_KEY *key,
C/C++:       | ^
C/C++: /Users/bytedance/workspace/cemu_android/src/android/app/.cxx/Debug/4p2o44u4/arm64-v8a/vcpkg_installed/arm64-android/include/openssl/macros.h:217:49: note: expanded from macro 'OSSL_DEPRECATEDIN_3_0'
C/C++:   217 | #   define OSSL_DEPRECATEDIN_3_0                OSSL_DEPRECATED(3.0)
C/C++:       |                                                 ^
C/C++: /Users/bytedance/workspace/cemu_android/src/android/app/.cxx/Debug/4p2o44u4/arm64-v8a/vcpkg_installed/arm64-android/include/openssl/macros.h:62:52: note: expanded from macro 'OSSL_DEPRECATED'
C/C++:    62 | #     define OSSL_DEPRECATED(since) __attribute__((deprecated))
C/C++:       |                                                    ^
C/C++: /Users/bytedance/workspace/cemu_android/src/Cafe/IOSU/legacy/iosu_crypto.cpp:349:13: warning: 'd2i_RSAPrivateKey' is deprecated [-Wdeprecated-declarations]
C/C++:   349 |                 pkeyRSA = d2i_RSAPrivateKey(nullptr, (const unsigned char **)&pkeyTempPtr, pkeyData->size());
C/C++:       |                           ^
C/C++: /Users/bytedance/workspace/cemu_android/src/android/app/.cxx/Debug/4p2o44u4/arm64-v8a/vcpkg_installed/arm64-android/include/openssl/rsa.h:320:41: note: 'd2i_RSAPrivateKey' has been explicitly marked deprecated here
C/C++:   320 | DECLARE_ASN1_ENCODE_FUNCTIONS_name_attr(OSSL_DEPRECATEDIN_3_0,
C/C++:       |                                         ^
C/C++: /Users/bytedance/workspace/cemu_android/src/android/app/.cxx/Debug/4p2o44u4/arm64-v8a/vcpkg_installed/arm64-android/include/openssl/macros.h:217:49: note: expanded from macro 'OSSL_DEPRECATEDIN_3_0'
C/C++:   217 | #   define OSSL_DEPRECATEDIN_3_0                OSSL_DEPRECATED(3.0)
C/C++:       |                                                 ^
C/C++: /Users/bytedance/workspace/cemu_android/src/android/app/.cxx/Debug/4p2o44u4/arm64-v8a/vcpkg_installed/arm64-android/include/openssl/macros.h:62:52: note: expanded from macro 'OSSL_DEPRECATED'
C/C++:    62 | #     define OSSL_DEPRECATED(since) __attribute__((deprecated))
C/C++:       |                                                    ^
C/C++: /Users/bytedance/workspace/cemu_android/src/Cafe/IOSU/legacy/iosu_crypto.cpp:357:3: warning: 'EVP_PKEY_assign' is deprecated [-Wdeprecated-declarations]
C/C++:   357 |                 EVP_PKEY_assign_RSA(evpPkey, pkeyRSA);
C/C++:       |                 ^
C/C++: /Users/bytedance/workspace/cemu_android/src/android/app/.cxx/Debug/4p2o44u4/arm64-v8a/vcpkg_installed/arm64-android/include/openssl/evp.h:521:41: note: expanded from macro 'EVP_PKEY_assign_RSA'
C/C++:   521 | #  define EVP_PKEY_assign_RSA(pkey,rsa) EVP_PKEY_assign((pkey),EVP_PKEY_RSA,\
C/C++:       |                                         ^
C/C++: /Users/bytedance/workspace/cemu_android/src/android/app/.cxx/Debug/4p2o44u4/arm64-v8a/vcpkg_installed/arm64-android/include/openssl/evp.h:1386:1: note: 'EVP_PKEY_assign' has been explicitly marked deprecated here
C/C++:  1386 | OSSL_DEPRECATEDIN_3_0
C/C++:       | ^
C/C++: /Users/bytedance/workspace/cemu_android/src/android/app/.cxx/Debug/4p2o44u4/arm64-v8a/vcpkg_installed/arm64-android/include/openssl/macros.h:217:49: note: expanded from macro 'OSSL_DEPRECATEDIN_3_0'
C/C++:   217 | #   define OSSL_DEPRECATEDIN_3_0                OSSL_DEPRECATED(3.0)
C/C++:       |                                                 ^
C/C++: /Users/bytedance/workspace/cemu_android/src/android/app/.cxx/Debug/4p2o44u4/arm64-v8a/vcpkg_installed/arm64-android/include/openssl/macros.h:62:52: note: expanded from macro 'OSSL_DEPRECATED'
C/C++:    62 | #     define OSSL_DEPRECATED(since) __attribute__((deprecated))
C/C++:       |                                                    ^
C/C++: /Users/bytedance/workspace/cemu_android/src/Cafe/IOSU/legacy/iosu_crypto.cpp:389:8: warning: 'SSL_CTX_use_RSAPrivateKey' is deprecated [-Wdeprecated-declarations]
C/C++:   389 |                         if (SSL_CTX_use_RSAPrivateKey(ctx, iosuCryptoCertificates.certList[i].pkey) != 1)
C/C++:       |                             ^
C/C++: /Users/bytedance/workspace/cemu_android/src/android/app/.cxx/Debug/4p2o44u4/arm64-v8a/vcpkg_installed/arm64-android/include/openssl/ssl.h:1837:1: note: 'SSL_CTX_use_RSAPrivateKey' has been explicitly marked deprecated here
C/C++:  1837 | OSSL_DEPRECATEDIN_3_0
C/C++:       | ^
C/C++: /Users/bytedance/workspace/cemu_android/src/android/app/.cxx/Debug/4p2o44u4/arm64-v8a/vcpkg_installed/arm64-android/include/openssl/macros.h:217:49: note: expanded from macro 'OSSL_DEPRECATEDIN_3_0'
C/C++:   217 | #   define OSSL_DEPRECATEDIN_3_0                OSSL_DEPRECATED(3.0)
C/C++:       |                                                 ^
C/C++: /Users/bytedance/workspace/cemu_android/src/android/app/.cxx/Debug/4p2o44u4/arm64-v8a/vcpkg_installed/arm64-android/include/openssl/macros.h:62:52: note: expanded from macro 'OSSL_DEPRECATED'
C/C++:    62 | #     define OSSL_DEPRECATED(since) __attribute__((deprecated))
C/C++:       |                                                    ^
C/C++: 5 warnings generated.
C/C++: In file included from /Users/bytedance/workspace/cemu_android/src/Cafe/IOSU/PDM/iosu_pdm.cpp:11:
C/C++: /Users/bytedance/workspace/cemu_android/src/Cafe/../Common/unix/date.h:966:34: warning: identifier '_d' preceded by whitespace in a literal operator declaration is deprecated [-Wdeprecated-literal-operator]
C/C++:   966 | CONSTCD11 date::day  operator "" _d(unsigned long long d) NOEXCEPT;
C/C++:       |                      ~~~~~~~~~~~~^~
C/C++:       |                      operator""_d
C/C++: /Users/bytedance/workspace/cemu_android/src/Cafe/../Common/unix/date.h:967:34: warning: identifier '_y' preceded by whitespace in a literal operator declaration is deprecated [-Wdeprecated-literal-operator]
C/C++:   967 | CONSTCD11 date::year operator "" _y(unsigned long long y) NOEXCEPT;
C/C++:       |                      ~~~~~~~~~~~~^~
C/C++:       |                      operator""_y
C/C++: /Users/bytedance/workspace/cemu_android/src/Cafe/../Common/unix/date.h:1975:13: warning: identifier '_d' preceded by whitespace in a literal operator declaration is deprecated [-Wdeprecated-literal-operator]
C/C++:  1975 | operator "" _d(unsigned long long d) NOEXCEPT
C/C++:       | ~~~~~~~~~~~~^~
C/C++:       | operator""_d
C/C++: /Users/bytedance/workspace/cemu_android/src/Cafe/../Common/unix/date.h:1983:13: warning: identifier '_y' preceded by whitespace in a literal operator declaration is deprecated [-Wdeprecated-literal-operator]
C/C++:  1983 | operator "" _y(unsigned long long y) NOEXCEPT
C/C++:       | ~~~~~~~~~~~~^~
C/C++:       | operator""_y
C/C++: 4 warnings generated.
C/C++: In file included from /Users/bytedance/workspace/cemu_android/src/Cafe/OS/libs/coreinit/coreinit_Alarm.cpp:6:
C/C++: In file included from /Users/bytedance/workspace/cemu_android/src/Cafe/../Cafe/HW/Espresso/Recompiler/PPCRecompiler.h:27:
C/C++: /Users/bytedance/workspace/cemu_android/src/Cafe/../Cafe/HW/Espresso/Recompiler/IML/IMLInstruction.h:761:21: warning: implicit conversion from 'int' to 'uint8' (aka 'unsigned char') changes value from -999 to 25 [-Wconstant-conversion]
C/C++:   761 |                 this->operation = -999;
C/C++:       |                                 ~ ^~~~
C/C++: /Users/bytedance/workspace/cemu_android/src/Cafe/../Cafe/HW/Espresso/Recompiler/IML/IMLInstruction.h:810:21: warning: implicit conversion from 'int' to 'uint8' (aka 'unsigned char') changes value from -999 to 25 [-Wconstant-conversion]
C/C++:   810 |                 this->operation = -999;
C/C++:       |                                 ~ ^~~~
C/C++: 2 warnings generated.
C/C++: In file included from /Users/bytedance/workspace/cemu_android/src/Cafe/OS/libs/coreinit/coreinit_CodeGen.cpp:4:
C/C++: In file included from /Users/bytedance/workspace/cemu_android/src/Cafe/../Cafe/HW/Espresso/Recompiler/PPCRecompiler.h:27:
C/C++: /Users/bytedance/workspace/cemu_android/src/Cafe/../Cafe/HW/Espresso/Recompiler/IML/IMLInstruction.h:761:21: warning: implicit conversion from 'int' to 'uint8' (aka 'unsigned char') changes value from -999 to 25 [-Wconstant-conversion]
C/C++:   761 |                 this->operation = -999;
C/C++:       |                                 ~ ^~~~
C/C++: /Users/bytedance/workspace/cemu_android/src/Cafe/../Cafe/HW/Espresso/Recompiler/IML/IMLInstruction.h:810:21: warning: implicit conversion from 'int' to 'uint8' (aka 'unsigned char') changes value from -999 to 25 [-Wconstant-conversion]
C/C++:   810 |                 this->operation = -999;
C/C++:       |                                 ~ ^~~~
C/C++: 2 warnings generated.
C/C++: In file included from /Users/bytedance/workspace/cemu_android/src/Cafe/OS/libs/coreinit/coreinit_Thread.cpp:10:
C/C++: In file included from /Users/bytedance/workspace/cemu_android/src/Cafe/../Cafe/HW/Espresso/Recompiler/PPCRecompiler.h:27:
C/C++: /Users/bytedance/workspace/cemu_android/src/Cafe/../Cafe/HW/Espresso/Recompiler/IML/IMLInstruction.h:761:21: warning: implicit conversion from 'int' to 'uint8' (aka 'unsigned char') changes value from -999 to 25 [-Wconstant-conversion]
C/C++:   761 |                 this->operation = -999;
C/C++:       |                                 ~ ^~~~
C/C++: /Users/bytedance/workspace/cemu_android/src/Cafe/../Cafe/HW/Espresso/Recompiler/IML/IMLInstruction.h:810:21: warning: implicit conversion from 'int' to 'uint8' (aka 'unsigned char') changes value from -999 to 25 [-Wconstant-conversion]
C/C++:   810 |                 this->operation = -999;
C/C++:       |                                 ~ ^~~~
C/C++: 2 warnings generated.
C/C++: /Users/bytedance/workspace/cemu_android/src/Cafe/OS/libs/nn_olv/nn_olv_Common.cpp:215:33: warning: format specifies type 'unsigned long long' but the argument has type 'uint64' (aka 'unsigned long') [-Wformat]
C/C++:   215 |                         sprintf(pOutCode, "%012llu", communityCode);
C/C++:       |                                            ~~~~~~~   ^~~~~~~~~~~~~
C/C++:       |                                            %012lu
C/C++: /Users/bytedance/workspace/cemu_android/src/Cafe/OS/libs/nn_olv/nn_olv_Common.cpp:221:33: warning: format specifies type 'unsigned long long *' but the argument has type 'uint64 *' (aka 'unsigned long *') [-Wformat]
C/C++:   221 |                         if (sscanf(pCode, "%012llu", &code) > 0)
C/C++:       |                                            ~~~~~~~   ^~~~~
C/C++:       |                                            %12lu
C/C++: /Users/bytedance/workspace/cemu_android/src/Cafe/OS/libs/nn_olv/nn_olv_Common.cpp:252:33: warning: format specifies type 'unsigned long long *' but the argument has type 'uint64 *' (aka 'unsigned long *') [-Wformat]
C/C++:   252 |                         if (sscanf(pCode, "%012llu", &code) > 0)
C/C++:       |                                            ~~~~~~~   ^~~~~
C/C++:       |                                            %12lu
C/C++: /Users/bytedance/workspace/cemu_android/src/Cafe/OS/libs/nn_olv/nn_olv_Common.cpp:273:10: warning: 'CURL_FORMADD_OK' is deprecated: since 7.56.0.  [-Wdeprecated-declarations]
C/C++:   273 |                                 case CURL_FORMADD_OK:
C/C++:       |                                      ^
C/C++: /Users/bytedance/workspace/cemu_android/src/android/app/.cxx/Debug/4p2o44u4/arm64-v8a/vcpkg_installed/arm64-android/include/curl/curl.h:2613:31: note: 'CURL_FORMADD_OK' has been explicitly marked deprecated here
C/C++:  2613 |   CURL_FORMADD_OK             CURL_DEPRECATED(7.56.0, ""), /* 1st, no error */
C/C++:       |                               ^
C/C++: /Users/bytedance/workspace/cemu_android/src/android/app/.cxx/Debug/4p2o44u4/arm64-v8a/vcpkg_installed/arm64-android/include/curl/curl.h:44:18: note: expanded from macro 'CURL_DEPRECATED'
C/C++:    44 |   __attribute__((deprecated("since " # version ". " message)))
C/C++:       |                  ^
C/C++: /Users/bytedance/workspace/cemu_android/src/Cafe/OS/libs/nn_olv/nn_olv_Common.cpp:276:10: warning: 'CURL_FORMADD_MEMORY' is deprecated: since 7.56.0.  [-Wdeprecated-declarations]
C/C++:   276 |                                 case CURL_FORMADD_MEMORY:
C/C++:       |                                      ^
C/C++: /Users/bytedance/workspace/cemu_android/src/android/app/.cxx/Debug/4p2o44u4/arm64-v8a/vcpkg_installed/arm64-android/include/curl/curl.h:2615:31: note: 'CURL_FORMADD_MEMORY' has been explicitly marked deprecated here
C/C++:  2615 |   CURL_FORMADD_MEMORY         CURL_DEPRECATED(7.56.0, ""),
C/C++:       |                               ^
C/C++: /Users/bytedance/workspace/cemu_android/src/android/app/.cxx/Debug/4p2o44u4/arm64-v8a/vcpkg_installed/arm64-android/include/curl/curl.h:44:18: note: expanded from macro 'CURL_DEPRECATED'
C/C++:    44 |   __attribute__((deprecated("since " # version ". " message)))
C/C++:       |                  ^
C/C++: /Users/bytedance/workspace/cemu_android/src/Cafe/OS/libs/nn_olv/nn_olv_Common.cpp:279:10: warning: 'CURL_FORMADD_OPTION_TWICE' is deprecated: since 7.56.0.  [-Wdeprecated-declarations]
C/C++:   279 |                                 case CURL_FORMADD_OPTION_TWICE:
C/C++:       |                                      ^
C/C++: /Users/bytedance/workspace/cemu_android/src/android/app/.cxx/Debug/4p2o44u4/arm64-v8a/vcpkg_installed/arm64-android/include/curl/curl.h:2616:31: note: 'CURL_FORMADD_OPTION_TWICE' has been explicitly marked deprecated here
C/C++:  2616 |   CURL_FORMADD_OPTION_TWICE   CURL_DEPRECATED(7.56.0, ""),
C/C++:       |                               ^
C/C++: /Users/bytedance/workspace/cemu_android/src/android/app/.cxx/Debug/4p2o44u4/arm64-v8a/vcpkg_installed/arm64-android/include/curl/curl.h:44:18: note: expanded from macro 'CURL_DEPRECATED'
C/C++:    44 |   __attribute__((deprecated("since " # version ". " message)))
C/C++:       |                  ^
C/C++: 6 warnings generated.
C/C++: /Users/bytedance/workspace/cemu_android/src/Cafe/OS/libs/nlibcurl/nlibcurl.cpp:1320:8: warning: 'CURLOPT_PROGRESSFUNCTION' is deprecated: since 7.32.0. Use CURLOPT_XFERINFOFUNCTION [-Wdeprecated-declarations]
C/C++:  1320 |                 case CURLOPT_PROGRESSFUNCTION:
C/C++:       |                      ^
C/C++: /Users/bytedance/workspace/cemu_android/src/android/app/.cxx/Debug/4p2o44u4/arm64-v8a/vcpkg_installed/arm64-android/include/curl/curl.h:1337:3: note: 'CURLOPT_PROGRESSFUNCTION' has been explicitly marked deprecated here
C/C++:  1337 |   CURLOPTDEPRECATED(CURLOPT_PROGRESSFUNCTION, CURLOPTTYPE_FUNCTIONPOINT, 56,
C/C++:       |   ^
C/C++: /Users/bytedance/workspace/cemu_android/src/android/app/.cxx/Debug/4p2o44u4/arm64-v8a/vcpkg_installed/arm64-android/include/curl/curl.h:1124:43: note: expanded from macro 'CURLOPTDEPRECATED'
C/C++:  1124 | #define CURLOPTDEPRECATED(na,t,nu,v,m) na CURL_DEPRECATED(v,m) = t + nu
C/C++:       |                                           ^
C/C++: /Users/bytedance/workspace/cemu_android/src/android/app/.cxx/Debug/4p2o44u4/arm64-v8a/vcpkg_installed/arm64-android/include/curl/curl.h:44:18: note: expanded from macro 'CURL_DEPRECATED'
C/C++:    44 |   __attribute__((deprecated("since " # version ". " message)))
C/C++:       |                  ^
C/C++: /Users/bytedance/workspace/cemu_android/src/Cafe/OS/libs/nlibcurl/nlibcurl.cpp:1324:41: warning: 'CURLOPT_PROGRESSFUNCTION' is deprecated: since 7.32.0. Use CURLOPT_XFERINFOFUNCTION [-Wdeprecated-declarations]
C/C++:  1324 |                         result = ::curl_easy_setopt(curlObj, CURLOPT_PROGRESSFUNCTION, progress_callback);
C/C++:       |                                                              ^
C/C++: /Users/bytedance/workspace/cemu_android/src/android/app/.cxx/Debug/4p2o44u4/arm64-v8a/vcpkg_installed/arm64-android/include/curl/curl.h:1337:3: note: 'CURLOPT_PROGRESSFUNCTION' has been explicitly marked deprecated here
C/C++:  1337 |   CURLOPTDEPRECATED(CURLOPT_PROGRESSFUNCTION, CURLOPTTYPE_FUNCTIONPOINT, 56,
C/C++:       |   ^
C/C++: /Users/bytedance/workspace/cemu_android/src/android/app/.cxx/Debug/4p2o44u4/arm64-v8a/vcpkg_installed/arm64-android/include/curl/curl.h:1124:43: note: expanded from macro 'CURLOPTDEPRECATED'
C/C++:  1124 | #define CURLOPTDEPRECATED(na,t,nu,v,m) na CURL_DEPRECATED(v,m) = t + nu
C/C++:       |                                           ^
C/C++: /Users/bytedance/workspace/cemu_android/src/android/app/.cxx/Debug/4p2o44u4/arm64-v8a/vcpkg_installed/arm64-android/include/curl/curl.h:44:18: note: expanded from macro 'CURL_DEPRECATED'
C/C++:    44 |   __attribute__((deprecated("since " # version ". " message)))
C/C++:       |                  ^
C/C++: /Users/bytedance/workspace/cemu_android/src/Cafe/OS/libs/nlibcurl/nlibcurl.cpp:1383:8: warning: 'CURLINFO_SIZE_DOWNLOAD' is deprecated: since 7.55.0. Use CURLINFO_SIZE_DOWNLOAD_T [-Wdeprecated-declarations]
C/C++:  1383 |                 case CURLINFO_SIZE_DOWNLOAD:
C/C++:       |                      ^
C/C++: /Users/bytedance/workspace/cemu_android/src/android/app/.cxx/Debug/4p2o44u4/arm64-v8a/vcpkg_installed/arm64-android/include/curl/curl.h:2919:24: note: 'CURLINFO_SIZE_DOWNLOAD' has been explicitly marked deprecated here
C/C++:  2919 |                        CURL_DEPRECATED(7.55.0, "Use CURLINFO_SIZE_DOWNLOAD_T")
C/C++:       |                        ^
C/C++: /Users/bytedance/workspace/cemu_android/src/android/app/.cxx/Debug/4p2o44u4/arm64-v8a/vcpkg_installed/arm64-android/include/curl/curl.h:44:18: note: expanded from macro 'CURL_DEPRECATED'
C/C++:    44 |   __attribute__((deprecated("since " # version ". " message)))
C/C++:       |                  ^
C/C++: /Users/bytedance/workspace/cemu_android/src/Cafe/OS/libs/nlibcurl/nlibcurl.cpp:1384:8: warning: 'CURLINFO_SPEED_DOWNLOAD' is deprecated: since 7.55.0. Use CURLINFO_SPEED_DOWNLOAD_T [-Wdeprecated-declarations]
C/C++:  1384 |                 case CURLINFO_SPEED_DOWNLOAD:
C/C++:       |                      ^
C/C++: /Users/bytedance/workspace/cemu_android/src/android/app/.cxx/Debug/4p2o44u4/arm64-v8a/vcpkg_installed/arm64-android/include/curl/curl.h:2923:24: note: 'CURLINFO_SPEED_DOWNLOAD' has been explicitly marked deprecated here
C/C++:  2923 |                        CURL_DEPRECATED(7.55.0, "Use CURLINFO_SPEED_DOWNLOAD_T")
C/C++:       |                        ^
C/C++: /Users/bytedance/workspace/cemu_android/src/android/app/.cxx/Debug/4p2o44u4/arm64-v8a/vcpkg_installed/arm64-android/include/curl/curl.h:44:18: note: expanded from macro 'CURL_DEPRECATED'
C/C++:    44 |   __attribute__((deprecated("since " # version ". " message)))
C/C++:       |                  ^
C/C++: /Users/bytedance/workspace/cemu_android/src/Cafe/OS/libs/nlibcurl/nlibcurl.cpp:1385:8: warning: 'CURLINFO_SIZE_UPLOAD' is deprecated: since 7.55.0. Use CURLINFO_SIZE_UPLOAD_T [-Wdeprecated-declarations]
C/C++:  1385 |                 case CURLINFO_SIZE_UPLOAD:
C/C++:       |                      ^
C/C++: /Users/bytedance/workspace/cemu_android/src/android/app/.cxx/Debug/4p2o44u4/arm64-v8a/vcpkg_installed/arm64-android/include/curl/curl.h:2915:24: note: 'CURLINFO_SIZE_UPLOAD' has been explicitly marked deprecated here
C/C++:  2915 |   CURLINFO_SIZE_UPLOAD CURL_DEPRECATED(7.55.0, "Use CURLINFO_SIZE_UPLOAD_T")
C/C++:       |                        ^
C/C++: /Users/bytedance/workspace/cemu_android/src/android/app/.cxx/Debug/4p2o44u4/arm64-v8a/vcpkg_installed/arm64-android/include/curl/curl.h:44:18: note: expanded from macro 'CURL_DEPRECATED'
C/C++:    44 |   __attribute__((deprecated("since " # version ". " message)))
C/C++:       |                  ^
C/C++: /Users/bytedance/workspace/cemu_android/src/Cafe/OS/libs/nlibcurl/nlibcurl.cpp:1386:8: warning: 'CURLINFO_SPEED_UPLOAD' is deprecated: since 7.55.0. Use CURLINFO_SPEED_UPLOAD_T [-Wdeprecated-declarations]
C/C++:  1386 |                 case CURLINFO_SPEED_UPLOAD:
C/C++:       |                      ^
C/C++: /Users/bytedance/workspace/cemu_android/src/android/app/.cxx/Debug/4p2o44u4/arm64-v8a/vcpkg_installed/arm64-android/include/curl/curl.h:2927:24: note: 'CURLINFO_SPEED_UPLOAD' has been explicitly marked deprecated here
C/C++:  2927 |                        CURL_DEPRECATED(7.55.0, "Use CURLINFO_SPEED_UPLOAD_T")
C/C++:       |                        ^
C/C++: /Users/bytedance/workspace/cemu_android/src/android/app/.cxx/Debug/4p2o44u4/arm64-v8a/vcpkg_installed/arm64-android/include/curl/curl.h:44:18: note: expanded from macro 'CURL_DEPRECATED'
C/C++:    44 |   __attribute__((deprecated("since " # version ". " message)))
C/C++:       |                  ^
C/C++: /Users/bytedance/workspace/cemu_android/src/Cafe/OS/libs/nlibcurl/nlibcurl.cpp:1387:8: warning: 'CURLINFO_CONTENT_LENGTH_DOWNLOAD' is deprecated: since 7.55.0. Use CURLINFO_CONTENT_LENGTH_DOWNLOAD_T [-Wdeprecated-declarations]
C/C++:  1387 |                 case CURLINFO_CONTENT_LENGTH_DOWNLOAD:
C/C++:       |                      ^
C/C++: /Users/bytedance/workspace/cemu_android/src/android/app/.cxx/Debug/4p2o44u4/arm64-v8a/vcpkg_installed/arm64-android/include/curl/curl.h:2936:24: note: 'CURLINFO_CONTENT_LENGTH_DOWNLOAD' has been explicitly marked deprecated here
C/C++:  2936 |                        CURL_DEPRECATED(7.55.0,
C/C++:       |                        ^
C/C++: /Users/bytedance/workspace/cemu_android/src/android/app/.cxx/Debug/4p2o44u4/arm64-v8a/vcpkg_installed/arm64-android/include/curl/curl.h:44:18: note: expanded from macro 'CURL_DEPRECATED'
C/C++:    44 |   __attribute__((deprecated("since " # version ". " message)))
C/C++:       |                  ^
C/C++: 7 warnings generated.
C/C++: /Users/bytedance/workspace/cemu_android/src/Cafe/OS/libs/nn_olv/nn_olv_InitializeTypes.cpp:69:5: warning: format specifies type 'unsigned long long' but the argument has type 'uint64_t' (aka 'unsigned long') [-Wformat]
C/C++:    66 |                                 "\\%s\\%llu\\%s\\%u\\%s\\%u\\%s\\%d\\%s\\%d\\%s\\%d\\%s\\%d\\%s\\%d\\%s\\%d\\%s\\%u\\%s\\%d\\%s\\%llu\\"
C/C++:       |                                        ~~~~
C/C++:       |                                        %lu
C/C++:    67 |                                 "%s\\%s\\%s\\%lld\\",
C/C++:    68 |                                 "title_id",
C/C++:    69 |                                 g_ParamPack.titleId,
C/C++:       |                                 ^~~~~~~~~~~~~~~~~~~
C/C++: /Users/bytedance/workspace/cemu_android/src/Cafe/OS/libs/nn_olv/nn_olv_InitializeTypes.cpp:91:5: warning: format specifies type 'unsigned long long' but the argument has type 'uint64_t' (aka 'unsigned long') [-Wformat]
C/C++:    66 |                                 g_ParamPack.transferableId,
C/C++:       |                                 ^~~~~~~~~~~~~~~~~~~~~~~~~~
C/C++: /Users/bytedance/workspace/cemu_android/src/Cafe/OS/libs/nn_olv/nn_olv_InitializeTypes.cpp:95:5: warning: format specifies type 'long long' but the argument has type 'uint64_t' (aka 'unsigned long') [-Wformat]
C/C++:    67 |                                 g_ParamPack.utcOffset);
C/C++:       |                                 ^~~~~~~~~~~~~~~~~~~~~
C/C++: 3 warnings generated.
C/C++: /Users/bytedance/workspace/cemu_android/src/Cafe/OS/libs/nn_olv/nn_olv_UploadCommunityTypes.cpp:101:9: warning: 'CURLFORM_COPYNAME' is deprecated: since 7.56.0. Use curl_mime_name() [-Wdeprecated-declarations]
C/C++:   101 |                                                                 CURLFORM_COPYNAME, "icon",
C/C++:       |                                                                 ^
C/C++: /Users/bytedance/workspace/cemu_android/src/android/app/.cxx/Debug/4p2o44u4/arm64-v8a/vcpkg_installed/arm64-android/include/curl/curl.h:2562:28: note: 'CURLFORM_COPYNAME' has been explicitly marked deprecated here
C/C++:  2562 |   CURLFORM_COPYNAME        CURL_DEPRECATED(7.56.0, "Use curl_mime_name()"),
C/C++:       |                            ^
C/C++: /Users/bytedance/workspace/cemu_android/src/android/app/.cxx/Debug/4p2o44u4/arm64-v8a/vcpkg_installed/arm64-android/include/curl/curl.h:44:18: note: expanded from macro 'CURL_DEPRECATED'
C/C++:    44 |   __attribute__((deprecated("since " # version ". " message)))
C/C++:       |                  ^
C/C++: /Users/bytedance/workspace/cemu_android/src/Cafe/OS/libs/nn_olv/nn_olv_UploadCommunityTypes.cpp:102:9: warning: 'CURLFORM_PTRCONTENTS' is deprecated: since 7.56.0. Use curl_mime_data() [-Wdeprecated-declarations]
C/C++:   102 |                                                                 CURLFORM_PTRCONTENTS, base64icon.data(),
C/C++:       |                                                                 ^
C/C++: /Users/bytedance/workspace/cemu_android/src/android/app/.cxx/Debug/4p2o44u4/arm64-v8a/vcpkg_installed/arm64-android/include/curl/curl.h:2566:28: note: 'CURLFORM_PTRCONTENTS' has been explicitly marked deprecated here
C/C++:  2566 |   CURLFORM_PTRCONTENTS     CURL_DEPRECATED(7.56.0, "Use curl_mime_data()"),
C/C++:       |                            ^
C/C++: /Users/bytedance/workspace/cemu_android/src/android/app/.cxx/Debug/4p2o44u4/arm64-v8a/vcpkg_installed/arm64-android/include/curl/curl.h:44:18: note: expanded from macro 'CURL_DEPRECATED'
C/C++:    44 |   __attribute__((deprecated("since " # version ". " message)))
C/C++:       |                  ^
C/C++: /Users/bytedance/workspace/cemu_android/src/Cafe/OS/libs/nn_olv/nn_olv_UploadCommunityTypes.cpp:103:9: warning: 'CURLFORM_CONTENTSLENGTH' is deprecated: since 7.56.0. Use curl_mime_data() [-Wdeprecated-declarations]
C/C++:   103 |                                                                 CURLFORM_CONTENTSLENGTH, base64icon.size(),
C/C++:       |                                                                 ^
C/C++: /Users/bytedance/workspace/cemu_android/src/android/app/.cxx/Debug/4p2o44u4/arm64-v8a/vcpkg_installed/arm64-android/include/curl/curl.h:2567:28: note: 'CURLFORM_CONTENTSLENGTH' has been explicitly marked deprecated here
C/C++:  2567 |   CURLFORM_CONTENTSLENGTH  CURL_DEPRECATED(7.56.0, "Use curl_mime_data()"),
C/C++:       |                            ^
C/C++: /Users/bytedance/workspace/cemu_android/src/android/app/.cxx/Debug/4p2o44u4/arm64-v8a/vcpkg_installed/arm64-android/include/curl/curl.h:44:18: note: expanded from macro 'CURL_DEPRECATED'
C/C++:    44 |   __attribute__((deprecated("since " # version ". " message)))
C/C++:       |                  ^
C/C++: /Users/bytedance/workspace/cemu_android/src/Cafe/OS/libs/nn_olv/nn_olv_UploadCommunityTypes.cpp:100:8: warning: 'curl_formadd' is deprecated: since 7.56.0. Use curl_mime_init() [-Wdeprecated-declarations]
C/C++:   100 |                                                         curl_formadd(&post, &last,
C/C++:       |                                                         ^
C/C++: /Users/bytedance/workspace/cemu_android/src/android/app/.cxx/Debug/4p2o44u4/arm64-v8a/vcpkg_installed/arm64-android/include/curl/curl.h:2636:26: note: 'curl_formadd' has been explicitly marked deprecated here
C/C++:  2636 | CURL_EXTERN CURLFORMcode CURL_DEPRECATED(7.56.0, "Use curl_mime_init()")
C/C++:       |                          ^
C/C++: /Users/bytedance/workspace/cemu_android/src/android/app/.cxx/Debug/4p2o44u4/arm64-v8a/vcpkg_installed/arm64-android/include/curl/curl.h:44:18: note: expanded from macro 'CURL_DEPRECATED'
C/C++:    44 |   __attribute__((deprecated("since " # version ". " message)))
C/C++:       |                  ^
C/C++: /Users/bytedance/workspace/cemu_android/src/Cafe/OS/libs/nn_olv/nn_olv_UploadCommunityTypes.cpp:117:8: warning: 'CURLFORM_COPYNAME' is deprecated: since 7.56.0. Use curl_mime_name() [-Wdeprecated-declarations]
C/C++:   117 |                                                         CURLFORM_COPYNAME, "name",
C/C++:       |                                                         ^
C/C++: /Users/bytedance/workspace/cemu_android/src/android/app/.cxx/Debug/4p2o44u4/arm64-v8a/vcpkg_installed/arm64-android/include/curl/curl.h:2562:28: note: 'CURLFORM_COPYNAME' has been explicitly marked deprecated here
C/C++:  2562 |   CURLFORM_COPYNAME        CURL_DEPRECATED(7.56.0, "Use curl_mime_name()"),
C/C++:       |                            ^
C/C++: /Users/bytedance/workspace/cemu_android/src/android/app/.cxx/Debug/4p2o44u4/arm64-v8a/vcpkg_installed/arm64-android/include/curl/curl.h:44:18: note: expanded from macro 'CURL_DEPRECATED'
C/C++:    44 |   __attribute__((deprecated("since " # version ". " message)))
C/C++:       |                  ^
C/C++: /Users/bytedance/workspace/cemu_android/src/Cafe/OS/libs/nn_olv/nn_olv_UploadCommunityTypes.cpp:118:8: warning: 'CURLFORM_PTRCONTENTS' is deprecated: since 7.56.0. Use curl_mime_data() [-Wdeprecated-declarations]
C/C++:   118 |                                                         CURLFORM_PTRCONTENTS, form_name.data(),
C/C++:       |                                                         ^
C/C++: /Users/bytedance/workspace/cemu_android/src/android/app/.cxx/Debug/4p2o44u4/arm64-v8a/vcpkg_installed/arm64-android/include/curl/curl.h:2566:28: note: 'CURLFORM_PTRCONTENTS' has been explicitly marked deprecated here
C/C++:  2566 |   CURLFORM_PTRCONTENTS     CURL_DEPRECATED(7.56.0, "Use curl_mime_data()"),
C/C++:       |                            ^
C/C++: /Users/bytedance/workspace/cemu_android/src/android/app/.cxx/Debug/4p2o44u4/arm64-v8a/vcpkg_installed/arm64-android/include/curl/curl.h:44:18: note: expanded from macro 'CURL_DEPRECATED'
C/C++:    44 |   __attribute__((deprecated("since " # version ". " message)))
C/C++:       |                  ^
C/C++: /Users/bytedance/workspace/cemu_android/src/Cafe/OS/libs/nn_olv/nn_olv_UploadCommunityTypes.cpp:119:8: warning: 'CURLFORM_CONTENTSLENGTH' is deprecated: since 7.56.0. Use curl_mime_data() [-Wdeprecated-declarations]
C/C++:   119 |                                                         CURLFORM_CONTENTSLENGTH, form_name.size(),
C/C++:       |                                                         ^
C/C++: /Users/bytedance/workspace/cemu_android/src/android/app/.cxx/Debug/4p2o44u4/arm64-v8a/vcpkg_installed/arm64-android/include/curl/curl.h:2567:28: note: 'CURLFORM_CONTENTSLENGTH' has been explicitly marked deprecated here
C/C++:  2567 |   CURLFORM_CONTENTSLENGTH  CURL_DEPRECATED(7.56.0, "Use curl_mime_data()"),
C/C++:       |                            ^
C/C++: /Users/bytedance/workspace/cemu_android/src/android/app/.cxx/Debug/4p2o44u4/arm64-v8a/vcpkg_installed/arm64-android/include/curl/curl.h:44:18: note: expanded from macro 'CURL_DEPRECATED'
C/C++:    44 |   __attribute__((deprecated("since " # version ". " message)))
C/C++:       |                  ^
C/C++: /Users/bytedance/workspace/cemu_android/src/Cafe/OS/libs/nn_olv/nn_olv_UploadCommunityTypes.cpp:116:7: warning: 'curl_formadd' is deprecated: since 7.56.0. Use curl_mime_init() [-Wdeprecated-declarations]
C/C++:   116 |                                                 curl_formadd(&post, &last,
C/C++:       |                                                 ^
C/C++: /Users/bytedance/workspace/cemu_android/src/android/app/.cxx/Debug/4p2o44u4/arm64-v8a/vcpkg_installed/arm64-android/include/curl/curl.h:2636:26: note: 'curl_formadd' has been explicitly marked deprecated here
C/C++:  2636 | CURL_EXTERN CURLFORMcode CURL_DEPRECATED(7.56.0, "Use curl_mime_init()")
C/C++:       |                          ^
C/C++: /Users/bytedance/workspace/cemu_android/src/android/app/.cxx/Debug/4p2o44u4/arm64-v8a/vcpkg_installed/arm64-android/include/curl/curl.h:44:18: note: expanded from macro 'CURL_DEPRECATED'
C/C++:    44 |   __attribute__((deprecated("since " # version ". " message)))
C/C++:       |                  ^
C/C++: /Users/bytedance/workspace/cemu_android/src/Cafe/OS/libs/nn_olv/nn_olv_UploadCommunityTypes.cpp:132:8: warning: 'CURLFORM_COPYNAME' is deprecated: since 7.56.0. Use curl_mime_name() [-Wdeprecated-declarations]
C/C++:   132 |                                                         CURLFORM_COPYNAME, "description",
C/C++:       |                                                         ^
C/C++: /Users/bytedance/workspace/cemu_android/src/android/app/.cxx/Debug/4p2o44u4/arm64-v8a/vcpkg_installed/arm64-android/include/curl/curl.h:2562:28: note: 'CURLFORM_COPYNAME' has been explicitly marked deprecated here
C/C++:  2562 |   CURLFORM_COPYNAME        CURL_DEPRECATED(7.56.0, "Use curl_mime_name()"),
C/C++:       |                            ^
C/C++: /Users/bytedance/workspace/cemu_android/src/android/app/.cxx/Debug/4p2o44u4/arm64-v8a/vcpkg_installed/arm64-android/include/curl/curl.h:44:18: note: expanded from macro 'CURL_DEPRECATED'
C/C++:    44 |   __attribute__((deprecated("since " # version ". " message)))
C/C++:       |                  ^
C/C++: /Users/bytedance/workspace/cemu_android/src/Cafe/OS/libs/nn_olv/nn_olv_UploadCommunityTypes.cpp:133:8: warning: 'CURLFORM_PTRCONTENTS' is deprecated: since 7.56.0. Use curl_mime_data() [-Wdeprecated-declarations]
C/C++:   133 |                                                         CURLFORM_PTRCONTENTS, form_desc.data(),
C/C++:       |                                                         ^
C/C++: /Users/bytedance/workspace/cemu_android/src/android/app/.cxx/Debug/4p2o44u4/arm64-v8a/vcpkg_installed/arm64-android/include/curl/curl.h:2566:28: note: 'CURLFORM_PTRCONTENTS' has been explicitly marked deprecated here
C/C++:  2566 |   CURLFORM_PTRCONTENTS     CURL_DEPRECATED(7.56.0, "Use curl_mime_data()"),
C/C++:       |                            ^
C/C++: /Users/bytedance/workspace/cemu_android/src/android/app/.cxx/Debug/4p2o44u4/arm64-v8a/vcpkg_installed/arm64-android/include/curl/curl.h:44:18: note: expanded from macro 'CURL_DEPRECATED'
C/C++:    44 |   __attribute__((deprecated("since " # version ". " message)))
C/C++:       |                  ^
C/C++: /Users/bytedance/workspace/cemu_android/src/Cafe/OS/libs/nn_olv/nn_olv_UploadCommunityTypes.cpp:134:8: warning: 'CURLFORM_CONTENTSLENGTH' is deprecated: since 7.56.0. Use curl_mime_data() [-Wdeprecated-declarations]
C/C++:   134 |                                                         CURLFORM_CONTENTSLENGTH, form_desc.size(),
C/C++:       |                                                         ^
C/C++: /Users/bytedance/workspace/cemu_android/src/android/app/.cxx/Debug/4p2o44u4/arm64-v8a/vcpkg_installed/arm64-android/include/curl/curl.h:2567:28: note: 'CURLFORM_CONTENTSLENGTH' has been explicitly marked deprecated here
C/C++:  2567 |   CURLFORM_CONTENTSLENGTH  CURL_DEPRECATED(7.56.0, "Use curl_mime_data()"),
C/C++:       |                            ^
C/C++: /Users/bytedance/workspace/cemu_android/src/android/app/.cxx/Debug/4p2o44u4/arm64-v8a/vcpkg_installed/arm64-android/include/curl/curl.h:44:18: note: expanded from macro 'CURL_DEPRECATED'
C/C++:    44 |   __attribute__((deprecated("since " # version ". " message)))
C/C++:       |                  ^
C/C++: /Users/bytedance/workspace/cemu_android/src/Cafe/OS/libs/nn_olv/nn_olv_UploadCommunityTypes.cpp:131:7: warning: 'curl_formadd' is deprecated: since 7.56.0. Use curl_mime_init() [-Wdeprecated-declarations]
C/C++:   131 |                                                 curl_formadd(&post, &last,
C/C++:       |                                                 ^
C/C++: /Users/bytedance/workspace/cemu_android/src/android/app/.cxx/Debug/4p2o44u4/arm64-v8a/vcpkg_installed/arm64-android/include/curl/curl.h:2636:26: note: 'curl_formadd' has been explicitly marked deprecated here
C/C++:  2636 | CURL_EXTERN CURLFORMcode CURL_DEPRECATED(7.56.0, "Use curl_mime_init()")
C/C++:       |                          ^
C/C++: /Users/bytedance/workspace/cemu_android/src/android/app/.cxx/Debug/4p2o44u4/arm64-v8a/vcpkg_installed/arm64-android/include/curl/curl.h:44:18: note: expanded from macro 'CURL_DEPRECATED'
C/C++:    44 |   __attribute__((deprecated("since " # version ". " message)))
C/C++:       |                  ^
C/C++: /Users/bytedance/workspace/cemu_android/src/Cafe/OS/libs/nn_olv/nn_olv_UploadCommunityTypes.cpp:150:9: warning: 'CURLFORM_COPYNAME' is deprecated: since 7.56.0. Use curl_mime_name() [-Wdeprecated-declarations]
C/C++:   150 |                                                                 CURLFORM_COPYNAME, "search_key",
C/C++:       |                                                                 ^
C/C++: /Users/bytedance/workspace/cemu_android/src/android/app/.cxx/Debug/4p2o44u4/arm64-v8a/vcpkg_installed/arm64-android/include/curl/curl.h:2562:28: note: 'CURLFORM_COPYNAME' has been explicitly marked deprecated here
C/C++:  2562 |   CURLFORM_COPYNAME        CURL_DEPRECATED(7.56.0, "Use curl_mime_name()"),
C/C++:       |                            ^
C/C++: /Users/bytedance/workspace/cemu_android/src/android/app/.cxx/Debug/4p2o44u4/arm64-v8a/vcpkg_installed/arm64-android/include/curl/curl.h:44:18: note: expanded from macro 'CURL_DEPRECATED'
C/C++:    44 |   __attribute__((deprecated("since " # version ". " message)))
C/C++:       |                  ^
C/C++: /Users/bytedance/workspace/cemu_android/src/Cafe/OS/libs/nn_olv/nn_olv_UploadCommunityTypes.cpp:151:9: warning: 'CURLFORM_PTRCONTENTS' is deprecated: since 7.56.0. Use curl_mime_data() [-Wdeprecated-declarations]
C/C++:   151 |                                                                 CURLFORM_PTRCONTENTS, form_searchKey[i].data(),
C/C++:       |                                                                 ^
C/C++: /Users/bytedance/workspace/cemu_android/src/android/app/.cxx/Debug/4p2o44u4/arm64-v8a/vcpkg_installed/arm64-android/include/curl/curl.h:2566:28: note: 'CURLFORM_PTRCONTENTS' has been explicitly marked deprecated here
C/C++:  2566 |   CURLFORM_PTRCONTENTS     CURL_DEPRECATED(7.56.0, "Use curl_mime_data()"),
C/C++:       |                            ^
C/C++: /Users/bytedance/workspace/cemu_android/src/android/app/.cxx/Debug/4p2o44u4/arm64-v8a/vcpkg_installed/arm64-android/include/curl/curl.h:44:18: note: expanded from macro 'CURL_DEPRECATED'
C/C++:    44 |   __attribute__((deprecated("since " # version ". " message)))
C/C++:       |                  ^
C/C++: /Users/bytedance/workspace/cemu_android/src/Cafe/OS/libs/nn_olv/nn_olv_UploadCommunityTypes.cpp:152:9: warning: 'CURLFORM_CONTENTSLENGTH' is deprecated: since 7.56.0. Use curl_mime_data() [-Wdeprecated-declarations]
C/C++:   152 |                                                                 CURLFORM_CONTENTSLENGTH, form_searchKey[i].size(),
C/C++:       |                                                                 ^
C/C++: /Users/bytedance/workspace/cemu_android/src/android/app/.cxx/Debug/4p2o44u4/arm64-v8a/vcpkg_installed/arm64-android/include/curl/curl.h:2567:28: note: 'CURLFORM_CONTENTSLENGTH' has been explicitly marked deprecated here
C/C++:  2567 |   CURLFORM_CONTENTSLENGTH  CURL_DEPRECATED(7.56.0, "Use curl_mime_data()"),
C/C++:       |                            ^
C/C++: /Users/bytedance/workspace/cemu_android/src/android/app/.cxx/Debug/4p2o44u4/arm64-v8a/vcpkg_installed/arm64-android/include/curl/curl.h:44:18: note: expanded from macro 'CURL_DEPRECATED'
C/C++:    44 |   __attribute__((deprecated("since " # version ". " message)))
C/C++:       |                  ^
C/C++: /Users/bytedance/workspace/cemu_android/src/Cafe/OS/libs/nn_olv/nn_olv_UploadCommunityTypes.cpp:149:8: warning: 'curl_formadd' is deprecated: since 7.56.0. Use curl_mime_init() [-Wdeprecated-declarations]
C/C++:   149 |                                                         curl_formadd(&post, &last,
C/C++:       |                                                         ^
C/C++: /Users/bytedance/workspace/cemu_android/src/android/app/.cxx/Debug/4p2o44u4/arm64-v8a/vcpkg_installed/arm64-android/include/curl/curl.h:2636:26: note: 'curl_formadd' has been explicitly marked deprecated here
C/C++:  2636 | CURL_EXTERN CURLFORMcode CURL_DEPRECATED(7.56.0, "Use curl_mime_init()")
C/C++:       |                          ^
C/C++: /Users/bytedance/workspace/cemu_android/src/android/app/.cxx/Debug/4p2o44u4/arm64-v8a/vcpkg_installed/arm64-android/include/curl/curl.h:44:18: note: expanded from macro 'CURL_DEPRECATED'
C/C++:    44 |   __attribute__((deprecated("since " # version ". " message)))
C/C++:       |                  ^
C/C++: /Users/bytedance/workspace/cemu_android/src/Cafe/OS/libs/nn_olv/nn_olv_UploadCommunityTypes.cpp:170:9: warning: 'CURLFORM_COPYNAME' is deprecated: since 7.56.0. Use curl_mime_name() [-Wdeprecated-declarations]
C/C++:   170 |                                                                 CURLFORM_COPYNAME, "app_data",
C/C++:       |                                                                 ^
C/C++: /Users/bytedance/workspace/cemu_android/src/android/app/.cxx/Debug/4p2o44u4/arm64-v8a/vcpkg_installed/arm64-android/include/curl/curl.h:2562:28: note: 'CURLFORM_COPYNAME' has been explicitly marked deprecated here
C/C++:  2562 |   CURLFORM_COPYNAME        CURL_DEPRECATED(7.56.0, "Use curl_mime_name()"),
C/C++:       |                            ^
C/C++: /Users/bytedance/workspace/cemu_android/src/android/app/.cxx/Debug/4p2o44u4/arm64-v8a/vcpkg_installed/arm64-android/include/curl/curl.h:44:18: note: expanded from macro 'CURL_DEPRECATED'
C/C++:    44 |   __attribute__((deprecated("since " # version ". " message)))
C/C++:       |                  ^
C/C++: /Users/bytedance/workspace/cemu_android/src/Cafe/OS/libs/nn_olv/nn_olv_UploadCommunityTypes.cpp:171:9: warning: 'CURLFORM_PTRCONTENTS' is deprecated: since 7.56.0. Use curl_mime_data() [-Wdeprecated-declarations]
C/C++:   171 |                                                                 CURLFORM_PTRCONTENTS, encodedAppData.data(),
C/C++:       |                                                                 ^
C/C++: /Users/bytedance/workspace/cemu_android/src/android/app/.cxx/Debug/4p2o44u4/arm64-v8a/vcpkg_installed/arm64-android/include/curl/curl.h:2566:28: note: 'CURLFORM_PTRCONTENTS' has been explicitly marked deprecated here
C/C++:  2566 |   CURLFORM_PTRCONTENTS     CURL_DEPRECATED(7.56.0, "Use curl_mime_data()"),
C/C++:       |                            ^
C/C++: /Users/bytedance/workspace/cemu_android/src/android/app/.cxx/Debug/4p2o44u4/arm64-v8a/vcpkg_installed/arm64-android/include/curl/curl.h:44:18: note: expanded from macro 'CURL_DEPRECATED'
C/C++:    44 |   __attribute__((deprecated("since " # version ". " message)))
C/C++:       |                  ^
C/C++: /Users/bytedance/workspace/cemu_android/src/Cafe/OS/libs/nn_olv/nn_olv_UploadCommunityTypes.cpp:172:9: warning: 'CURLFORM_CONTENTSLENGTH' is deprecated: since 7.56.0. Use curl_mime_data() [-Wdeprecated-declarations]
C/C++:   172 |                                                                 CURLFORM_CONTENTSLENGTH, encodedAppData.size(),
C/C++:       |                                                                 ^
C/C++: /Users/bytedance/workspace/cemu_android/src/android/app/.cxx/Debug/4p2o44u4/arm64-v8a/vcpkg_installed/arm64-android/include/curl/curl.h:2567:28: note: 'CURLFORM_CONTENTSLENGTH' has been explicitly marked deprecated here
C/C++:  2567 |   CURLFORM_CONTENTSLENGTH  CURL_DEPRECATED(7.56.0, "Use curl_mime_data()"),
C/C++:       |                            ^
C/C++: /Users/bytedance/workspace/cemu_android/src/android/app/.cxx/Debug/4p2o44u4/arm64-v8a/vcpkg_installed/arm64-android/include/curl/curl.h:44:18: note: expanded from macro 'CURL_DEPRECATED'
C/C++:    44 |   __attribute__((deprecated("since " # version ". " message)))
C/C++:       |                  ^
C/C++: /Users/bytedance/workspace/cemu_android/src/Cafe/OS/libs/nn_olv/nn_olv_UploadCommunityTypes.cpp:169:8: warning: 'curl_formadd' is deprecated: since 7.56.0. Use curl_mime_init() [-Wdeprecated-declarations]
C/C++:   169 |                                                         curl_formadd(&post, &last,
C/C++:       |                                                         ^
C/C++: /Users/bytedance/workspace/cemu_android/src/android/app/.cxx/Debug/4p2o44u4/arm64-v8a/vcpkg_installed/arm64-android/include/curl/curl.h:2636:26: note: 'curl_formadd' has been explicitly marked deprecated here
C/C++:  2636 | CURL_EXTERN CURLFORMcode CURL_DEPRECATED(7.56.0, "Use curl_mime_init()")
C/C++:       |                          ^
C/C++: /Users/bytedance/workspace/cemu_android/src/android/app/.cxx/Debug/4p2o44u4/arm64-v8a/vcpkg_installed/arm64-android/include/curl/curl.h:44:18: note: expanded from macro 'CURL_DEPRECATED'
C/C++:    44 |   __attribute__((deprecated("since " # version ". " message)))
C/C++:       |                  ^
C/C++: /Users/bytedance/workspace/cemu_android/src/Cafe/OS/libs/nn_olv/nn_olv_UploadCommunityTypes.cpp:184:5: warning: 'curl_formfree' is deprecated: since 7.56.0. Use curl_mime_free() [-Wdeprecated-declarations]
C/C++:   184 |                                 curl_formfree(post);
C/C++:       |                                 ^
C/C++: /Users/bytedance/workspace/cemu_android/src/android/app/.cxx/Debug/4p2o44u4/arm64-v8a/vcpkg_installed/arm64-android/include/curl/curl.h:2672:18: note: 'curl_formfree' has been explicitly marked deprecated here
C/C++:  2672 | CURL_EXTERN void CURL_DEPRECATED(7.56.0, "Use curl_mime_free()")
C/C++:       |                  ^
C/C++: /Users/bytedance/workspace/cemu_android/src/android/app/.cxx/Debug/4p2o44u4/arm64-v8a/vcpkg_installed/arm64-android/include/curl/curl.h:44:18: note: expanded from macro 'CURL_DEPRECATED'
C/C++:    44 |   __attribute__((deprecated("since " # version ". " message)))
C/C++:       |                  ^
C/C++: /Users/bytedance/workspace/cemu_android/src/Cafe/OS/libs/nn_olv/nn_olv_UploadCommunityTypes.cpp:192:36: warning: 'CURLOPT_HTTPPOST' is deprecated: since 7.56.0. Use CURLOPT_MIMEPOST [-Wdeprecated-declarations]
C/C++:   192 |                         curl_easy_setopt(req.getCURL(), CURLOPT_HTTPPOST, post);
C/C++:       |                                                         ^
C/C++: /Users/bytedance/workspace/cemu_android/src/android/app/.cxx/Debug/4p2o44u4/arm64-v8a/vcpkg_installed/arm64-android/include/curl/curl.h:1238:3: note: 'CURLOPT_HTTPPOST' has been explicitly marked deprecated here
C/C++:  1238 |   CURLOPTDEPRECATED(CURLOPT_HTTPPOST, CURLOPTTYPE_OBJECTPOINT, 24,
C/C++:       |   ^
C/C++: /Users/bytedance/workspace/cemu_android/src/android/app/.cxx/Debug/4p2o44u4/arm64-v8a/vcpkg_installed/arm64-android/include/curl/curl.h:1124:43: note: expanded from macro 'CURLOPTDEPRECATED'
C/C++:  1124 | #define CURLOPTDEPRECATED(na,t,nu,v,m) na CURL_DEPRECATED(v,m) = t + nu
C/C++:       |                                           ^
C/C++: /Users/bytedance/workspace/cemu_android/src/android/app/.cxx/Debug/4p2o44u4/arm64-v8a/vcpkg_installed/arm64-android/include/curl/curl.h:44:18: note: expanded from macro 'CURL_DEPRECATED'
C/C++:    44 |   __attribute__((deprecated("since " # version ". " message)))
C/C++:       |                  ^
C/C++: 22 warnings generated.
C/C++: In file included from /Users/bytedance/workspace/cemu_android/src/Cafe/OS/RPL/elf.cpp:5:
C/C++: In file included from /Users/bytedance/workspace/cemu_android/src/Cafe/../Cafe/HW/Espresso/Recompiler/PPCRecompiler.h:27:
C/C++: /Users/bytedance/workspace/cemu_android/src/Cafe/../Cafe/HW/Espresso/Recompiler/IML/IMLInstruction.h:761:21: warning: implicit conversion from 'int' to 'uint8' (aka 'unsigned char') changes value from -999 to 25 [-Wconstant-conversion]
C/C++:   761 |                 this->operation = -999;
C/C++:       |                                 ~ ^~~~
C/C++: /Users/bytedance/workspace/cemu_android/src/Cafe/../Cafe/HW/Espresso/Recompiler/IML/IMLInstruction.h:810:21: warning: implicit conversion from 'int' to 'uint8' (aka 'unsigned char') changes value from -999 to 25 [-Wconstant-conversion]
C/C++:   810 |                 this->operation = -999;
C/C++:       |                                 ~ ^~~~
C/C++: 2 warnings generated.
C/C++: In file included from /Users/bytedance/workspace/cemu_android/src/Cafe/OS/RPL/rpl.cpp:9:
C/C++: In file included from /Users/bytedance/workspace/cemu_android/src/Cafe/../Cafe/HW/Espresso/Recompiler/PPCRecompiler.h:27:
C/C++: /Users/bytedance/workspace/cemu_android/src/Cafe/../Cafe/HW/Espresso/Recompiler/IML/IMLInstruction.h:761:21: warning: implicit conversion from 'int' to 'uint8' (aka 'unsigned char') changes value from -999 to 25 [-Wconstant-conversion]
C/C++:   761 |                 this->operation = -999;
C/C++:       |                                 ~ ^~~~
C/C++: /Users/bytedance/workspace/cemu_android/src/Cafe/../Cafe/HW/Espresso/Recompiler/IML/IMLInstruction.h:810:21: warning: implicit conversion from 'int' to 'uint8' (aka 'unsigned char') changes value from -999 to 25 [-Wconstant-conversion]
C/C++:   810 |                 this->operation = -999;
C/C++:       |                                 ~ ^~~~
C/C++: 2 warnings generated.
C/C++: In file included from /Users/bytedance/workspace/cemu_android/src/Cafe/HW/Espresso/Recompiler/BackendAArch64/BackendAArch64.cpp:1:
C/C++: In file included from /Users/bytedance/workspace/cemu_android/src/Cafe/HW/Espresso/Recompiler/BackendAArch64/BackendAArch64.h:3:
C/C++: /Users/bytedance/workspace/cemu_android/src/Cafe/HW/Espresso/Recompiler/IML/IMLInstruction.h:761:21: warning: implicit conversion from 'int' to 'uint8' (aka 'unsigned char') changes value from -999 to 25 [-Wconstant-conversion]
C/C++:   761 |                 this->operation = -999;
C/C++:       |                                 ~ ^~~~
C/C++: /Users/bytedance/workspace/cemu_android/src/Cafe/HW/Espresso/Recompiler/IML/IMLInstruction.h:810:21: warning: implicit conversion from 'int' to 'uint8' (aka 'unsigned char') changes value from -999 to 25 [-Wconstant-conversion]
C/C++:   810 |                 this->operation = -999;
C/C++:       |                                 ~ ^~~~
C/C++: 2 warnings generated.

> Task :app:mergeDebugJniLibFolders UP-TO-DATE
> Task :app:validateSigningDebug UP-TO-DATE
> Task :app:writeDebugAppMetadata UP-TO-DATE
> Task :app:writeDebugSigningConfigVersions UP-TO-DATE
> Task :app:mergeDebugNativeLibs
> Task :app:stripDebugDebugSymbols
> Task :app:processDebugResources
> Task :app:dexBuilderDebug
> Task :app:mergeProjectDexDebug
> Task :app:packageDebug
> Task :app:createDebugApkListingFileRedirect
> Task :app:assembleDebug

BUILD SUCCESSFUL in 8m 53s
41 actionable tasks: 19 executed, 22 up-to-date
real 535.02
user 1.34
sys 0.38
