[1/402] Building CXX object src/Cafe/CMakeFiles/CemuCafe.dir/Filesystem/WUD/wud.cpp.o
[2/402] Building CXX object src/Cafe/CMakeFiles/CemuCafe.dir/HW/ACR/ACR.cpp.o
[3/402] Building CXX object src/Cafe/CMakeFiles/CemuCafe.dir/HW/AI/AI.cpp.o
[4/402] Building CXX object src/Cafe/CMakeFiles/CemuCafe.dir/Filesystem/fscDeviceWuhb.cpp.o
[5/402] Building CXX object src/Cafe/CMakeFiles/CemuCafe.dir/HW/Espresso/Debugger/DebugSymbolStorage.cpp.o
[6/402] Building CXX object src/Cafe/CMakeFiles/CemuCafe.dir/HW/Espresso/Interpreter/PPCInterpreterFPU.cpp.o
[7/402] Building CXX object src/Cafe/CMakeFiles/CemuCafe.dir/Filesystem/WUHB/WUHBReader.cpp.o
[8/402] Building CXX object src/Cafe/CMakeFiles/CemuCafe.dir/GamePatch.cpp.o
[9/402] Building CXX object src/Cafe/CMakeFiles/CemuCafe.dir/Filesystem/FST/KeyCache.cpp.o
[10/402] Building CXX object src/Cafe/CMakeFiles/CemuCafe.dir/HW/Espresso/Debugger/GDBBreakpoints.cpp.o
In file included from /Users/bytedance/workspace/cemu_android/src/Cafe/HW/Espresso/Debugger/GDBBreakpoints.cpp:3:
In file included from /Users/bytedance/workspace/cemu_android/src/Cafe/../Cafe/HW/Espresso/Recompiler/PPCRecompiler.h:27:
/Users/bytedance/workspace/cemu_android/src/Cafe/../Cafe/HW/Espresso/Recompiler/IML/IMLInstruction.h:761:21: warning: implicit conversion from 'int' to 'uint8' (aka 'unsigned char') changes value from -999 to 25 [-Wconstant-conversion]
  761 |                 this->operation = -999;
      |                                 ~ ^~~~
/Users/bytedance/workspace/cemu_android/src/Cafe/../Cafe/HW/Espresso/Recompiler/IML/IMLInstruction.h:810:21: warning: implicit conversion from 'int' to 'uint8' (aka 'unsigned char') changes value from -999 to 25 [-Wconstant-conversion]
  810 |                 this->operation = -999;
      |                                 ~ ^~~~
2 warnings generated.
[11/402] Building CXX object src/Cafe/CMakeFiles/CemuCafe.dir/GameProfile/GameProfile.cpp.o
[12/402] Building CXX object src/Cafe/CMakeFiles/CemuCafe.dir/GraphicPack/GraphicPack2Patches.cpp.o
[13/402] Building CXX object src/Cafe/CMakeFiles/CemuCafe.dir/GraphicPack/GraphicPack2PatchesParser.cpp.o
[14/402] Building CXX object src/Cafe/CMakeFiles/CemuCafe.dir/HW/Espresso/Debugger/Debugger.cpp.o
In file included from /Users/bytedance/workspace/cemu_android/src/Cafe/HW/Espresso/Debugger/Debugger.cpp:6:
In file included from /Users/bytedance/workspace/cemu_android/src/Cafe/../Cafe/HW/Espresso/Recompiler/PPCRecompiler.h:27:
/Users/bytedance/workspace/cemu_android/src/Cafe/../Cafe/HW/Espresso/Recompiler/IML/IMLInstruction.h:761:21: warning: implicit conversion from 'int' to 'uint8' (aka 'unsigned char') changes value from -999 to 25 [-Wconstant-conversion]
  761 |                 this->operation = -999;
      |                                 ~ ^~~~
/Users/bytedance/workspace/cemu_android/src/Cafe/../Cafe/HW/Espresso/Recompiler/IML/IMLInstruction.h:810:21: warning: implicit conversion from 'int' to 'uint8' (aka 'unsigned char') changes value from -999 to 25 [-Wconstant-conversion]
  810 |                 this->operation = -999;
      |                                 ~ ^~~~
2 warnings generated.
[15/402] Building CXX object src/Cafe/CMakeFiles/CemuCafe.dir/Filesystem/FST/FST.cpp.o
[16/402] Building CXX object src/Cafe/CMakeFiles/CemuCafe.dir/HW/Espresso/Interpreter/PPCInterpreterPS.cpp.o
[17/402] Building CXX object src/Cafe/CMakeFiles/CemuCafe.dir/HW/Espresso/Interpreter/PPCInterpreterMain.cpp.o
[18/402] Building CXX object src/Cafe/CMakeFiles/CemuCafe.dir/HW/Espresso/Interpreter/PPCInterpreterImpl.cpp.o
[19/402] Building CXX object src/Cafe/CMakeFiles/CemuCafe.dir/HW/Espresso/Interpreter/PPCInterpreterHLE.cpp.o
[20/402] Building CXX object src/Cafe/CMakeFiles/CemuCafe.dir/HW/Espresso/Interpreter/PPCInterpreterOPC.cpp.o
In file included from /Users/bytedance/workspace/cemu_android/src/Cafe/HW/Espresso/Interpreter/PPCInterpreterOPC.cpp:7:
In file included from /Users/bytedance/workspace/cemu_android/src/Cafe/HW/Espresso/Interpreter/../Recompiler/PPCRecompiler.h:27:
/Users/bytedance/workspace/cemu_android/src/Cafe/../Cafe/HW/Espresso/Recompiler/IML/IMLInstruction.h:761:21: warning: implicit conversion from 'int' to 'uint8' (aka 'unsigned char') changes value from -999 to 25 [-Wconstant-conversion]
  761 |                 this->operation = -999;
      |                                 ~ ^~~~
/Users/bytedance/workspace/cemu_android/src/Cafe/../Cafe/HW/Espresso/Recompiler/IML/IMLInstruction.h:810:21: warning: implicit conversion from 'int' to 'uint8' (aka 'unsigned char') changes value from -999 to 25 [-Wconstant-conversion]
  810 |                 this->operation = -999;
      |                                 ~ ^~~~
2 warnings generated.
[21/402] Building CXX object src/Cafe/CMakeFiles/CemuCafe.dir/HW/Espresso/PPCSchedulerLLE.cpp.o
[22/402] Building CXX object src/Cafe/CMakeFiles/CemuCafe.dir/HW/Espresso/PPCScheduler.cpp.o
In file included from /Users/bytedance/workspace/cemu_android/src/Cafe/HW/Espresso/PPCScheduler.cpp:7:
In file included from /Users/bytedance/workspace/cemu_android/src/Cafe/../Cafe/HW/Espresso/Recompiler/PPCRecompiler.h:27:
/Users/bytedance/workspace/cemu_android/src/Cafe/../Cafe/HW/Espresso/Recompiler/IML/IMLInstruction.h:761:21: warning: implicit conversion from 'int' to 'uint8' (aka 'unsigned char') changes value from -999 to 25 [-Wconstant-conversion]
  761 |                 this->operation = -999;
      |                                 ~ ^~~~
/Users/bytedance/workspace/cemu_android/src/Cafe/../Cafe/HW/Espresso/Recompiler/IML/IMLInstruction.h:810:21: warning: implicit conversion from 'int' to 'uint8' (aka 'unsigned char') changes value from -999 to 25 [-Wconstant-conversion]
  810 |                 this->operation = -999;
      |                                 ~ ^~~~
2 warnings generated.
[23/402] Building CXX object src/Cafe/CMakeFiles/CemuCafe.dir/GraphicPack/GraphicPack2PatchesApply.cpp.o
In file included from /Users/bytedance/workspace/cemu_android/src/Cafe/GraphicPack/GraphicPack2PatchesApply.cpp:6:
In file included from /Users/bytedance/workspace/cemu_android/src/Cafe/../Cafe/HW/Espresso/Recompiler/PPCRecompiler.h:27:
/Users/bytedance/workspace/cemu_android/src/Cafe/../Cafe/HW/Espresso/Recompiler/IML/IMLInstruction.h:761:21: warning: implicit conversion from 'int' to 'uint8' (aka 'unsigned char') changes value from -999 to 25 [-Wconstant-conversion]
  761 |                 this->operation = -999;
      |                                 ~ ^~~~
/Users/bytedance/workspace/cemu_android/src/Cafe/../Cafe/HW/Espresso/Recompiler/IML/IMLInstruction.h:810:21: warning: implicit conversion from 'int' to 'uint8' (aka 'unsigned char') changes value from -999 to 25 [-Wconstant-conversion]
  810 |                 this->operation = -999;
      |                                 ~ ^~~~
2 warnings generated.
[24/402] Building CXX object src/Cafe/CMakeFiles/CemuCafe.dir/HW/Espresso/PPCTimer.cpp.o
[25/402] Building CXX object src/Cafe/CMakeFiles/CemuCafe.dir/HW/Espresso/Recompiler/IML/IMLSegment.cpp.o
In file included from /Users/bytedance/workspace/cemu_android/src/Cafe/HW/Espresso/Recompiler/IML/IMLSegment.cpp:1:
/Users/bytedance/workspace/cemu_android/src/Cafe/HW/Espresso/Recompiler/IML/IMLInstruction.h:761:21: warning: implicit conversion from 'int' to 'uint8' (aka 'unsigned char') changes value from -999 to 25 [-Wconstant-conversion]
  761 |                 this->operation = -999;
      |                                 ~ ^~~~
/Users/bytedance/workspace/cemu_android/src/Cafe/HW/Espresso/Recompiler/IML/IMLInstruction.h:810:21: warning: implicit conversion from 'int' to 'uint8' (aka 'unsigned char') changes value from -999 to 25 [-Wconstant-conversion]
  810 |                 this->operation = -999;
      |                                 ~ ^~~~
2 warnings generated.
[26/402] Building CXX object src/Cafe/CMakeFiles/CemuCafe.dir/HW/Espresso/Recompiler/IML/IMLInstruction.cpp.o
In file included from /Users/bytedance/workspace/cemu_android/src/Cafe/HW/Espresso/Recompiler/IML/IMLInstruction.cpp:1:
/Users/bytedance/workspace/cemu_android/src/Cafe/HW/Espresso/Recompiler/IML/IMLInstruction.h:761:21: warning: implicit conversion from 'int' to 'uint8' (aka 'unsigned char') changes value from -999 to 25 [-Wconstant-conversion]
  761 |                 this->operation = -999;
      |                                 ~ ^~~~
/Users/bytedance/workspace/cemu_android/src/Cafe/HW/Espresso/Recompiler/IML/IMLInstruction.h:810:21: warning: implicit conversion from 'int' to 'uint8' (aka 'unsigned char') changes value from -999 to 25 [-Wconstant-conversion]
  810 |                 this->operation = -999;
      |                                 ~ ^~~~
2 warnings generated.
[27/402] Building CXX object src/Cafe/CMakeFiles/CemuCafe.dir/HW/Espresso/Recompiler/IML/IMLAnalyzer.cpp.o
In file included from /Users/bytedance/workspace/cemu_android/src/Cafe/HW/Espresso/Recompiler/IML/IMLAnalyzer.cpp:1:
In file included from /Users/bytedance/workspace/cemu_android/src/Cafe/HW/Espresso/Recompiler/IML/IML.h:3:
/Users/bytedance/workspace/cemu_android/src/Cafe/HW/Espresso/Recompiler/IML/IMLInstruction.h:761:21: warning: implicit conversion from 'int' to 'uint8' (aka 'unsigned char') changes value from -999 to 25 [-Wconstant-conversion]
  761 |                 this->operation = -999;
      |                                 ~ ^~~~
/Users/bytedance/workspace/cemu_android/src/Cafe/HW/Espresso/Recompiler/IML/IMLInstruction.h:810:21: warning: implicit conversion from 'int' to 'uint8' (aka 'unsigned char') changes value from -999 to 25 [-Wconstant-conversion]
  810 |                 this->operation = -999;
      |                                 ~ ^~~~
2 warnings generated.
[28/402] Building CXX object src/imgui/CMakeFiles/imguiImpl.dir/imgui_extension.cpp.o
[29/402] Building CXX object src/Cafe/CMakeFiles/CemuCafe.dir/HW/Espresso/Debugger/GDBStub.cpp.o
In file included from /Users/bytedance/workspace/cemu_android/src/Cafe/HW/Espresso/Debugger/GDBStub.cpp:3:
In file included from /Users/bytedance/workspace/cemu_android/src/Cafe/../Cafe/HW/Espresso/Recompiler/PPCRecompiler.h:27:
/Users/bytedance/workspace/cemu_android/src/Cafe/../Cafe/HW/Espresso/Recompiler/IML/IMLInstruction.h:761:21: warning: implicit conversion from 'int' to 'uint8' (aka 'unsigned char') changes value from -999 to 25 [-Wconstant-conversion]
  761 |                 this->operation = -999;
      |                                 ~ ^~~~
/Users/bytedance/workspace/cemu_android/src/Cafe/../Cafe/HW/Espresso/Recompiler/IML/IMLInstruction.h:810:21: warning: implicit conversion from 'int' to 'uint8' (aka 'unsigned char') changes value from -999 to 25 [-Wconstant-conversion]
  810 |                 this->operation = -999;
      |                                 ~ ^~~~
2 warnings generated.
[30/402] Building CXX object src/Cafe/CMakeFiles/CemuCafe.dir/HW/Espresso/Recompiler/IML/IMLOptimizer.cpp.o
In file included from /Users/bytedance/workspace/cemu_android/src/Cafe/HW/Espresso/Recompiler/IML/IMLOptimizer.cpp:2:
In file included from /Users/bytedance/workspace/cemu_android/src/Cafe/../Cafe/HW/Espresso/Recompiler/IML/IML.h:3:
/Users/bytedance/workspace/cemu_android/src/Cafe/../Cafe/HW/Espresso/Recompiler/IML/IMLInstruction.h:761:21: warning: implicit conversion from 'int' to 'uint8' (aka 'unsigned char') changes value from -999 to 25 [-Wconstant-conversion]
  761 |                 this->operation = -999;
      |                                 ~ ^~~~
/Users/bytedance/workspace/cemu_android/src/Cafe/../Cafe/HW/Espresso/Recompiler/IML/IMLInstruction.h:810:21: warning: implicit conversion from 'int' to 'uint8' (aka 'unsigned char') changes value from -999 to 25 [-Wconstant-conversion]
  810 |                 this->operation = -999;
      |                                 ~ ^~~~
2 warnings generated.
[31/402] Building CXX object src/Cafe/CMakeFiles/CemuCafe.dir/HW/Espresso/Recompiler/IML/IMLRegisterAllocatorRanges.cpp.o
In file included from /Users/bytedance/workspace/cemu_android/src/Cafe/HW/Espresso/Recompiler/IML/IMLRegisterAllocatorRanges.cpp:1:
In file included from /Users/bytedance/workspace/cemu_android/src/Cafe/HW/Espresso/Recompiler/IML/../PPCRecompiler.h:27:
/Users/bytedance/workspace/cemu_android/src/Cafe/../Cafe/HW/Espresso/Recompiler/IML/IMLInstruction.h:761:21: warning: implicit conversion from 'int' to 'uint8' (aka 'unsigned char') changes value from -999 to 25 [-Wconstant-conversion]
  761 |                 this->operation = -999;
      |                                 ~ ^~~~
/Users/bytedance/workspace/cemu_android/src/Cafe/../Cafe/HW/Espresso/Recompiler/IML/IMLInstruction.h:810:21: warning: implicit conversion from 'int' to 'uint8' (aka 'unsigned char') changes value from -999 to 25 [-Wconstant-conversion]
  810 |                 this->operation = -999;
      |                                 ~ ^~~~
2 warnings generated.
[32/402] Building CXX object src/Cafe/CMakeFiles/CemuCafe.dir/HW/Espresso/Recompiler/PPCRecompilerIntermediate.cpp.o
In file included from /Users/bytedance/workspace/cemu_android/src/Cafe/HW/Espresso/Recompiler/PPCRecompilerIntermediate.cpp:1:
In file included from /Users/bytedance/workspace/cemu_android/src/Cafe/HW/Espresso/Recompiler/PPCRecompiler.h:27:
/Users/bytedance/workspace/cemu_android/src/Cafe/../Cafe/HW/Espresso/Recompiler/IML/IMLInstruction.h:761:21: warning: implicit conversion from 'int' to 'uint8' (aka 'unsigned char') changes value from -999 to 25 [-Wconstant-conversion]
  761 |                 this->operation = -999;
      |                                 ~ ^~~~
/Users/bytedance/workspace/cemu_android/src/Cafe/../Cafe/HW/Espresso/Recompiler/IML/IMLInstruction.h:810:21: warning: implicit conversion from 'int' to 'uint8' (aka 'unsigned char') changes value from -999 to 25 [-Wconstant-conversion]
  810 |                 this->operation = -999;
      |                                 ~ ^~~~
2 warnings generated.
[33/402] Building CXX object src/Cafe/CMakeFiles/CemuCafe.dir/HW/Espresso/Recompiler/BackendX64/BackendX64AVX.cpp.o
In file included from /Users/bytedance/workspace/cemu_android/src/Cafe/HW/Espresso/Recompiler/BackendX64/BackendX64AVX.cpp:1:
In file included from /Users/bytedance/workspace/cemu_android/src/Cafe/HW/Espresso/Recompiler/BackendX64/BackendX64.h:2:
In file included from /Users/bytedance/workspace/cemu_android/src/Cafe/HW/Espresso/Recompiler/BackendX64/../PPCRecompiler.h:27:
/Users/bytedance/workspace/cemu_android/src/Cafe/../Cafe/HW/Espresso/Recompiler/IML/IMLInstruction.h:761:21: warning: implicit conversion from 'int' to 'uint8' (aka 'unsigned char') changes value from -999 to 25 [-Wconstant-conversion]
  761 |                 this->operation = -999;
      |                                 ~ ^~~~
/Users/bytedance/workspace/cemu_android/src/Cafe/../Cafe/HW/Espresso/Recompiler/IML/IMLInstruction.h:810:21: warning: implicit conversion from 'int' to 'uint8' (aka 'unsigned char') changes value from -999 to 25 [-Wconstant-conversion]
  810 |                 this->operation = -999;
      |                                 ~ ^~~~
2 warnings generated.
[34/402] Building CXX object src/Cafe/CMakeFiles/CemuCafe.dir/HW/Espresso/Recompiler/PPCRecompilerImlGenFPU.cpp.o
In file included from /Users/bytedance/workspace/cemu_android/src/Cafe/HW/Espresso/Recompiler/PPCRecompilerImlGenFPU.cpp:3:
In file included from /Users/bytedance/workspace/cemu_android/src/Cafe/HW/Espresso/Recompiler/PPCRecompiler.h:27:
/Users/bytedance/workspace/cemu_android/src/Cafe/../Cafe/HW/Espresso/Recompiler/IML/IMLInstruction.h:761:21: warning: implicit conversion from 'int' to 'uint8' (aka 'unsigned char') changes value from -999 to 25 [-Wconstant-conversion]
  761 |                 this->operation = -999;
      |                                 ~ ^~~~
/Users/bytedance/workspace/cemu_android/src/Cafe/../Cafe/HW/Espresso/Recompiler/IML/IMLInstruction.h:810:21: warning: implicit conversion from 'int' to 'uint8' (aka 'unsigned char') changes value from -999 to 25 [-Wconstant-conversion]
  810 |                 this->operation = -999;
      |                                 ~ ^~~~
2 warnings generated.
[35/402] Building CXX object src/Cafe/CMakeFiles/CemuCafe.dir/HW/Espresso/Recompiler/BackendX64/BackendX64BMI.cpp.o
In file included from /Users/bytedance/workspace/cemu_android/src/Cafe/HW/Espresso/Recompiler/BackendX64/BackendX64BMI.cpp:1:
In file included from /Users/bytedance/workspace/cemu_android/src/Cafe/HW/Espresso/Recompiler/BackendX64/BackendX64.h:2:
In file included from /Users/bytedance/workspace/cemu_android/src/Cafe/HW/Espresso/Recompiler/BackendX64/../PPCRecompiler.h:27:
/Users/bytedance/workspace/cemu_android/src/Cafe/../Cafe/HW/Espresso/Recompiler/IML/IMLInstruction.h:761:21: warning: implicit conversion from 'int' to 'uint8' (aka 'unsigned char') changes value from -999 to 25 [-Wconstant-conversion]
  761 |                 this->operation = -999;
      |                                 ~ ^~~~
/Users/bytedance/workspace/cemu_android/src/Cafe/../Cafe/HW/Espresso/Recompiler/IML/IMLInstruction.h:810:21: warning: implicit conversion from 'int' to 'uint8' (aka 'unsigned char') changes value from -999 to 25 [-Wconstant-conversion]
  810 |                 this->operation = -999;
      |                                 ~ ^~~~
2 warnings generated.
[36/402] Building CXX object src/Cafe/CMakeFiles/CemuCafe.dir/HW/Espresso/Recompiler/IML/IMLDebug.cpp.o
In file included from /Users/bytedance/workspace/cemu_android/src/Cafe/HW/Espresso/Recompiler/IML/IMLDebug.cpp:1:
In file included from /Users/bytedance/workspace/cemu_android/src/Cafe/HW/Espresso/Recompiler/IML/IML.h:3:
/Users/bytedance/workspace/cemu_android/src/Cafe/HW/Espresso/Recompiler/IML/IMLInstruction.h:761:21: warning: implicit conversion from 'int' to 'uint8' (aka 'unsigned char') changes value from -999 to 25 [-Wconstant-conversion]
  761 |                 this->operation = -999;
      |                                 ~ ^~~~
/Users/bytedance/workspace/cemu_android/src/Cafe/HW/Espresso/Recompiler/IML/IMLInstruction.h:810:21: warning: implicit conversion from 'int' to 'uint8' (aka 'unsigned char') changes value from -999 to 25 [-Wconstant-conversion]
  810 |                 this->operation = -999;
      |                                 ~ ^~~~
/Users/bytedance/workspace/cemu_android/src/Cafe/HW/Espresso/Recompiler/IML/IMLDebug.cpp:64:2: warning: 'sprintf' is deprecated: This function is provided for compatibility reasons only.  Due to security concerns inherent in the design of sprintf(3), it is highly recommended that you use snprintf(3) instead. [-Wdeprecated-declarations]
   64 |         sprintf(_tempOpcodename, "OP0%02x_T%d", iml->operation, iml->type);
      |         ^
/Applications/Xcode-16.3.0.app/Contents/Developer/Platforms/MacOSX.platform/Developer/SDKs/MacOSX.sdk/usr/include/_stdio.h:278:1: note: 'sprintf' has been explicitly marked deprecated here
  278 | __deprecated_msg("This function is provided for compatibility reasons only.  Due to security concerns inherent in the design of sprintf(3), it is highly recommended that you use snprintf(3) instead.")
      | ^
/Applications/Xcode-16.3.0.app/Contents/Developer/Platforms/MacOSX.platform/Developer/SDKs/MacOSX.sdk/usr/include/sys/cdefs.h:218:48: note: expanded from macro '__deprecated_msg'
  218 |         #define __deprecated_msg(_msg) __attribute__((__deprecated__(_msg)))
      |                                                       ^
3 warnings generated.
[37/402] Building CXX object src/Cafe/CMakeFiles/CemuCafe.dir/HW/Espresso/Recompiler/BackendX64/BackendX64.cpp.o
In file included from /Users/bytedance/workspace/cemu_android/src/Cafe/HW/Espresso/Recompiler/BackendX64/BackendX64.cpp:4:
In file included from /Users/bytedance/workspace/cemu_android/src/Cafe/HW/Espresso/Recompiler/BackendX64/../PPCRecompiler.h:27:
/Users/bytedance/workspace/cemu_android/src/Cafe/../Cafe/HW/Espresso/Recompiler/IML/IMLInstruction.h:761:21: warning: implicit conversion from 'int' to 'uint8' (aka 'unsigned char') changes value from -999 to 25 [-Wconstant-conversion]
  761 |                 this->operation = -999;
      |                                 ~ ^~~~
/Users/bytedance/workspace/cemu_android/src/Cafe/../Cafe/HW/Espresso/Recompiler/IML/IMLInstruction.h:810:21: warning: implicit conversion from 'int' to 'uint8' (aka 'unsigned char') changes value from -999 to 25 [-Wconstant-conversion]
  810 |                 this->operation = -999;
      |                                 ~ ^~~~
2 warnings generated.
[38/402] Building CXX object src/Cafe/CMakeFiles/CemuCafe.dir/HW/Espresso/Recompiler/IML/IMLRegisterAllocator.cpp.o
In file included from /Users/bytedance/workspace/cemu_android/src/Cafe/HW/Espresso/Recompiler/IML/IMLRegisterAllocator.cpp:1:
In file included from /Users/bytedance/workspace/cemu_android/src/Cafe/HW/Espresso/Recompiler/IML/IML.h:3:
/Users/bytedance/workspace/cemu_android/src/Cafe/HW/Espresso/Recompiler/IML/IMLInstruction.h:761:21: warning: implicit conversion from 'int' to 'uint8' (aka 'unsigned char') changes value from -999 to 25 [-Wconstant-conversion]
  761 |                 this->operation = -999;
      |                                 ~ ^~~~
/Users/bytedance/workspace/cemu_android/src/Cafe/HW/Espresso/Recompiler/IML/IMLInstruction.h:810:21: warning: implicit conversion from 'int' to 'uint8' (aka 'unsigned char') changes value from -999 to 25 [-Wconstant-conversion]
  810 |                 this->operation = -999;
      |                                 ~ ^~~~
2 warnings generated.
[39/402] Building CXX object src/Cafe/CMakeFiles/CemuCafe.dir/HW/Espresso/Recompiler/BackendX64/BackendX64FPU.cpp.o
In file included from /Users/bytedance/workspace/cemu_android/src/Cafe/HW/Espresso/Recompiler/BackendX64/BackendX64FPU.cpp:1:
In file included from /Users/bytedance/workspace/cemu_android/src/Cafe/HW/Espresso/Recompiler/BackendX64/../PPCRecompiler.h:27:
/Users/bytedance/workspace/cemu_android/src/Cafe/../Cafe/HW/Espresso/Recompiler/IML/IMLInstruction.h:761:21: warning: implicit conversion from 'int' to 'uint8' (aka 'unsigned char') changes value from -999 to 25 [-Wconstant-conversion]
  761 |                 this->operation = -999;
      |                                 ~ ^~~~
/Users/bytedance/workspace/cemu_android/src/Cafe/../Cafe/HW/Espresso/Recompiler/IML/IMLInstruction.h:810:21: warning: implicit conversion from 'int' to 'uint8' (aka 'unsigned char') changes value from -999 to 25 [-Wconstant-conversion]
  810 |                 this->operation = -999;
      |                                 ~ ^~~~
2 warnings generated.
[40/402] Linking CXX static library src/imgui/libimguiImpl.a
[41/402] Building CXX object src/Cafe/CMakeFiles/CemuCafe.dir/HW/Latte/Common/RegisterSerializer.cpp.o
[42/402] Building CXX object src/Cafe/CMakeFiles/CemuCafe.dir/HW/Espresso/Recompiler/PPCRecompiler.cpp.o
In file included from /Users/bytedance/workspace/cemu_android/src/Cafe/HW/Espresso/Recompiler/PPCRecompiler.cpp:3:
In file included from /Users/bytedance/workspace/cemu_android/src/Cafe/HW/Espresso/Recompiler/PPCRecompiler.h:27:
/Users/bytedance/workspace/cemu_android/src/Cafe/../Cafe/HW/Espresso/Recompiler/IML/IMLInstruction.h:761:21: warning: implicit conversion from 'int' to 'uint8' (aka 'unsigned char') changes value from -999 to 25 [-Wconstant-conversion]
  761 |                 this->operation = -999;
      |                                 ~ ^~~~
/Users/bytedance/workspace/cemu_android/src/Cafe/../Cafe/HW/Espresso/Recompiler/IML/IMLInstruction.h:810:21: warning: implicit conversion from 'int' to 'uint8' (aka 'unsigned char') changes value from -999 to 25 [-Wconstant-conversion]
  810 |                 this->operation = -999;
      |                                 ~ ^~~~
2 warnings generated.
[43/402] Building CXX object src/Cafe/CMakeFiles/CemuCafe.dir/HW/Latte/Common/ShaderSerializer.cpp.o
[44/402] Building CXX object src/Cafe/CMakeFiles/CemuCafe.dir/HW/Espresso/Recompiler/BackendX64/BackendX64GenFPU.cpp.o
In file included from /Users/bytedance/workspace/cemu_android/src/Cafe/HW/Espresso/Recompiler/BackendX64/BackendX64GenFPU.cpp:1:
In file included from /Users/bytedance/workspace/cemu_android/src/Cafe/HW/Espresso/Recompiler/BackendX64/BackendX64.h:2:
In file included from /Users/bytedance/workspace/cemu_android/src/Cafe/HW/Espresso/Recompiler/BackendX64/../PPCRecompiler.h:27:
/Users/bytedance/workspace/cemu_android/src/Cafe/../Cafe/HW/Espresso/Recompiler/IML/IMLInstruction.h:761:21: warning: implicit conversion from 'int' to 'uint8' (aka 'unsigned char') changes value from -999 to 25 [-Wconstant-conversion]
  761 |                 this->operation = -999;
      |                                 ~ ^~~~
/Users/bytedance/workspace/cemu_android/src/Cafe/../Cafe/HW/Espresso/Recompiler/IML/IMLInstruction.h:810:21: warning: implicit conversion from 'int' to 'uint8' (aka 'unsigned char') changes value from -999 to 25 [-Wconstant-conversion]
  810 |                 this->operation = -999;
      |                                 ~ ^~~~
2 warnings generated.
[45/402] Building CXX object src/Cafe/CMakeFiles/CemuCafe.dir/HW/Espresso/Recompiler/BackendX64/BackendX64Gen.cpp.o
In file included from /Users/bytedance/workspace/cemu_android/src/Cafe/HW/Espresso/Recompiler/BackendX64/BackendX64Gen.cpp:1:
In file included from /Users/bytedance/workspace/cemu_android/src/Cafe/HW/Espresso/Recompiler/BackendX64/BackendX64.h:2:
In file included from /Users/bytedance/workspace/cemu_android/src/Cafe/HW/Espresso/Recompiler/BackendX64/../PPCRecompiler.h:27:
/Users/bytedance/workspace/cemu_android/src/Cafe/../Cafe/HW/Espresso/Recompiler/IML/IMLInstruction.h:761:21: warning: implicit conversion from 'int' to 'uint8' (aka 'unsigned char') changes value from -999 to 25 [-Wconstant-conversion]
  761 |                 this->operation = -999;
      |                                 ~ ^~~~
/Users/bytedance/workspace/cemu_android/src/Cafe/../Cafe/HW/Espresso/Recompiler/IML/IMLInstruction.h:810:21: warning: implicit conversion from 'int' to 'uint8' (aka 'unsigned char') changes value from -999 to 25 [-Wconstant-conversion]
  810 |                 this->operation = -999;
      |                                 ~ ^~~~
2 warnings generated.
[46/402] Building CXX object src/Cafe/CMakeFiles/CemuCafe.dir/HW/Espresso/Recompiler/PPCRecompilerImlGen.cpp.o
In file included from /Users/bytedance/workspace/cemu_android/src/Cafe/HW/Espresso/Recompiler/PPCRecompilerImlGen.cpp:4:
In file included from /Users/bytedance/workspace/cemu_android/src/Cafe/HW/Espresso/Recompiler/PPCRecompiler.h:27:
/Users/bytedance/workspace/cemu_android/src/Cafe/../Cafe/HW/Espresso/Recompiler/IML/IMLInstruction.h:761:21: warning: implicit conversion from 'int' to 'uint8' (aka 'unsigned char') changes value from -999 to 25 [-Wconstant-conversion]
  761 |                 this->operation = -999;
      |                                 ~ ^~~~
/Users/bytedance/workspace/cemu_android/src/Cafe/../Cafe/HW/Espresso/Recompiler/IML/IMLInstruction.h:810:21: warning: implicit conversion from 'int' to 'uint8' (aka 'unsigned char') changes value from -999 to 25 [-Wconstant-conversion]
  810 |                 this->operation = -999;
      |                                 ~ ^~~~
2 warnings generated.
[47/402] Building CXX object src/Cafe/CMakeFiles/CemuCafe.dir/HW/Latte/Core/LatteAsyncCommands.cpp.o
[48/402] Building CXX object src/Cafe/CMakeFiles/CemuCafe.dir/HW/Latte/Core/LattePerformanceMonitor.cpp.o
[49/402] Building CXX object src/Cafe/CMakeFiles/CemuCafe.dir/HW/Latte/Core/LatteRingBuffer.cpp.o
[50/402] Building CXX object src/Cafe/CMakeFiles/CemuCafe.dir/GraphicPack/GraphicPack2.cpp.o
[51/402] Building CXX object src/Cafe/CMakeFiles/CemuCafe.dir/HW/Latte/Core/LatteIndices.cpp.o
[52/402] Building CXX object src/Cafe/CMakeFiles/CemuCafe.dir/CafeSystem.cpp.o
In file included from /Users/bytedance/workspace/cemu_android/src/Cafe/CafeSystem.cpp:6:
In file included from /Users/bytedance/workspace/cemu_android/src/Cafe/../Cafe/HW/Espresso/Recompiler/PPCRecompiler.h:27:
/Users/bytedance/workspace/cemu_android/src/Cafe/../Cafe/HW/Espresso/Recompiler/IML/IMLInstruction.h:761:21: warning: implicit conversion from 'int' to 'uint8' (aka 'unsigned char') changes value from -999 to 25 [-Wconstant-conversion]
  761 |                 this->operation = -999;
      |                                 ~ ^~~~
/Users/bytedance/workspace/cemu_android/src/Cafe/../Cafe/HW/Espresso/Recompiler/IML/IMLInstruction.h:810:21: warning: implicit conversion from 'int' to 'uint8' (aka 'unsigned char') changes value from -999 to 25 [-Wconstant-conversion]
  810 |                 this->operation = -999;
      |                                 ~ ^~~~
2 warnings generated.
[53/402] Building CXX object src/Cafe/CMakeFiles/CemuCafe.dir/HW/Latte/Core/LatteQuery.cpp.o
[54/402] Building CXX object src/Cafe/CMakeFiles/CemuCafe.dir/HW/Latte/Core/FetchShader.cpp.o
[55/402] Building CXX object src/Cafe/CMakeFiles/CemuCafe.dir/HW/Latte/Core/LatteGSCopyShaderParser.cpp.o
[56/402] Building CXX object src/Cafe/CMakeFiles/CemuCafe.dir/HW/Latte/Core/LatteBufferData.cpp.o
[57/402] Building CXX object src/Cafe/CMakeFiles/CemuCafe.dir/HW/Latte/Core/LatteSoftware.cpp.o
/Users/bytedance/workspace/cemu_android/src/Cafe/HW/Latte/Core/LatteSoftware.cpp:69:3: warning: 'sprintf' is deprecated: This function is provided for compatibility reasons only.  Due to security concerns inherent in the design of sprintf(3), it is highly recommended that you use snprintf(3) instead. [-Wdeprecated-declarations]
   69 |                 sprintf(tempStr, "R%d", srcSel & 0x7F);
      |                 ^
/Applications/Xcode-16.3.0.app/Contents/Developer/Platforms/MacOSX.platform/Developer/SDKs/MacOSX.sdk/usr/include/_stdio.h:278:1: note: 'sprintf' has been explicitly marked deprecated here
  278 | __deprecated_msg("This function is provided for compatibility reasons only.  Due to security concerns inherent in the design of sprintf(3), it is highly recommended that you use snprintf(3) instead.")
      | ^
/Applications/Xcode-16.3.0.app/Contents/Developer/Platforms/MacOSX.platform/Developer/SDKs/MacOSX.sdk/usr/include/sys/cdefs.h:218:48: note: expanded from macro '__deprecated_msg'
  218 |         #define __deprecated_msg(_msg) __attribute__((__deprecated__(_msg)))
      |                                                       ^
1 warning generated.
[58/402] Building CXX object src/Cafe/CMakeFiles/CemuCafe.dir/HW/Latte/Core/LatteBufferCache.cpp.o
[59/402] Building CXX object src/Cafe/CMakeFiles/CemuCafe.dir/HW/Latte/Core/LatteSurfaceCopy.cpp.o
[60/402] Building CXX object src/Cafe/CMakeFiles/CemuCafe.dir/HW/Latte/Core/LatteCommandProcessor.cpp.o
[61/402] Building CXX object src/Cafe/CMakeFiles/CemuCafe.dir/HW/Latte/Core/LatteTextureCache.cpp.o
[62/402] Building CXX object src/Cafe/CMakeFiles/CemuCafe.dir/HW/Latte/Core/LatteStreamoutGPU.cpp.o
[63/402] Building CXX object src/Cafe/CMakeFiles/CemuCafe.dir/HW/Latte/Core/LatteTextureLegacy.cpp.o
[64/402] Building CXX object src/Cafe/CMakeFiles/CemuCafe.dir/HW/Latte/LatteAddrLib/LatteAddrLib_Coord.cpp.o
[65/402] Building CXX object src/Cafe/CMakeFiles/CemuCafe.dir/HW/Latte/Core/LatteTiming.cpp.o
[66/402] Building CXX object src/Cafe/CMakeFiles/CemuCafe.dir/HW/Latte/LatteAddrLib/LatteAddrLib.cpp.o
[67/402] Building CXX object src/Cafe/CMakeFiles/CemuCafe.dir/HW/Latte/Core/LatteTextureView.cpp.o
[68/402] Building CXX object src/Cafe/CMakeFiles/CemuCafe.dir/HW/Latte/Core/LatteTextureLoader.cpp.o
[69/402] Building CXX object src/Cafe/CMakeFiles/CemuCafe.dir/HW/Latte/Core/LatteTextureReadback.cpp.o
[70/402] Building CXX object src/Cafe/CMakeFiles/CemuCafe.dir/HW/Latte/LegacyShaderDecompiler/LatteDecompilerRegisterDataTypeTracker.cpp.o
[71/402] Building CXX object src/Cafe/CMakeFiles/CemuCafe.dir/HW/Latte/Core/LatteTexture.cpp.o
[72/402] Building CXX object src/Cafe/CMakeFiles/CemuCafe.dir/HW/Latte/LegacyShaderDecompiler/LatteDecompiler.cpp.o
[73/402] Building CXX object src/Cafe/CMakeFiles/CemuCafe.dir/HW/Latte/LegacyShaderDecompiler/LatteDecompilerAnalyzer.cpp.o
[74/402] Building CXX object src/Cafe/CMakeFiles/CemuCafe.dir/HW/Latte/Core/LatteOverlay.cpp.o
[75/402] Building CXX object src/Cafe/CMakeFiles/CemuCafe.dir/HW/Latte/Renderer/Renderer.cpp.o
[76/402] Building CXX object src/Cafe/CMakeFiles/CemuCafe.dir/HW/Latte/Core/LatteThread.cpp.o
[77/402] Building CXX object src/Cafe/CMakeFiles/CemuCafe.dir/HW/Latte/Renderer/RendererOuputShader.cpp.o
[78/402] Building CXX object src/Cafe/CMakeFiles/CemuCafe.dir/HW/Latte/Core/LatteShaderCache.cpp.o
[79/402] Building CXX object src/Cafe/CMakeFiles/CemuCafe.dir/HW/Latte/ShaderInfo/ShaderInstanceInfo.cpp.o
[80/402] Building CXX object src/Cafe/CMakeFiles/CemuCafe.dir/HW/Latte/Core/LatteRenderTarget.cpp.o
[81/402] Building CXX object src/Cafe/CMakeFiles/CemuCafe.dir/HW/Latte/Core/LatteShader.cpp.o
[82/402] Building CXX object src/Cafe/CMakeFiles/CemuCafe.dir/HW/Latte/LegacyShaderDecompiler/LatteDecompilerEmitGLSLAttrDecoder.cpp.o
[83/402] Building CXX object src/Cafe/CMakeFiles/CemuCafe.dir/HW/Latte/Renderer/RendererShader.cpp.o
[84/402] Building CXX object src/Cafe/CMakeFiles/CemuCafe.dir/HW/SI/SI.cpp.o
[85/402] Building CXX object src/Cafe/CMakeFiles/CemuCafe.dir/HW/VI/VI.cpp.o
[86/402] Building CXX object src/Cafe/CMakeFiles/CemuCafe.dir/HW/Latte/Renderer/RendererCore.cpp.o
[87/402] Building CXX object src/Cafe/CMakeFiles/CemuCafe.dir/IOSU/ccr_nfc/iosu_ccr_nfc.cpp.o
[88/402] Building CXX object src/Cafe/CMakeFiles/CemuCafe.dir/HW/Latte/Transcompiler/LatteTC.cpp.o
[89/402] Building CXX object src/Cafe/CMakeFiles/CemuCafe.dir/HW/Latte/Transcompiler/LatteTCGenIR.cpp.o
[90/402] Building CXX object src/Cafe/CMakeFiles/CemuCafe.dir/HW/Latte/ShaderInfo/ShaderDescription.cpp.o
[91/402] Building CXX object src/Cafe/CMakeFiles/CemuCafe.dir/IOSU/legacy/iosu_ioctl.cpp.o
[92/402] Building CXX object src/Cafe/CMakeFiles/CemuCafe.dir/IOSU/nn/boss/boss_common.cpp.o
[93/402] Building CXX object src/Cafe/CMakeFiles/CemuCafe.dir/HW/Latte/LegacyShaderDecompiler/LatteDecompilerEmitGLSL.cpp.o
/Users/bytedance/workspace/cemu_android/src/Cafe/HW/Latte/LegacyShaderDecompiler/LatteDecompilerEmitGLSL.cpp:115:3: warning: 'sprintf' is deprecated: This function is provided for compatibility reasons only.  Due to security concerns inherent in the design of sprintf(3), it is highly recommended that you use snprintf(3) instead. [-Wdeprecated-declarations]
  115 |                 sprintf(varName, "activeMaskStackSub%04x[%d]", shaderContext->subroutineInfo->cfAddr, index);
      |                 ^
/Applications/Xcode-16.3.0.app/Contents/Developer/Platforms/MacOSX.platform/Developer/SDKs/MacOSX.sdk/usr/include/_stdio.h:278:1: note: 'sprintf' has been explicitly marked deprecated here
  278 | __deprecated_msg("This function is provided for compatibility reasons only.  Due to security concerns inherent in the design of sprintf(3), it is highly recommended that you use snprintf(3) instead.")
      | ^
/Applications/Xcode-16.3.0.app/Contents/Developer/Platforms/MacOSX.platform/Developer/SDKs/MacOSX.sdk/usr/include/sys/cdefs.h:218:48: note: expanded from macro '__deprecated_msg'
  218 |         #define __deprecated_msg(_msg) __attribute__((__deprecated__(_msg)))
      |                                                       ^
/Users/bytedance/workspace/cemu_android/src/Cafe/HW/Latte/LegacyShaderDecompiler/LatteDecompilerEmitGLSL.cpp:117:3: warning: 'sprintf' is deprecated: This function is provided for compatibility reasons only.  Due to security concerns inherent in the design of sprintf(3), it is highly recommended that you use snprintf(3) instead. [-Wdeprecated-declarations]
  117 |                 sprintf(varName, "activeMaskStack[%d]", index);
      |                 ^
/Applications/Xcode-16.3.0.app/Contents/Developer/Platforms/MacOSX.platform/Developer/SDKs/MacOSX.sdk/usr/include/_stdio.h:278:1: note: 'sprintf' has been explicitly marked deprecated here
  278 | __deprecated_msg("This function is provided for compatibility reasons only.  Due to security concerns inherent in the design of sprintf(3), it is highly recommended that you use snprintf(3) instead.")
      | ^
/Applications/Xcode-16.3.0.app/Contents/Developer/Platforms/MacOSX.platform/Developer/SDKs/MacOSX.sdk/usr/include/sys/cdefs.h:218:48: note: expanded from macro '__deprecated_msg'
  218 |         #define __deprecated_msg(_msg) __attribute__((__deprecated__(_msg)))
      |                                                       ^
/Users/bytedance/workspace/cemu_android/src/Cafe/HW/Latte/LegacyShaderDecompiler/LatteDecompilerEmitGLSL.cpp:125:3: warning: 'sprintf' is deprecated: This function is provided for compatibility reasons only.  Due to security concerns inherent in the design of sprintf(3), it is highly recommended that you use snprintf(3) instead. [-Wdeprecated-declarations]
  125 |                 sprintf(varName, "activeMaskStackCSub%04x[%d]", shaderContext->subroutineInfo->cfAddr, index);
      |                 ^
/Applications/Xcode-16.3.0.app/Contents/Developer/Platforms/MacOSX.platform/Developer/SDKs/MacOSX.sdk/usr/include/_stdio.h:278:1: note: 'sprintf' has been explicitly marked deprecated here
  278 | __deprecated_msg("This function is provided for compatibility reasons only.  Due to security concerns inherent in the design of sprintf(3), it is highly recommended that you use snprintf(3) instead.")
      | ^
/Applications/Xcode-16.3.0.app/Contents/Developer/Platforms/MacOSX.platform/Developer/SDKs/MacOSX.sdk/usr/include/sys/cdefs.h:218:48: note: expanded from macro '__deprecated_msg'
  218 |         #define __deprecated_msg(_msg) __attribute__((__deprecated__(_msg)))
      |                                                       ^
/Users/bytedance/workspace/cemu_android/src/Cafe/HW/Latte/LegacyShaderDecompiler/LatteDecompilerEmitGLSL.cpp:127:3: warning: 'sprintf' is deprecated: This function is provided for compatibility reasons only.  Due to security concerns inherent in the design of sprintf(3), it is highly recommended that you use snprintf(3) instead. [-Wdeprecated-declarations]
  127 |                 sprintf(varName, "activeMaskStackC[%d]", index);
      |                 ^
/Applications/Xcode-16.3.0.app/Contents/Developer/Platforms/MacOSX.platform/Developer/SDKs/MacOSX.sdk/usr/include/_stdio.h:278:1: note: 'sprintf' has been explicitly marked deprecated here
  278 | __deprecated_msg("This function is provided for compatibility reasons only.  Due to security concerns inherent in the design of sprintf(3), it is highly recommended that you use snprintf(3) instead.")
      | ^
/Applications/Xcode-16.3.0.app/Contents/Developer/Platforms/MacOSX.platform/Developer/SDKs/MacOSX.sdk/usr/include/sys/cdefs.h:218:48: note: expanded from macro '__deprecated_msg'
  218 |         #define __deprecated_msg(_msg) __attribute__((__deprecated__(_msg)))
      |                                                       ^
/Users/bytedance/workspace/cemu_android/src/Cafe/HW/Latte/LegacyShaderDecompiler/LatteDecompilerEmitGLSL.cpp:138:4: warning: 'sprintf' is deprecated: This function is provided for compatibility reasons only.  Due to security concerns inherent in the design of sprintf(3), it is highly recommended that you use snprintf(3) instead. [-Wdeprecated-declarations]
  138 |                         sprintf(tempStr, "R%di", index);
      |                         ^
/Applications/Xcode-16.3.0.app/Contents/Developer/Platforms/MacOSX.platform/Developer/SDKs/MacOSX.sdk/usr/include/_stdio.h:278:1: note: 'sprintf' has been explicitly marked deprecated here
  278 | __deprecated_msg("This function is provided for compatibility reasons only.  Due to security concerns inherent in the design of sprintf(3), it is highly recommended that you use snprintf(3) instead.")
      | ^
/Applications/Xcode-16.3.0.app/Contents/Developer/Platforms/MacOSX.platform/Developer/SDKs/MacOSX.sdk/usr/include/sys/cdefs.h:218:48: note: expanded from macro '__deprecated_msg'
  218 |         #define __deprecated_msg(_msg) __attribute__((__deprecated__(_msg)))
      |                                                       ^
/Users/bytedance/workspace/cemu_android/src/Cafe/HW/Latte/LegacyShaderDecompiler/LatteDecompilerEmitGLSL.cpp:140:4: warning: 'sprintf' is deprecated: This function is provided for compatibility reasons only.  Due to security concerns inherent in the design of sprintf(3), it is highly recommended that you use snprintf(3) instead. [-Wdeprecated-declarations]
  140 |                         sprintf(tempStr, "R%df", index);
      |                         ^
/Applications/Xcode-16.3.0.app/Contents/Developer/Platforms/MacOSX.platform/Developer/SDKs/MacOSX.sdk/usr/include/_stdio.h:278:1: note: 'sprintf' has been explicitly marked deprecated here
  278 | __deprecated_msg("This function is provided for compatibility reasons only.  Due to security concerns inherent in the design of sprintf(3), it is highly recommended that you use snprintf(3) instead.")
      | ^
/Applications/Xcode-16.3.0.app/Contents/Developer/Platforms/MacOSX.platform/Developer/SDKs/MacOSX.sdk/usr/include/sys/cdefs.h:218:48: note: expanded from macro '__deprecated_msg'
  218 |         #define __deprecated_msg(_msg) __attribute__((__deprecated__(_msg)))
      |                                                       ^
/Users/bytedance/workspace/cemu_android/src/Cafe/HW/Latte/LegacyShaderDecompiler/LatteDecompilerEmitGLSL.cpp:159:5: warning: 'sprintf' is deprecated: This function is provided for compatibility reasons only.  Due to security concerns inherent in the design of sprintf(3), it is highly recommended that you use snprintf(3) instead. [-Wdeprecated-declarations]
  159 |                                 sprintf(tempStr, "Ri[%d+%s]", index, destRelOffset);
      |                                 ^
/Applications/Xcode-16.3.0.app/Contents/Developer/Platforms/MacOSX.platform/Developer/SDKs/MacOSX.sdk/usr/include/_stdio.h:278:1: note: 'sprintf' has been explicitly marked deprecated here
  278 | __deprecated_msg("This function is provided for compatibility reasons only.  Due to security concerns inherent in the design of sprintf(3), it is highly recommended that you use snprintf(3) instead.")
      | ^
/Applications/Xcode-16.3.0.app/Contents/Developer/Platforms/MacOSX.platform/Developer/SDKs/MacOSX.sdk/usr/include/sys/cdefs.h:218:48: note: expanded from macro '__deprecated_msg'
  218 |         #define __deprecated_msg(_msg) __attribute__((__deprecated__(_msg)))
      |                                                       ^
/Users/bytedance/workspace/cemu_android/src/Cafe/HW/Latte/LegacyShaderDecompiler/LatteDecompilerEmitGLSL.cpp:163:5: warning: 'sprintf' is deprecated: This function is provided for compatibility reasons only.  Due to security concerns inherent in the design of sprintf(3), it is highly recommended that you use snprintf(3) instead. [-Wdeprecated-declarations]
  163 |                                 sprintf(tempStr, "Rf[%d+%s]", index, destRelOffset);
      |                                 ^
/Applications/Xcode-16.3.0.app/Contents/Developer/Platforms/MacOSX.platform/Developer/SDKs/MacOSX.sdk/usr/include/_stdio.h:278:1: note: 'sprintf' has been explicitly marked deprecated here
  278 | __deprecated_msg("This function is provided for compatibility reasons only.  Due to security concerns inherent in the design of sprintf(3), it is highly recommended that you use snprintf(3) instead.")
      | ^
/Applications/Xcode-16.3.0.app/Contents/Developer/Platforms/MacOSX.platform/Developer/SDKs/MacOSX.sdk/usr/include/sys/cdefs.h:218:48: note: expanded from macro '__deprecated_msg'
  218 |         #define __deprecated_msg(_msg) __attribute__((__deprecated__(_msg)))
      |                                                       ^
/Users/bytedance/workspace/cemu_android/src/Cafe/HW/Latte/LegacyShaderDecompiler/LatteDecompilerEmitGLSL.cpp:170:5: warning: 'sprintf' is deprecated: This function is provided for compatibility reasons only.  Due to security concerns inherent in the design of sprintf(3), it is highly recommended that you use snprintf(3) instead. [-Wdeprecated-declarations]
  170 |                                 sprintf(tempStr, "Ri[%d]", index);
      |                                 ^
/Applications/Xcode-16.3.0.app/Contents/Developer/Platforms/MacOSX.platform/Developer/SDKs/MacOSX.sdk/usr/include/_stdio.h:278:1: note: 'sprintf' has been explicitly marked deprecated here
  278 | __deprecated_msg("This function is provided for compatibility reasons only.  Due to security concerns inherent in the design of sprintf(3), it is highly recommended that you use snprintf(3) instead.")
      | ^
/Applications/Xcode-16.3.0.app/Contents/Developer/Platforms/MacOSX.platform/Developer/SDKs/MacOSX.sdk/usr/include/sys/cdefs.h:218:48: note: expanded from macro '__deprecated_msg'
  218 |         #define __deprecated_msg(_msg) __attribute__((__deprecated__(_msg)))
      |                                                       ^
/Users/bytedance/workspace/cemu_android/src/Cafe/HW/Latte/LegacyShaderDecompiler/LatteDecompilerEmitGLSL.cpp:174:5: warning: 'sprintf' is deprecated: This function is provided for compatibility reasons only.  Due to security concerns inherent in the design of sprintf(3), it is highly recommended that you use snprintf(3) instead. [-Wdeprecated-declarations]
  174 |                                 sprintf(tempStr, "Rf[%d]", index);
      |                                 ^
/Applications/Xcode-16.3.0.app/Contents/Developer/Platforms/MacOSX.platform/Developer/SDKs/MacOSX.sdk/usr/include/_stdio.h:278:1: note: 'sprintf' has been explicitly marked deprecated here
  278 | __deprecated_msg("This function is provided for compatibility reasons only.  Due to security concerns inherent in the design of sprintf(3), it is highly recommended that you use snprintf(3) instead.")
      | ^
/Applications/Xcode-16.3.0.app/Contents/Developer/Platforms/MacOSX.platform/Developer/SDKs/MacOSX.sdk/usr/include/sys/cdefs.h:218:48: note: expanded from macro '__deprecated_msg'
  218 |         #define __deprecated_msg(_msg) __attribute__((__deprecated__(_msg)))
      |                                                       ^
/Users/bytedance/workspace/cemu_android/src/Cafe/HW/Latte/LegacyShaderDecompiler/LatteDecompilerEmitGLSL.cpp:777:3: warning: 'sprintf' is deprecated: This function is provided for compatibility reasons only.  Due to security concerns inherent in the design of sprintf(3), it is highly recommended that you use snprintf(3) instead. [-Wdeprecated-declarations]
  777 |                 sprintf(indexAccessCode, "ARi.x");
      |                 ^
/Applications/Xcode-16.3.0.app/Contents/Developer/Platforms/MacOSX.platform/Developer/SDKs/MacOSX.sdk/usr/include/_stdio.h:278:1: note: 'sprintf' has been explicitly marked deprecated here
  278 | __deprecated_msg("This function is provided for compatibility reasons only.  Due to security concerns inherent in the design of sprintf(3), it is highly recommended that you use snprintf(3) instead.")
      | ^
/Applications/Xcode-16.3.0.app/Contents/Developer/Platforms/MacOSX.platform/Developer/SDKs/MacOSX.sdk/usr/include/sys/cdefs.h:218:48: note: expanded from macro '__deprecated_msg'
  218 |         #define __deprecated_msg(_msg) __attribute__((__deprecated__(_msg)))
      |                                                       ^
/Users/bytedance/workspace/cemu_android/src/Cafe/HW/Latte/LegacyShaderDecompiler/LatteDecompilerEmitGLSL.cpp:779:3: warning: 'sprintf' is deprecated: This function is provided for compatibility reasons only.  Due to security concerns inherent in the design of sprintf(3), it is highly recommended that you use snprintf(3) instead. [-Wdeprecated-declarations]
  779 |                 sprintf(indexAccessCode, "ARi.y");
      |                 ^
/Applications/Xcode-16.3.0.app/Contents/Developer/Platforms/MacOSX.platform/Developer/SDKs/MacOSX.sdk/usr/include/_stdio.h:278:1: note: 'sprintf' has been explicitly marked deprecated here
  278 | __deprecated_msg("This function is provided for compatibility reasons only.  Due to security concerns inherent in the design of sprintf(3), it is highly recommended that you use snprintf(3) instead.")
      | ^
/Applications/Xcode-16.3.0.app/Contents/Developer/Platforms/MacOSX.platform/Developer/SDKs/MacOSX.sdk/usr/include/sys/cdefs.h:218:48: note: expanded from macro '__deprecated_msg'
  218 |         #define __deprecated_msg(_msg) __attribute__((__deprecated__(_msg)))
      |                                                       ^
/Users/bytedance/workspace/cemu_android/src/Cafe/HW/Latte/LegacyShaderDecompiler/LatteDecompilerEmitGLSL.cpp:781:3: warning: 'sprintf' is deprecated: This function is provided for compatibility reasons only.  Due to security concerns inherent in the design of sprintf(3), it is highly recommended that you use snprintf(3) instead. [-Wdeprecated-declarations]
  781 |                 sprintf(indexAccessCode, "ARi.z");
      |                 ^
/Applications/Xcode-16.3.0.app/Contents/Developer/Platforms/MacOSX.platform/Developer/SDKs/MacOSX.sdk/usr/include/_stdio.h:278:1: note: 'sprintf' has been explicitly marked deprecated here
  278 | __deprecated_msg("This function is provided for compatibility reasons only.  Due to security concerns inherent in the design of sprintf(3), it is highly recommended that you use snprintf(3) instead.")
      | ^
/Applications/Xcode-16.3.0.app/Contents/Developer/Platforms/MacOSX.platform/Developer/SDKs/MacOSX.sdk/usr/include/sys/cdefs.h:218:48: note: expanded from macro '__deprecated_msg'
  218 |         #define __deprecated_msg(_msg) __attribute__((__deprecated__(_msg)))
      |                                                       ^
/Users/bytedance/workspace/cemu_android/src/Cafe/HW/Latte/LegacyShaderDecompiler/LatteDecompilerEmitGLSL.cpp:783:3: warning: 'sprintf' is deprecated: This function is provided for compatibility reasons only.  Due to security concerns inherent in the design of sprintf(3), it is highly recommended that you use snprintf(3) instead. [-Wdeprecated-declarations]
  783 |                 sprintf(indexAccessCode, "ARi.w");
      |                 ^
/Applications/Xcode-16.3.0.app/Contents/Developer/Platforms/MacOSX.platform/Developer/SDKs/MacOSX.sdk/usr/include/_stdio.h:278:1: note: 'sprintf' has been explicitly marked deprecated here
  278 | __deprecated_msg("This function is provided for compatibility reasons only.  Due to security concerns inherent in the design of sprintf(3), it is highly recommended that you use snprintf(3) instead.")
      | ^
/Applications/Xcode-16.3.0.app/Contents/Developer/Platforms/MacOSX.platform/Developer/SDKs/MacOSX.sdk/usr/include/sys/cdefs.h:218:48: note: expanded from macro '__deprecated_msg'
  218 |         #define __deprecated_msg(_msg) __attribute__((__deprecated__(_msg)))
      |                                                       ^
14 warnings generated.
[94/402] Building CXX object src/Cafe/CMakeFiles/CemuCafe.dir/IOSU/fsa/iosu_fsa.cpp.o
[95/402] Building CXX object src/Cafe/CMakeFiles/CemuCafe.dir/IOSU/kernel/iosu_kernel.cpp.o
[96/402] Building CXX object src/Cafe/CMakeFiles/CemuCafe.dir/IOSU/legacy/iosu_mcp.cpp.o
[97/402] Building CXX object src/Cafe/CMakeFiles/CemuCafe.dir/IOSU/legacy/iosu_acp.cpp.o
/Users/bytedance/workspace/cemu_android/src/Cafe/IOSU/legacy/iosu_acp.cpp:251:5: warning: 'sprintf' is deprecated: This function is provided for compatibility reasons only.  Due to security concerns inherent in the design of sprintf(3), it is highly recommended that you use snprintf(3) instead. [-Wdeprecated-declarations]
  251 |                                 sprintf(tempStr, "add_on_unique_id%d", i);
      |                                 ^
/Applications/Xcode-16.3.0.app/Contents/Developer/Platforms/MacOSX.platform/Developer/SDKs/MacOSX.sdk/usr/include/_stdio.h:278:1: note: 'sprintf' has been explicitly marked deprecated here
  278 | __deprecated_msg("This function is provided for compatibility reasons only.  Due to security concerns inherent in the design of sprintf(3), it is highly recommended that you use snprintf(3) instead.")
      | ^
/Applications/Xcode-16.3.0.app/Contents/Developer/Platforms/MacOSX.platform/Developer/SDKs/MacOSX.sdk/usr/include/sys/cdefs.h:218:48: note: expanded from macro '__deprecated_msg'
  218 |         #define __deprecated_msg(_msg) __attribute__((__deprecated__(_msg)))
      |                                                       ^
/Users/bytedance/workspace/cemu_android/src/Cafe/IOSU/legacy/iosu_acp.cpp:282:3: warning: 'sprintf' is deprecated: This function is provided for compatibility reasons only.  Due to security concerns inherent in the design of sprintf(3), it is highly recommended that you use snprintf(3) instead. [-Wdeprecated-declarations]
  282 |                 sprintf(searchPath, "%susr/save/", devicePath);
      |                 ^
/Applications/Xcode-16.3.0.app/Contents/Developer/Platforms/MacOSX.platform/Developer/SDKs/MacOSX.sdk/usr/include/_stdio.h:278:1: note: 'sprintf' has been explicitly marked deprecated here
  278 | __deprecated_msg("This function is provided for compatibility reasons only.  Due to security concerns inherent in the design of sprintf(3), it is highly recommended that you use snprintf(3) instead.")
      | ^
/Applications/Xcode-16.3.0.app/Contents/Developer/Platforms/MacOSX.platform/Developer/SDKs/MacOSX.sdk/usr/include/sys/cdefs.h:218:48: note: expanded from macro '__deprecated_msg'
  218 |         #define __deprecated_msg(_msg) __attribute__((__deprecated__(_msg)))
      |                                                       ^
/Users/bytedance/workspace/cemu_android/src/Cafe/IOSU/legacy/iosu_acp.cpp:296:5: warning: 'sprintf' is deprecated: This function is provided for compatibility reasons only.  Due to security concerns inherent in the design of sprintf(3), it is highly recommended that you use snprintf(3) instead. [-Wdeprecated-declarations]
  296 |                                 sprintf(searchPath, "%susr/save/%08x/", devicePath, titleIdHigh);
      |                                 ^
/Applications/Xcode-16.3.0.app/Contents/Developer/Platforms/MacOSX.platform/Developer/SDKs/MacOSX.sdk/usr/include/_stdio.h:278:1: note: 'sprintf' has been explicitly marked deprecated here
  278 | __deprecated_msg("This function is provided for compatibility reasons only.  Due to security concerns inherent in the design of sprintf(3), it is highly recommended that you use snprintf(3) instead.")
      | ^
/Applications/Xcode-16.3.0.app/Contents/Developer/Platforms/MacOSX.platform/Developer/SDKs/MacOSX.sdk/usr/include/sys/cdefs.h:218:48: note: expanded from macro '__deprecated_msg'
  218 |         #define __deprecated_msg(_msg) __attribute__((__deprecated__(_msg)))
      |                                                       ^
/Users/bytedance/workspace/cemu_android/src/Cafe/IOSU/legacy/iosu_acp.cpp:309:7: warning: 'sprintf' is deprecated: This function is provided for compatibility reasons only.  Due to security concerns inherent in the design of sprintf(3), it is highly recommended that you use snprintf(3) instead. [-Wdeprecated-declarations]
  309 |                                                 sprintf(tempPath, "%susr/save/%08x/%08x/meta/meta.xml", devicePath, titleIdHigh, titleIdLow);
      |                                                 ^
/Applications/Xcode-16.3.0.app/Contents/Developer/Platforms/MacOSX.platform/Developer/SDKs/MacOSX.sdk/usr/include/_stdio.h:278:1: note: 'sprintf' has been explicitly marked deprecated here
  278 | __deprecated_msg("This function is provided for compatibility reasons only.  Due to security concerns inherent in the design of sprintf(3), it is highly recommended that you use snprintf(3) instead.")
      | ^
/Applications/Xcode-16.3.0.app/Contents/Developer/Platforms/MacOSX.platform/Developer/SDKs/MacOSX.sdk/usr/include/sys/cdefs.h:218:48: note: expanded from macro '__deprecated_msg'
  218 |         #define __deprecated_msg(_msg) __attribute__((__deprecated__(_msg)))
      |                                                       ^
/Users/bytedance/workspace/cemu_android/src/Cafe/IOSU/legacy/iosu_acp.cpp:340:3: warning: 'sprintf' is deprecated: This function is provided for compatibility reasons only.  Due to security concerns inherent in the design of sprintf(3), it is highly recommended that you use snprintf(3) instead. [-Wdeprecated-declarations]
  340 |                 sprintf(xmlPath, "%susr/save/%08x/%08x/meta/meta.xml", "/vol/storage_mlc01/", (uint32)(titleId>>32), (uint32)(titleId&0xFFFFFFFF));
      |                 ^
/Applications/Xcode-16.3.0.app/Contents/Developer/Platforms/MacOSX.platform/Developer/SDKs/MacOSX.sdk/usr/include/_stdio.h:278:1: note: 'sprintf' has been explicitly marked deprecated here
  278 | __deprecated_msg("This function is provided for compatibility reasons only.  Due to security concerns inherent in the design of sprintf(3), it is highly recommended that you use snprintf(3) instead.")
      | ^
/Applications/Xcode-16.3.0.app/Contents/Developer/Platforms/MacOSX.platform/Developer/SDKs/MacOSX.sdk/usr/include/sys/cdefs.h:218:48: note: expanded from macro '__deprecated_msg'
  218 |         #define __deprecated_msg(_msg) __attribute__((__deprecated__(_msg)))
      |                                                       ^
/Users/bytedance/workspace/cemu_android/src/Cafe/IOSU/legacy/iosu_acp.cpp:365:4: warning: 'sprintf' is deprecated: This function is provided for compatibility reasons only.  Due to security concerns inherent in the design of sprintf(3), it is highly recommended that you use snprintf(3) instead. [-Wdeprecated-declarations]
  365 |                         sprintf(titlePath, "/vol/storage_mlc01/sys/title/%08x/%08x/", (uint32)(titleId >> 32), (uint32)(titleId & 0xFFFFFFFF));
      |                         ^
/Applications/Xcode-16.3.0.app/Contents/Developer/Platforms/MacOSX.platform/Developer/SDKs/MacOSX.sdk/usr/include/_stdio.h:278:1: note: 'sprintf' has been explicitly marked deprecated here
  278 | __deprecated_msg("This function is provided for compatibility reasons only.  Due to security concerns inherent in the design of sprintf(3), it is highly recommended that you use snprintf(3) instead.")
      | ^
/Applications/Xcode-16.3.0.app/Contents/Developer/Platforms/MacOSX.platform/Developer/SDKs/MacOSX.sdk/usr/include/sys/cdefs.h:218:48: note: expanded from macro '__deprecated_msg'
  218 |         #define __deprecated_msg(_msg) __attribute__((__deprecated__(_msg)))
      |                                                       ^
/Users/bytedance/workspace/cemu_android/src/Cafe/IOSU/legacy/iosu_acp.cpp:369:4: warning: 'sprintf' is deprecated: This function is provided for compatibility reasons only.  Due to security concerns inherent in the design of sprintf(3), it is highly recommended that you use snprintf(3) instead. [-Wdeprecated-declarations]
  369 |                         sprintf(titlePath, "/vol/storage_mlc01/usr/title/%08x/%08x/", (uint32)(titleId >> 32), (uint32)(titleId & 0xFFFFFFFF));
      |                         ^
/Applications/Xcode-16.3.0.app/Contents/Developer/Platforms/MacOSX.platform/Developer/SDKs/MacOSX.sdk/usr/include/_stdio.h:278:1: note: 'sprintf' has been explicitly marked deprecated here
  278 | __deprecated_msg("This function is provided for compatibility reasons only.  Due to security concerns inherent in the design of sprintf(3), it is highly recommended that you use snprintf(3) instead.")
      | ^
/Applications/Xcode-16.3.0.app/Contents/Developer/Platforms/MacOSX.platform/Developer/SDKs/MacOSX.sdk/usr/include/sys/cdefs.h:218:48: note: expanded from macro '__deprecated_msg'
  218 |         #define __deprecated_msg(_msg) __attribute__((__deprecated__(_msg)))
      |                                                       ^
/Users/bytedance/workspace/cemu_android/src/Cafe/IOSU/legacy/iosu_acp.cpp:374:3: warning: 'sprintf' is deprecated: This function is provided for compatibility reasons only.  Due to security concerns inherent in the design of sprintf(3), it is highly recommended that you use snprintf(3) instead. [-Wdeprecated-declarations]
  374 |                 sprintf(filePath, "%smeta/bootMovie.h264", titlePath);
      |                 ^
/Applications/Xcode-16.3.0.app/Contents/Developer/Platforms/MacOSX.platform/Developer/SDKs/MacOSX.sdk/usr/include/_stdio.h:278:1: note: 'sprintf' has been explicitly marked deprecated here
  278 | __deprecated_msg("This function is provided for compatibility reasons only.  Due to security concerns inherent in the design of sprintf(3), it is highly recommended that you use snprintf(3) instead.")
      | ^
/Applications/Xcode-16.3.0.app/Contents/Developer/Platforms/MacOSX.platform/Developer/SDKs/MacOSX.sdk/usr/include/sys/cdefs.h:218:48: note: expanded from macro '__deprecated_msg'
  218 |         #define __deprecated_msg(_msg) __attribute__((__deprecated__(_msg)))
      |                                                       ^
/Users/bytedance/workspace/cemu_android/src/Cafe/IOSU/legacy/iosu_acp.cpp:387:3: warning: 'sprintf' is deprecated: This function is provided for compatibility reasons only.  Due to security concerns inherent in the design of sprintf(3), it is highly recommended that you use snprintf(3) instead. [-Wdeprecated-declarations]
  387 |                 sprintf(filePath, "%smeta/bootLogoTex.tga", titlePath);
      |                 ^
/Applications/Xcode-16.3.0.app/Contents/Developer/Platforms/MacOSX.platform/Developer/SDKs/MacOSX.sdk/usr/include/_stdio.h:278:1: note: 'sprintf' has been explicitly marked deprecated here
  278 | __deprecated_msg("This function is provided for compatibility reasons only.  Due to security concerns inherent in the design of sprintf(3), it is highly recommended that you use snprintf(3) instead.")
      | ^
/Applications/Xcode-16.3.0.app/Contents/Developer/Platforms/MacOSX.platform/Developer/SDKs/MacOSX.sdk/usr/include/sys/cdefs.h:218:48: note: expanded from macro '__deprecated_msg'
  218 |         #define __deprecated_msg(_msg) __attribute__((__deprecated__(_msg)))
      |                                                       ^
/Users/bytedance/workspace/cemu_android/src/Cafe/IOSU/legacy/iosu_acp.cpp:410:4: warning: 'sprintf' is deprecated: This function is provided for compatibility reasons only.  Due to security concerns inherent in the design of sprintf(3), it is highly recommended that you use snprintf(3) instead. [-Wdeprecated-declarations]
  410 |                         sprintf(titlePath, "/vol/storage_mlc01/sys/title/%08x/%08x/", (uint32)(titleId >> 32), (uint32)(titleId & 0xFFFFFFFF));
      |                         ^
/Applications/Xcode-16.3.0.app/Contents/Developer/Platforms/MacOSX.platform/Developer/SDKs/MacOSX.sdk/usr/include/_stdio.h:278:1: note: 'sprintf' has been explicitly marked deprecated here
  278 | __deprecated_msg("This function is provided for compatibility reasons only.  Due to security concerns inherent in the design of sprintf(3), it is highly recommended that you use snprintf(3) instead.")
      | ^
/Applications/Xcode-16.3.0.app/Contents/Developer/Platforms/MacOSX.platform/Developer/SDKs/MacOSX.sdk/usr/include/sys/cdefs.h:218:48: note: expanded from macro '__deprecated_msg'
  218 |         #define __deprecated_msg(_msg) __attribute__((__deprecated__(_msg)))
      |                                                       ^
/Users/bytedance/workspace/cemu_android/src/Cafe/IOSU/legacy/iosu_acp.cpp:414:4: warning: 'sprintf' is deprecated: This function is provided for compatibility reasons only.  Due to security concerns inherent in the design of sprintf(3), it is highly recommended that you use snprintf(3) instead. [-Wdeprecated-declarations]
  414 |                         sprintf(titlePath, "/vol/storage_mlc01/usr/title/%08x/%08x/", (uint32)(titleId >> 32), (uint32)(titleId & 0xFFFFFFFF));
      |                         ^
/Applications/Xcode-16.3.0.app/Contents/Developer/Platforms/MacOSX.platform/Developer/SDKs/MacOSX.sdk/usr/include/_stdio.h:278:1: note: 'sprintf' has been explicitly marked deprecated here
  278 | __deprecated_msg("This function is provided for compatibility reasons only.  Due to security concerns inherent in the design of sprintf(3), it is highly recommended that you use snprintf(3) instead.")
      | ^
/Applications/Xcode-16.3.0.app/Contents/Developer/Platforms/MacOSX.platform/Developer/SDKs/MacOSX.sdk/usr/include/sys/cdefs.h:218:48: note: expanded from macro '__deprecated_msg'
  218 |         #define __deprecated_msg(_msg) __attribute__((__deprecated__(_msg)))
      |                                                       ^
/Users/bytedance/workspace/cemu_android/src/Cafe/IOSU/legacy/iosu_acp.cpp:419:3: warning: 'sprintf' is deprecated: This function is provided for compatibility reasons only.  Due to security concerns inherent in the design of sprintf(3), it is highly recommended that you use snprintf(3) instead. [-Wdeprecated-declarations]
  419 |                 sprintf(filePath, "%smeta/meta.xml", titlePath);
      |                 ^
/Applications/Xcode-16.3.0.app/Contents/Developer/Platforms/MacOSX.platform/Developer/SDKs/MacOSX.sdk/usr/include/_stdio.h:278:1: note: 'sprintf' has been explicitly marked deprecated here
  278 | __deprecated_msg("This function is provided for compatibility reasons only.  Due to security concerns inherent in the design of sprintf(3), it is highly recommended that you use snprintf(3) instead.")
      | ^
/Applications/Xcode-16.3.0.app/Contents/Developer/Platforms/MacOSX.platform/Developer/SDKs/MacOSX.sdk/usr/include/sys/cdefs.h:218:48: note: expanded from macro '__deprecated_msg'
  218 |         #define __deprecated_msg(_msg) __attribute__((__deprecated__(_msg)))
      |                                                       ^
/Users/bytedance/workspace/cemu_android/src/Cafe/IOSU/legacy/iosu_acp.cpp:449:3: warning: 'sprintf' is deprecated: This function is provided for compatibility reasons only.  Due to security concerns inherent in the design of sprintf(3), it is highly recommended that you use snprintf(3) instead. [-Wdeprecated-declarations]
  449 |                 sprintf(searchPath, "%susr/save/%08x/%08x/user/common/", devicePath, (uint32)(titleId >> 32), (uint32)(titleId & 0xFFFFFFFF));
      |                 ^
/Applications/Xcode-16.3.0.app/Contents/Developer/Platforms/MacOSX.platform/Developer/SDKs/MacOSX.sdk/usr/include/_stdio.h:278:1: note: 'sprintf' has been explicitly marked deprecated here
  278 | __deprecated_msg("This function is provided for compatibility reasons only.  Due to security concerns inherent in the design of sprintf(3), it is highly recommended that you use snprintf(3) instead.")
      | ^
/Applications/Xcode-16.3.0.app/Contents/Developer/Platforms/MacOSX.platform/Developer/SDKs/MacOSX.sdk/usr/include/sys/cdefs.h:218:48: note: expanded from macro '__deprecated_msg'
  218 |         #define __deprecated_msg(_msg) __attribute__((__deprecated__(_msg)))
      |                                                       ^
/Users/bytedance/workspace/cemu_android/src/Cafe/IOSU/legacy/iosu_acp.cpp:456:5: warning: 'sprintf' is deprecated: This function is provided for compatibility reasons only.  Due to security concerns inherent in the design of sprintf(3), it is highly recommended that you use snprintf(3) instead. [-Wdeprecated-declarations]
  456 |                                 sprintf(tempPath, "%susr/save/%08x/%08x/user/common/", devicePath, (uint32)(titleId >> 32), (uint32)(titleId & 0xFFFFFFFF));
      |                                 ^
/Applications/Xcode-16.3.0.app/Contents/Developer/Platforms/MacOSX.platform/Developer/SDKs/MacOSX.sdk/usr/include/_stdio.h:278:1: note: 'sprintf' has been explicitly marked deprecated here
  278 | __deprecated_msg("This function is provided for compatibility reasons only.  Due to security concerns inherent in the design of sprintf(3), it is highly recommended that you use snprintf(3) instead.")
      | ^
/Applications/Xcode-16.3.0.app/Contents/Developer/Platforms/MacOSX.platform/Developer/SDKs/MacOSX.sdk/usr/include/sys/cdefs.h:218:48: note: expanded from macro '__deprecated_msg'
  218 |         #define __deprecated_msg(_msg) __attribute__((__deprecated__(_msg)))
      |                                                       ^
/Users/bytedance/workspace/cemu_android/src/Cafe/IOSU/legacy/iosu_acp.cpp:473:5: warning: 'sprintf' is deprecated: This function is provided for compatibility reasons only.  Due to security concerns inherent in the design of sprintf(3), it is highly recommended that you use snprintf(3) instead. [-Wdeprecated-declarations]
  473 |                                 sprintf(entry->path, "%susr/save/%08x/%08x/meta/", devicePath, (uint32)(titleId >> 32), (uint32)(titleId & 0xFFFFFFFF));
      |                                 ^
/Applications/Xcode-16.3.0.app/Contents/Developer/Platforms/MacOSX.platform/Developer/SDKs/MacOSX.sdk/usr/include/_stdio.h:278:1: note: 'sprintf' has been explicitly marked deprecated here
  278 | __deprecated_msg("This function is provided for compatibility reasons only.  Due to security concerns inherent in the design of sprintf(3), it is highly recommended that you use snprintf(3) instead.")
      | ^
/Applications/Xcode-16.3.0.app/Contents/Developer/Platforms/MacOSX.platform/Developer/SDKs/MacOSX.sdk/usr/include/sys/cdefs.h:218:48: note: expanded from macro '__deprecated_msg'
  218 |         #define __deprecated_msg(_msg) __attribute__((__deprecated__(_msg)))
      |                                                       ^
/Users/bytedance/workspace/cemu_android/src/Cafe/IOSU/legacy/iosu_acp.cpp:478:3: warning: 'sprintf' is deprecated: This function is provided for compatibility reasons only.  Due to security concerns inherent in the design of sprintf(3), it is highly recommended that you use snprintf(3) instead. [-Wdeprecated-declarations]
  478 |                 sprintf(searchPath, "%susr/save/%08x/%08x/user/", devicePath, (uint32)(titleId >> 32), (uint32)(titleId & 0xFFFFFFFF));
      |                 ^
/Applications/Xcode-16.3.0.app/Contents/Developer/Platforms/MacOSX.platform/Developer/SDKs/MacOSX.sdk/usr/include/_stdio.h:278:1: note: 'sprintf' has been explicitly marked deprecated here
  278 | __deprecated_msg("This function is provided for compatibility reasons only.  Due to security concerns inherent in the design of sprintf(3), it is highly recommended that you use snprintf(3) instead.")
      | ^
/Applications/Xcode-16.3.0.app/Contents/Developer/Platforms/MacOSX.platform/Developer/SDKs/MacOSX.sdk/usr/include/sys/cdefs.h:218:48: note: expanded from macro '__deprecated_msg'
  218 |         #define __deprecated_msg(_msg) __attribute__((__deprecated__(_msg)))
      |                                                       ^
/Users/bytedance/workspace/cemu_android/src/Cafe/IOSU/legacy/iosu_acp.cpp:508:6: warning: 'sprintf' is deprecated: This function is provided for compatibility reasons only.  Due to security concerns inherent in the design of sprintf(3), it is highly recommended that you use snprintf(3) instead. [-Wdeprecated-declarations]
  508 |                                         sprintf(entry->path, "%susr/save/%08x/%08x/meta/", devicePath, (uint32)(titleId >> 32), (uint32)(titleId & 0xFFFFFFFF));
      |                                         ^
/Applications/Xcode-16.3.0.app/Contents/Developer/Platforms/MacOSX.platform/Developer/SDKs/MacOSX.sdk/usr/include/_stdio.h:278:1: note: 'sprintf' has been explicitly marked deprecated here
  278 | __deprecated_msg("This function is provided for compatibility reasons only.  Due to security concerns inherent in the design of sprintf(3), it is highly recommended that you use snprintf(3) instead.")
      | ^
/Applications/Xcode-16.3.0.app/Contents/Developer/Platforms/MacOSX.platform/Developer/SDKs/MacOSX.sdk/usr/include/sys/cdefs.h:218:48: note: expanded from macro '__deprecated_msg'
  218 |         #define __deprecated_msg(_msg) __attribute__((__deprecated__(_msg)))
      |                                                       ^
/Users/bytedance/workspace/cemu_android/src/Cafe/IOSU/legacy/iosu_acp.cpp:624:6: warning: 'sprintf' is deprecated: This function is provided for compatibility reasons only.  Due to security concerns inherent in the design of sprintf(3), it is highly recommended that you use snprintf(3) instead. [-Wdeprecated-declarations]
  624 |                                         sprintf(tmp, "%08x", persistentId);
      |                                         ^
/Applications/Xcode-16.3.0.app/Contents/Developer/Platforms/MacOSX.platform/Developer/SDKs/MacOSX.sdk/usr/include/_stdio.h:278:1: note: 'sprintf' has been explicitly marked deprecated here
  278 | __deprecated_msg("This function is provided for compatibility reasons only.  Due to security concerns inherent in the design of sprintf(3), it is highly recommended that you use snprintf(3) instead.")
      | ^
/Applications/Xcode-16.3.0.app/Contents/Developer/Platforms/MacOSX.platform/Developer/SDKs/MacOSX.sdk/usr/include/sys/cdefs.h:218:48: note: expanded from macro '__deprecated_msg'
  218 |         #define __deprecated_msg(_msg) __attribute__((__deprecated__(_msg)))
      |                                                       ^
/Users/bytedance/workspace/cemu_android/src/Cafe/IOSU/legacy/iosu_acp.cpp:632:8: warning: 'sprintf' is deprecated: This function is provided for compatibility reasons only.  Due to security concerns inherent in the design of sprintf(3), it is highly recommended that you use snprintf(3) instead. [-Wdeprecated-declarations]
  632 |                                                         sprintf(tmp, "%" PRIx64, _ACPGetTimestamp());
      |                                                         ^
/Applications/Xcode-16.3.0.app/Contents/Developer/Platforms/MacOSX.platform/Developer/SDKs/MacOSX.sdk/usr/include/_stdio.h:278:1: note: 'sprintf' has been explicitly marked deprecated here
  278 | __deprecated_msg("This function is provided for compatibility reasons only.  Due to security concerns inherent in the design of sprintf(3), it is highly recommended that you use snprintf(3) instead.")
      | ^
/Applications/Xcode-16.3.0.app/Contents/Developer/Platforms/MacOSX.platform/Developer/SDKs/MacOSX.sdk/usr/include/sys/cdefs.h:218:48: note: expanded from macro '__deprecated_msg'
  218 |         #define __deprecated_msg(_msg) __attribute__((__deprecated__(_msg)))
      |                                                       ^
/Users/bytedance/workspace/cemu_android/src/Cafe/IOSU/legacy/iosu_acp.cpp:650:8: warning: 'sprintf' is deprecated: This function is provided for compatibility reasons only.  Due to security concerns inherent in the design of sprintf(3), it is highly recommended that you use snprintf(3) instead. [-Wdeprecated-declarations]
  650 |                                                         sprintf(tmp, "%08x", persistentId);
      |                                                         ^
/Applications/Xcode-16.3.0.app/Contents/Developer/Platforms/MacOSX.platform/Developer/SDKs/MacOSX.sdk/usr/include/_stdio.h:278:1: note: 'sprintf' has been explicitly marked deprecated here
  278 | __deprecated_msg("This function is provided for compatibility reasons only.  Due to security concerns inherent in the design of sprintf(3), it is highly recommended that you use snprintf(3) instead.")
      | ^
/Applications/Xcode-16.3.0.app/Contents/Developer/Platforms/MacOSX.platform/Developer/SDKs/MacOSX.sdk/usr/include/sys/cdefs.h:218:48: note: expanded from macro '__deprecated_msg'
  218 |         #define __deprecated_msg(_msg) __attribute__((__deprecated__(_msg)))
      |                                                       ^
/Users/bytedance/workspace/cemu_android/src/Cafe/IOSU/legacy/iosu_acp.cpp:655:9: warning: 'sprintf' is deprecated: This function is provided for compatibility reasons only.  Due to security concerns inherent in the design of sprintf(3), it is highly recommended that you use snprintf(3) instead. [-Wdeprecated-declarations]
  655 |                                                                 sprintf(tmp, "%" PRIx64, _ACPGetTimestamp());
      |                                                                 ^
/Applications/Xcode-16.3.0.app/Contents/Developer/Platforms/MacOSX.platform/Developer/SDKs/MacOSX.sdk/usr/include/_stdio.h:278:1: note: 'sprintf' has been explicitly marked deprecated here
  278 | __deprecated_msg("This function is provided for compatibility reasons only.  Due to security concerns inherent in the design of sprintf(3), it is highly recommended that you use snprintf(3) instead.")
      | ^
/Applications/Xcode-16.3.0.app/Contents/Developer/Platforms/MacOSX.platform/Developer/SDKs/MacOSX.sdk/usr/include/sys/cdefs.h:218:48: note: expanded from macro '__deprecated_msg'
  218 |         #define __deprecated_msg(_msg) __attribute__((__deprecated__(_msg)))
      |                                                       ^
/Users/bytedance/workspace/cemu_android/src/Cafe/IOSU/legacy/iosu_acp.cpp:728:4: warning: 'sprintf' is deprecated: This function is provided for compatibility reasons only.  Due to security concerns inherent in the design of sprintf(3), it is highly recommended that you use snprintf(3) instead. [-Wdeprecated-declarations]
  728 |                         sprintf(path, "%susr/boss/", "/vol/storage_mlc01/");
      |                         ^
/Applications/Xcode-16.3.0.app/Contents/Developer/Platforms/MacOSX.platform/Developer/SDKs/MacOSX.sdk/usr/include/_stdio.h:278:1: note: 'sprintf' has been explicitly marked deprecated here
  278 | __deprecated_msg("This function is provided for compatibility reasons only.  Due to security concerns inherent in the design of sprintf(3), it is highly recommended that you use snprintf(3) instead.")
      | ^
/Applications/Xcode-16.3.0.app/Contents/Developer/Platforms/MacOSX.platform/Developer/SDKs/MacOSX.sdk/usr/include/sys/cdefs.h:218:48: note: expanded from macro '__deprecated_msg'
  218 |         #define __deprecated_msg(_msg) __attribute__((__deprecated__(_msg)))
      |                                                       ^
/Users/bytedance/workspace/cemu_android/src/Cafe/IOSU/legacy/iosu_acp.cpp:730:4: warning: 'sprintf' is deprecated: This function is provided for compatibility reasons only.  Due to security concerns inherent in the design of sprintf(3), it is highly recommended that you use snprintf(3) instead. [-Wdeprecated-declarations]
  730 |                         sprintf(path, "%susr/boss/%08x/", "/vol/storage_mlc01/", high);
      |                         ^
/Applications/Xcode-16.3.0.app/Contents/Developer/Platforms/MacOSX.platform/Developer/SDKs/MacOSX.sdk/usr/include/_stdio.h:278:1: note: 'sprintf' has been explicitly marked deprecated here
  278 | __deprecated_msg("This function is provided for compatibility reasons only.  Due to security concerns inherent in the design of sprintf(3), it is highly recommended that you use snprintf(3) instead.")
      | ^
/Applications/Xcode-16.3.0.app/Contents/Developer/Platforms/MacOSX.platform/Developer/SDKs/MacOSX.sdk/usr/include/sys/cdefs.h:218:48: note: expanded from macro '__deprecated_msg'
  218 |         #define __deprecated_msg(_msg) __attribute__((__deprecated__(_msg)))
      |                                                       ^
/Users/bytedance/workspace/cemu_android/src/Cafe/IOSU/legacy/iosu_acp.cpp:732:4: warning: 'sprintf' is deprecated: This function is provided for compatibility reasons only.  Due to security concerns inherent in the design of sprintf(3), it is highly recommended that you use snprintf(3) instead. [-Wdeprecated-declarations]
  732 |                         sprintf(path, "%susr/boss/%08x/%08x/", "/vol/storage_mlc01/", high, low);
      |                         ^
/Applications/Xcode-16.3.0.app/Contents/Developer/Platforms/MacOSX.platform/Developer/SDKs/MacOSX.sdk/usr/include/_stdio.h:278:1: note: 'sprintf' has been explicitly marked deprecated here
  278 | __deprecated_msg("This function is provided for compatibility reasons only.  Due to security concerns inherent in the design of sprintf(3), it is highly recommended that you use snprintf(3) instead.")
      | ^
/Applications/Xcode-16.3.0.app/Contents/Developer/Platforms/MacOSX.platform/Developer/SDKs/MacOSX.sdk/usr/include/sys/cdefs.h:218:48: note: expanded from macro '__deprecated_msg'
  218 |         #define __deprecated_msg(_msg) __attribute__((__deprecated__(_msg)))
      |                                                       ^
/Users/bytedance/workspace/cemu_android/src/Cafe/IOSU/legacy/iosu_acp.cpp:734:4: warning: 'sprintf' is deprecated: This function is provided for compatibility reasons only.  Due to security concerns inherent in the design of sprintf(3), it is highly recommended that you use snprintf(3) instead. [-Wdeprecated-declarations]
  734 |                         sprintf(path, "%susr/boss/%08x/%08x/user/", "/vol/storage_mlc01/", high, low);
      |                         ^
/Applications/Xcode-16.3.0.app/Contents/Developer/Platforms/MacOSX.platform/Developer/SDKs/MacOSX.sdk/usr/include/_stdio.h:278:1: note: 'sprintf' has been explicitly marked deprecated here
  278 | __deprecated_msg("This function is provided for compatibility reasons only.  Due to security concerns inherent in the design of sprintf(3), it is highly recommended that you use snprintf(3) instead.")
      | ^
/Applications/Xcode-16.3.0.app/Contents/Developer/Platforms/MacOSX.platform/Developer/SDKs/MacOSX.sdk/usr/include/sys/cdefs.h:218:48: note: expanded from macro '__deprecated_msg'
  218 |         #define __deprecated_msg(_msg) __attribute__((__deprecated__(_msg)))
      |                                                       ^
/Users/bytedance/workspace/cemu_android/src/Cafe/IOSU/legacy/iosu_acp.cpp:736:4: warning: 'sprintf' is deprecated: This function is provided for compatibility reasons only.  Due to security concerns inherent in the design of sprintf(3), it is highly recommended that you use snprintf(3) instead. [-Wdeprecated-declarations]
  736 |                         sprintf(path, "%susr/boss/%08x/%08x/user/common", "/vol/storage_mlc01/", high, low);
      |                         ^
/Applications/Xcode-16.3.0.app/Contents/Developer/Platforms/MacOSX.platform/Developer/SDKs/MacOSX.sdk/usr/include/_stdio.h:278:1: note: 'sprintf' has been explicitly marked deprecated here
  278 | __deprecated_msg("This function is provided for compatibility reasons only.  Due to security concerns inherent in the design of sprintf(3), it is highly recommended that you use snprintf(3) instead.")
      | ^
/Applications/Xcode-16.3.0.app/Contents/Developer/Platforms/MacOSX.platform/Developer/SDKs/MacOSX.sdk/usr/include/sys/cdefs.h:218:48: note: expanded from macro '__deprecated_msg'
  218 |         #define __deprecated_msg(_msg) __attribute__((__deprecated__(_msg)))
      |                                                       ^
/Users/bytedance/workspace/cemu_android/src/Cafe/IOSU/legacy/iosu_acp.cpp:738:4: warning: 'sprintf' is deprecated: This function is provided for compatibility reasons only.  Due to security concerns inherent in the design of sprintf(3), it is highly recommended that you use snprintf(3) instead. [-Wdeprecated-declarations]
  738 |                         sprintf(path, "%susr/boss/%08x/%08x/user/%08x/", "/vol/storage_mlc01/", high, low, persistentId == 0 ? 0x80000001 : persistentId);
      |                         ^
/Applications/Xcode-16.3.0.app/Contents/Developer/Platforms/MacOSX.platform/Developer/SDKs/MacOSX.sdk/usr/include/_stdio.h:278:1: note: 'sprintf' has been explicitly marked deprecated here
  278 | __deprecated_msg("This function is provided for compatibility reasons only.  Due to security concerns inherent in the design of sprintf(3), it is highly recommended that you use snprintf(3) instead.")
      | ^
/Applications/Xcode-16.3.0.app/Contents/Developer/Platforms/MacOSX.platform/Developer/SDKs/MacOSX.sdk/usr/include/sys/cdefs.h:218:48: note: expanded from macro '__deprecated_msg'
  218 |         #define __deprecated_msg(_msg) __attribute__((__deprecated__(_msg)))
      |                                                       ^
/Users/bytedance/workspace/cemu_android/src/Cafe/IOSU/legacy/iosu_acp.cpp:741:4: warning: 'sprintf' is deprecated: This function is provided for compatibility reasons only.  Due to security concerns inherent in the design of sprintf(3), it is highly recommended that you use snprintf(3) instead. [-Wdeprecated-declarations]
  741 |                         sprintf(path, "%susr/save/%08x/", "/vol/storage_mlc01/", high);
      |                         ^
/Applications/Xcode-16.3.0.app/Contents/Developer/Platforms/MacOSX.platform/Developer/SDKs/MacOSX.sdk/usr/include/_stdio.h:278:1: note: 'sprintf' has been explicitly marked deprecated here
  278 | __deprecated_msg("This function is provided for compatibility reasons only.  Due to security concerns inherent in the design of sprintf(3), it is highly recommended that you use snprintf(3) instead.")
      | ^
/Applications/Xcode-16.3.0.app/Contents/Developer/Platforms/MacOSX.platform/Developer/SDKs/MacOSX.sdk/usr/include/sys/cdefs.h:218:48: note: expanded from macro '__deprecated_msg'
  218 |         #define __deprecated_msg(_msg) __attribute__((__deprecated__(_msg)))
      |                                                       ^
/Users/bytedance/workspace/cemu_android/src/Cafe/IOSU/legacy/iosu_acp.cpp:743:4: warning: 'sprintf' is deprecated: This function is provided for compatibility reasons only.  Due to security concerns inherent in the design of sprintf(3), it is highly recommended that you use snprintf(3) instead. [-Wdeprecated-declarations]
  743 |                         sprintf(path, "%susr/save/%08x/%08x/", "/vol/storage_mlc01/", high, low);
      |                         ^
/Applications/Xcode-16.3.0.app/Contents/Developer/Platforms/MacOSX.platform/Developer/SDKs/MacOSX.sdk/usr/include/_stdio.h:278:1: note: 'sprintf' has been explicitly marked deprecated here
  278 | __deprecated_msg("This function is provided for compatibility reasons only.  Due to security concerns inherent in the design of sprintf(3), it is highly recommended that you use snprintf(3) instead.")
      | ^
/Applications/Xcode-16.3.0.app/Contents/Developer/Platforms/MacOSX.platform/Developer/SDKs/MacOSX.sdk/usr/include/sys/cdefs.h:218:48: note: expanded from macro '__deprecated_msg'
  218 |         #define __deprecated_msg(_msg) __attribute__((__deprecated__(_msg)))
      |                                                       ^
/Users/bytedance/workspace/cemu_android/src/Cafe/IOSU/legacy/iosu_acp.cpp:745:4: warning: 'sprintf' is deprecated: This function is provided for compatibility reasons only.  Due to security concerns inherent in the design of sprintf(3), it is highly recommended that you use snprintf(3) instead. [-Wdeprecated-declarations]
  745 |                         sprintf(path, "%susr/save/%08x/%08x/meta/", "/vol/storage_mlc01/", high, low);
      |                         ^
/Applications/Xcode-16.3.0.app/Contents/Developer/Platforms/MacOSX.platform/Developer/SDKs/MacOSX.sdk/usr/include/_stdio.h:278:1: note: 'sprintf' has been explicitly marked deprecated here
  278 | __deprecated_msg("This function is provided for compatibility reasons only.  Due to security concerns inherent in the design of sprintf(3), it is highly recommended that you use snprintf(3) instead.")
      | ^
/Applications/Xcode-16.3.0.app/Contents/Developer/Platforms/MacOSX.platform/Developer/SDKs/MacOSX.sdk/usr/include/sys/cdefs.h:218:48: note: expanded from macro '__deprecated_msg'
  218 |         #define __deprecated_msg(_msg) __attribute__((__deprecated__(_msg)))
      |                                                       ^
/Users/bytedance/workspace/cemu_android/src/Cafe/IOSU/legacy/iosu_acp.cpp:747:4: warning: 'sprintf' is deprecated: This function is provided for compatibility reasons only.  Due to security concerns inherent in the design of sprintf(3), it is highly recommended that you use snprintf(3) instead. [-Wdeprecated-declarations]
  747 |                         sprintf(path, "%susr/save/%08x/%08x/user/", "/vol/storage_mlc01/", high, low);
      |                         ^
/Applications/Xcode-16.3.0.app/Contents/Developer/Platforms/MacOSX.platform/Developer/SDKs/MacOSX.sdk/usr/include/_stdio.h:278:1: note: 'sprintf' has been explicitly marked deprecated here
  278 | __deprecated_msg("This function is provided for compatibility reasons only.  Due to security concerns inherent in the design of sprintf(3), it is highly recommended that you use snprintf(3) instead.")
      | ^
/Applications/Xcode-16.3.0.app/Contents/Developer/Platforms/MacOSX.platform/Developer/SDKs/MacOSX.sdk/usr/include/sys/cdefs.h:218:48: note: expanded from macro '__deprecated_msg'
  218 |         #define __deprecated_msg(_msg) __attribute__((__deprecated__(_msg)))
      |                                                       ^
/Users/bytedance/workspace/cemu_android/src/Cafe/IOSU/legacy/iosu_acp.cpp:749:4: warning: 'sprintf' is deprecated: This function is provided for compatibility reasons only.  Due to security concerns inherent in the design of sprintf(3), it is highly recommended that you use snprintf(3) instead. [-Wdeprecated-declarations]
  749 |                         sprintf(path, "%susr/save/%08x/%08x/user/common", "/vol/storage_mlc01/", high, low);
      |                         ^
/Applications/Xcode-16.3.0.app/Contents/Developer/Platforms/MacOSX.platform/Developer/SDKs/MacOSX.sdk/usr/include/_stdio.h:278:1: note: 'sprintf' has been explicitly marked deprecated here
  278 | __deprecated_msg("This function is provided for compatibility reasons only.  Due to security concerns inherent in the design of sprintf(3), it is highly recommended that you use snprintf(3) instead.")
      | ^
/Applications/Xcode-16.3.0.app/Contents/Developer/Platforms/MacOSX.platform/Developer/SDKs/MacOSX.sdk/usr/include/sys/cdefs.h:218:48: note: expanded from macro '__deprecated_msg'
  218 |         #define __deprecated_msg(_msg) __attribute__((__deprecated__(_msg)))
      |                                                       ^
/Users/bytedance/workspace/cemu_android/src/Cafe/IOSU/legacy/iosu_acp.cpp:751:4: warning: 'sprintf' is deprecated: This function is provided for compatibility reasons only.  Due to security concerns inherent in the design of sprintf(3), it is highly recommended that you use snprintf(3) instead. [-Wdeprecated-declarations]
  751 |                         sprintf(path, "%susr/save/%08x/%08x/user/%08x", "/vol/storage_mlc01/", high, low, persistentId == 0 ? 0x80000001 : persistentId);
      |                         ^
/Applications/Xcode-16.3.0.app/Contents/Developer/Platforms/MacOSX.platform/Developer/SDKs/MacOSX.sdk/usr/include/_stdio.h:278:1: note: 'sprintf' has been explicitly marked deprecated here
  278 | __deprecated_msg("This function is provided for compatibility reasons only.  Due to security concerns inherent in the design of sprintf(3), it is highly recommended that you use snprintf(3) instead.")
      | ^
/Applications/Xcode-16.3.0.app/Contents/Developer/Platforms/MacOSX.platform/Developer/SDKs/MacOSX.sdk/usr/include/sys/cdefs.h:218:48: note: expanded from macro '__deprecated_msg'
  218 |         #define __deprecated_msg(_msg) __attribute__((__deprecated__(_msg)))
      |                                                       ^
33 warnings generated.
[98/402] Building CXX object src/Cafe/CMakeFiles/CemuCafe.dir/IOSU/legacy/iosu_act.cpp.o
[99/402] Building CXX object src/Cafe/CMakeFiles/CemuCafe.dir/IOSU/legacy/iosu_nim.cpp.o
[100/402] Building CXX object src/Cafe/CMakeFiles/CemuCafe.dir/HW/MMU/MMU.cpp.o
[101/402] Building CXX object src/Cafe/CMakeFiles/CemuCafe.dir/IOSU/nn/iosu_nn_service.cpp.o
[102/402] Building CXX object src/Cafe/CMakeFiles/CemuCafe.dir/IOSU/legacy/iosu_crypto.cpp.o
/Users/bytedance/workspace/cemu_android/src/Cafe/IOSU/legacy/iosu_crypto.cpp:76:2: warning: 'sprintf' is deprecated: This function is provided for compatibility reasons only.  Due to security concerns inherent in the design of sprintf(3), it is highly recommended that you use snprintf(3) instead. [-Wdeprecated-declarations]
   76 |         sprintf(serialString, "%s%s", serialStringPart0, serialStringPart1);
      |         ^
/Applications/Xcode-16.3.0.app/Contents/Developer/Platforms/MacOSX.platform/Developer/SDKs/MacOSX.sdk/usr/include/_stdio.h:278:1: note: 'sprintf' has been explicitly marked deprecated here
  278 | __deprecated_msg("This function is provided for compatibility reasons only.  Due to security concerns inherent in the design of sprintf(3), it is highly recommended that you use snprintf(3) instead.")
      | ^
/Applications/Xcode-16.3.0.app/Contents/Developer/Platforms/MacOSX.platform/Developer/SDKs/MacOSX.sdk/usr/include/sys/cdefs.h:218:48: note: expanded from macro '__deprecated_msg'
  218 |         #define __deprecated_msg(_msg) __attribute__((__deprecated__(_msg)))
      |                                                       ^
/Users/bytedance/workspace/cemu_android/src/Cafe/IOSU/legacy/iosu_crypto.cpp:151:22: warning: 'EC_KEY_new_by_curve_name' is deprecated [-Wdeprecated-declarations]
  151 |         EC_KEY* ec_pubKey = EC_KEY_new_by_curve_name(NID_sect233r1);
      |                             ^
/Users/bytedance/workspace/cemu_android/build/vcpkg_installed/arm64-osx/include/openssl/ec.h:1017:1: note: 'EC_KEY_new_by_curve_name' has been explicitly marked deprecated here
 1017 | OSSL_DEPRECATEDIN_3_0 EC_KEY *EC_KEY_new_by_curve_name(int nid);
      | ^
/Users/bytedance/workspace/cemu_android/build/vcpkg_installed/arm64-osx/include/openssl/macros.h:217:49: note: expanded from macro 'OSSL_DEPRECATEDIN_3_0'
  217 | #   define OSSL_DEPRECATEDIN_3_0                OSSL_DEPRECATED(3.0)
      |                                                 ^
/Users/bytedance/workspace/cemu_android/build/vcpkg_installed/arm64-osx/include/openssl/macros.h:62:52: note: expanded from macro 'OSSL_DEPRECATED'
   62 | #     define OSSL_DEPRECATED(since) __attribute__((deprecated))
      |                                                    ^
/Users/bytedance/workspace/cemu_android/src/Cafe/IOSU/legacy/iosu_crypto.cpp:152:10: warning: 'EC_KEY_set_public_key_affine_coordinates' is deprecated [-Wdeprecated-declarations]
  152 |         int r = EC_KEY_set_public_key_affine_coordinates(ec_pubKey, bn_r, bn_s);
      |                 ^
/Users/bytedance/workspace/cemu_android/build/vcpkg_installed/arm64-osx/include/openssl/ec.h:1141:1: note: 'EC_KEY_set_public_key_affine_coordinates' has been explicitly marked deprecated here
 1141 | OSSL_DEPRECATEDIN_3_0 int EC_KEY_set_public_key_affine_coordinates(EC_KEY *key,
      | ^
/Users/bytedance/workspace/cemu_android/build/vcpkg_installed/arm64-osx/include/openssl/macros.h:217:49: note: expanded from macro 'OSSL_DEPRECATEDIN_3_0'
  217 | #   define OSSL_DEPRECATEDIN_3_0                OSSL_DEPRECATED(3.0)
      |                                                 ^
/Users/bytedance/workspace/cemu_android/build/vcpkg_installed/arm64-osx/include/openssl/macros.h:62:52: note: expanded from macro 'OSSL_DEPRECATED'
   62 | #     define OSSL_DEPRECATED(since) __attribute__((deprecated))
      |                                                    ^
/Users/bytedance/workspace/cemu_android/src/Cafe/IOSU/legacy/iosu_crypto.cpp:249:2: warning: 'sprintf' is deprecated: This function is provided for compatibility reasons only.  Due to security concerns inherent in the design of sprintf(3), it is highly recommended that you use snprintf(3) instead. [-Wdeprecated-declarations]
  249 |         sprintf(g_wiiuDeviceCert.certificateSubject, "Root-CA%08x-MS%08x", (uint32)caValue, (uint32)msValue);
      |         ^
/Applications/Xcode-16.3.0.app/Contents/Developer/Platforms/MacOSX.platform/Developer/SDKs/MacOSX.sdk/usr/include/_stdio.h:278:1: note: 'sprintf' has been explicitly marked deprecated here
  278 | __deprecated_msg("This function is provided for compatibility reasons only.  Due to security concerns inherent in the design of sprintf(3), it is highly recommended that you use snprintf(3) instead.")
      | ^
/Applications/Xcode-16.3.0.app/Contents/Developer/Platforms/MacOSX.platform/Developer/SDKs/MacOSX.sdk/usr/include/sys/cdefs.h:218:48: note: expanded from macro '__deprecated_msg'
  218 |         #define __deprecated_msg(_msg) __attribute__((__deprecated__(_msg)))
      |                                                       ^
/Users/bytedance/workspace/cemu_android/src/Cafe/IOSU/legacy/iosu_crypto.cpp:253:2: warning: 'sprintf' is deprecated: This function is provided for compatibility reasons only.  Due to security concerns inherent in the design of sprintf(3), it is highly recommended that you use snprintf(3) instead. [-Wdeprecated-declarations]
  253 |         sprintf(g_wiiuDeviceCert.ngName, "NG%08x", (uint32)ngNameValue);
      |         ^
/Applications/Xcode-16.3.0.app/Contents/Developer/Platforms/MacOSX.platform/Developer/SDKs/MacOSX.sdk/usr/include/_stdio.h:278:1: note: 'sprintf' has been explicitly marked deprecated here
  278 | __deprecated_msg("This function is provided for compatibility reasons only.  Due to security concerns inherent in the design of sprintf(3), it is highly recommended that you use snprintf(3) instead.")
      | ^
/Applications/Xcode-16.3.0.app/Contents/Developer/Platforms/MacOSX.platform/Developer/SDKs/MacOSX.sdk/usr/include/sys/cdefs.h:218:48: note: expanded from macro '__deprecated_msg'
  218 |         #define __deprecated_msg(_msg) __attribute__((__deprecated__(_msg)))
      |                                                       ^
/Users/bytedance/workspace/cemu_android/src/Cafe/IOSU/legacy/iosu_crypto.cpp:349:13: warning: 'd2i_RSAPrivateKey' is deprecated [-Wdeprecated-declarations]
  349 |                 pkeyRSA = d2i_RSAPrivateKey(nullptr, (const unsigned char **)&pkeyTempPtr, pkeyData->size());
      |                           ^
/Users/bytedance/workspace/cemu_android/build/vcpkg_installed/arm64-osx/include/openssl/rsa.h:320:41: note: 'd2i_RSAPrivateKey' has been explicitly marked deprecated here
  320 | DECLARE_ASN1_ENCODE_FUNCTIONS_name_attr(OSSL_DEPRECATEDIN_3_0,
      |                                         ^
/Users/bytedance/workspace/cemu_android/build/vcpkg_installed/arm64-osx/include/openssl/macros.h:217:49: note: expanded from macro 'OSSL_DEPRECATEDIN_3_0'
  217 | #   define OSSL_DEPRECATEDIN_3_0                OSSL_DEPRECATED(3.0)
      |                                                 ^
/Users/bytedance/workspace/cemu_android/build/vcpkg_installed/arm64-osx/include/openssl/macros.h:62:52: note: expanded from macro 'OSSL_DEPRECATED'
   62 | #     define OSSL_DEPRECATED(since) __attribute__((deprecated))
      |                                                    ^
/Users/bytedance/workspace/cemu_android/src/Cafe/IOSU/legacy/iosu_crypto.cpp:357:3: warning: 'EVP_PKEY_assign' is deprecated [-Wdeprecated-declarations]
  357 |                 EVP_PKEY_assign_RSA(evpPkey, pkeyRSA);
      |                 ^
/Users/bytedance/workspace/cemu_android/build/vcpkg_installed/arm64-osx/include/openssl/evp.h:521:41: note: expanded from macro 'EVP_PKEY_assign_RSA'
  521 | #  define EVP_PKEY_assign_RSA(pkey,rsa) EVP_PKEY_assign((pkey),EVP_PKEY_RSA,\
      |                                         ^
/Users/bytedance/workspace/cemu_android/build/vcpkg_installed/arm64-osx/include/openssl/evp.h:1386:1: note: 'EVP_PKEY_assign' has been explicitly marked deprecated here
 1386 | OSSL_DEPRECATEDIN_3_0
      | ^
/Users/bytedance/workspace/cemu_android/build/vcpkg_installed/arm64-osx/include/openssl/macros.h:217:49: note: expanded from macro 'OSSL_DEPRECATEDIN_3_0'
  217 | #   define OSSL_DEPRECATEDIN_3_0                OSSL_DEPRECATED(3.0)
      |                                                 ^
/Users/bytedance/workspace/cemu_android/build/vcpkg_installed/arm64-osx/include/openssl/macros.h:62:52: note: expanded from macro 'OSSL_DEPRECATED'
   62 | #     define OSSL_DEPRECATED(since) __attribute__((deprecated))
      |                                                    ^
/Users/bytedance/workspace/cemu_android/src/Cafe/IOSU/legacy/iosu_crypto.cpp:389:8: warning: 'SSL_CTX_use_RSAPrivateKey' is deprecated [-Wdeprecated-declarations]
  389 |                         if (SSL_CTX_use_RSAPrivateKey(ctx, iosuCryptoCertificates.certList[i].pkey) != 1)
      |                             ^
/Users/bytedance/workspace/cemu_android/build/vcpkg_installed/arm64-osx/include/openssl/ssl.h:1837:1: note: 'SSL_CTX_use_RSAPrivateKey' has been explicitly marked deprecated here
 1837 | OSSL_DEPRECATEDIN_3_0
      | ^
/Users/bytedance/workspace/cemu_android/build/vcpkg_installed/arm64-osx/include/openssl/macros.h:217:49: note: expanded from macro 'OSSL_DEPRECATEDIN_3_0'
  217 | #   define OSSL_DEPRECATEDIN_3_0                OSSL_DEPRECATED(3.0)
      |                                                 ^
/Users/bytedance/workspace/cemu_android/build/vcpkg_installed/arm64-osx/include/openssl/macros.h:62:52: note: expanded from macro 'OSSL_DEPRECATED'
   62 | #     define OSSL_DEPRECATED(since) __attribute__((deprecated))
      |                                                    ^
8 warnings generated.
[103/402] Building CXX object src/Cafe/CMakeFiles/CemuCafe.dir/IOSU/PDM/iosu_pdm.cpp.o
[104/402] Building CXX object src/Cafe/CMakeFiles/CemuCafe.dir/OS/libs/coreinit/coreinit_Coroutine.cpp.o
[105/402] Building CXX object src/Cafe/CMakeFiles/CemuCafe.dir/IOSU/ODM/iosu_odm.cpp.o
[106/402] Building CXX object src/Cafe/CMakeFiles/CemuCafe.dir/OS/common/OSCommon.cpp.o
[107/402] Building CXX object src/Cafe/CMakeFiles/CemuCafe.dir/OS/libs/avm/avm.cpp.o
[108/402] Building CXX object src/Cafe/CMakeFiles/CemuCafe.dir/OS/libs/coreinit/coreinit_BSP.cpp.o
[109/402] Building CXX object src/Cafe/CMakeFiles/CemuCafe.dir/IOSU/legacy/iosu_fpd.cpp.o
[110/402] Building CXX object src/Cafe/CMakeFiles/CemuCafe.dir/OS/libs/coreinit/coreinit_Callbacks.cpp.o
[111/402] Building CXX object src/Cafe/CMakeFiles/CemuCafe.dir/OS/libs/camera/camera.cpp.o
[112/402] Building CXX object src/Cafe/CMakeFiles/CemuCafe.dir/OS/libs/coreinit/coreinit_Atomic.cpp.o
[113/402] Building CXX object src/Cafe/CMakeFiles/CemuCafe.dir/IOSU/nn/boss/boss_service.cpp.o
[114/402] Building CXX object src/Cafe/CMakeFiles/CemuCafe.dir/OS/libs/coreinit/coreinit_IM.cpp.o
[115/402] Building CXX object src/Cafe/CMakeFiles/CemuCafe.dir/OS/libs/coreinit/coreinit_IOS.cpp.o
[116/402] Building CXX object src/Cafe/CMakeFiles/CemuCafe.dir/OS/libs/coreinit/coreinit_Alarm.cpp.o
In file included from /Users/bytedance/workspace/cemu_android/src/Cafe/OS/libs/coreinit/coreinit_Alarm.cpp:6:
In file included from /Users/bytedance/workspace/cemu_android/src/Cafe/../Cafe/HW/Espresso/Recompiler/PPCRecompiler.h:27:
/Users/bytedance/workspace/cemu_android/src/Cafe/../Cafe/HW/Espresso/Recompiler/IML/IMLInstruction.h:761:21: warning: implicit conversion from 'int' to 'uint8' (aka 'unsigned char') changes value from -999 to 25 [-Wconstant-conversion]
  761 |                 this->operation = -999;
      |                                 ~ ^~~~
/Users/bytedance/workspace/cemu_android/src/Cafe/../Cafe/HW/Espresso/Recompiler/IML/IMLInstruction.h:810:21: warning: implicit conversion from 'int' to 'uint8' (aka 'unsigned char') changes value from -999 to 25 [-Wconstant-conversion]
  810 |                 this->operation = -999;
      |                                 ~ ^~~~
2 warnings generated.
[117/402] Building CXX object src/Cafe/CMakeFiles/CemuCafe.dir/OS/libs/coreinit/coreinit_CodeGen.cpp.o
In file included from /Users/bytedance/workspace/cemu_android/src/Cafe/OS/libs/coreinit/coreinit_CodeGen.cpp:4:
In file included from /Users/bytedance/workspace/cemu_android/src/Cafe/../Cafe/HW/Espresso/Recompiler/PPCRecompiler.h:27:
/Users/bytedance/workspace/cemu_android/src/Cafe/../Cafe/HW/Espresso/Recompiler/IML/IMLInstruction.h:761:21: warning: implicit conversion from 'int' to 'uint8' (aka 'unsigned char') changes value from -999 to 25 [-Wconstant-conversion]
  761 |                 this->operation = -999;
      |                                 ~ ^~~~
/Users/bytedance/workspace/cemu_android/src/Cafe/../Cafe/HW/Espresso/Recompiler/IML/IMLInstruction.h:810:21: warning: implicit conversion from 'int' to 'uint8' (aka 'unsigned char') changes value from -999 to 25 [-Wconstant-conversion]
  810 |                 this->operation = -999;
      |                                 ~ ^~~~
2 warnings generated.
[118/402] Building CXX object src/Cafe/CMakeFiles/CemuCafe.dir/OS/libs/coreinit/coreinit_IPCBuf.cpp.o
[119/402] Building CXX object src/Cafe/CMakeFiles/CemuCafe.dir/OS/libs/coreinit/coreinit_LockedCache.cpp.o
[120/402] Building CXX object src/Cafe/CMakeFiles/CemuCafe.dir/OS/libs/coreinit/coreinit.cpp.o
[121/402] Building CXX object src/Cafe/CMakeFiles/CemuCafe.dir/OS/libs/coreinit/coreinit_FG.cpp.o
[122/402] Building CXX object src/Cafe/CMakeFiles/CemuCafe.dir/OS/libs/coreinit/coreinit_DynLoad.cpp.o
[123/402] Building CXX object src/Cafe/CMakeFiles/CemuCafe.dir/OS/libs/coreinit/coreinit_Init.cpp.o
[124/402] Building CXX object src/Cafe/CMakeFiles/CemuCafe.dir/OS/libs/coreinit/coreinit_MEM_ExpHeap.cpp.o
[125/402] Building CXX object src/Cafe/CMakeFiles/CemuCafe.dir/OS/libs/coreinit/coreinit_HWInterface.cpp.o
[126/402] Building CXX object src/Cafe/CMakeFiles/CemuCafe.dir/OS/libs/coreinit/coreinit_GHS.cpp.o
[127/402] Building CXX object src/Cafe/CMakeFiles/CemuCafe.dir/OS/libs/coreinit/coreinit_MEM_BlockHeap.cpp.o
[128/402] Building CXX object src/Cafe/CMakeFiles/CemuCafe.dir/OS/libs/coreinit/coreinit_MEM.cpp.o
[129/402] Building CXX object src/Cafe/CMakeFiles/CemuCafe.dir/OS/libs/coreinit/coreinit_MEM_FrmHeap.cpp.o
[130/402] Building CXX object src/Cafe/CMakeFiles/CemuCafe.dir/OS/libs/coreinit/coreinit_IPC.cpp.o
/Users/bytedance/workspace/cemu_android/src/Cafe/OS/libs/coreinit/coreinit_IPC.cpp:208:3: warning: 'sprintf' is deprecated: This function is provided for compatibility reasons only.  Due to security concerns inherent in the design of sprintf(3), it is highly recommended that you use snprintf(3) instead. [-Wdeprecated-declarations]
  208 |                 sprintf((char*)_gIPCThreadNameStorage.GetPtr()+coreIndex*0x18, "{SYS IPC Core %d}", coreIndex);
      |                 ^
/Applications/Xcode-16.3.0.app/Contents/Developer/Platforms/MacOSX.platform/Developer/SDKs/MacOSX.sdk/usr/include/_stdio.h:278:1: note: 'sprintf' has been explicitly marked deprecated here
  278 | __deprecated_msg("This function is provided for compatibility reasons only.  Due to security concerns inherent in the design of sprintf(3), it is highly recommended that you use snprintf(3) instead.")
      | ^
/Applications/Xcode-16.3.0.app/Contents/Developer/Platforms/MacOSX.platform/Developer/SDKs/MacOSX.sdk/usr/include/sys/cdefs.h:218:48: note: expanded from macro '__deprecated_msg'
  218 |         #define __deprecated_msg(_msg) __attribute__((__deprecated__(_msg)))
      |                                                       ^
1 warning generated.
[131/402] Building CXX object src/Cafe/CMakeFiles/CemuCafe.dir/OS/libs/coreinit/coreinit_MCP.cpp.o
/Users/bytedance/workspace/cemu_android/src/Cafe/OS/libs/coreinit/coreinit_MCP.cpp:280:3: warning: 'sprintf' is deprecated: This function is provided for compatibility reasons only.  Due to security concerns inherent in the design of sprintf(3), it is highly recommended that you use snprintf(3) instead. [-Wdeprecated-declarations]
  280 |                 sprintf(deviceList[index].storagePath, "/vol/storage_mlc01");
      |                 ^
/Applications/Xcode-16.3.0.app/Contents/Developer/Platforms/MacOSX.platform/Developer/SDKs/MacOSX.sdk/usr/include/_stdio.h:278:1: note: 'sprintf' has been explicitly marked deprecated here
  278 | __deprecated_msg("This function is provided for compatibility reasons only.  Due to security concerns inherent in the design of sprintf(3), it is highly recommended that you use snprintf(3) instead.")
      | ^
/Applications/Xcode-16.3.0.app/Contents/Developer/Platforms/MacOSX.platform/Developer/SDKs/MacOSX.sdk/usr/include/sys/cdefs.h:218:48: note: expanded from macro '__deprecated_msg'
  218 |         #define __deprecated_msg(_msg) __attribute__((__deprecated__(_msg)))
      |                                                       ^
/Users/bytedance/workspace/cemu_android/src/Cafe/OS/libs/coreinit/coreinit_MCP.cpp:308:3: warning: 'sprintf' is deprecated: This function is provided for compatibility reasons only.  Due to security concerns inherent in the design of sprintf(3), it is highly recommended that you use snprintf(3) instead. [-Wdeprecated-declarations]
  308 |                 sprintf(deviceList[0].storagePath, "/vol/storage_%s%02x", deviceList[0].storageName, (sint32)deviceList[0].flags);
      |                 ^
/Applications/Xcode-16.3.0.app/Contents/Developer/Platforms/MacOSX.platform/Developer/SDKs/MacOSX.sdk/usr/include/_stdio.h:278:1: note: 'sprintf' has been explicitly marked deprecated here
  278 | __deprecated_msg("This function is provided for compatibility reasons only.  Due to security concerns inherent in the design of sprintf(3), it is highly recommended that you use snprintf(3) instead.")
      | ^
/Applications/Xcode-16.3.0.app/Contents/Developer/Platforms/MacOSX.platform/Developer/SDKs/MacOSX.sdk/usr/include/sys/cdefs.h:218:48: note: expanded from macro '__deprecated_msg'
  218 |         #define __deprecated_msg(_msg) __attribute__((__deprecated__(_msg)))
      |                                                       ^
/Users/bytedance/workspace/cemu_android/src/Cafe/OS/libs/coreinit/coreinit_MCP.cpp:312:3: warning: 'sprintf' is deprecated: This function is provided for compatibility reasons only.  Due to security concerns inherent in the design of sprintf(3), it is highly recommended that you use snprintf(3) instead. [-Wdeprecated-declarations]
  312 |                 sprintf(deviceList[1].storagePath, "/vol/storage_%s%02x", deviceList[1].storageName, (sint32)deviceList[1].flags);
      |                 ^
/Applications/Xcode-16.3.0.app/Contents/Developer/Platforms/MacOSX.platform/Developer/SDKs/MacOSX.sdk/usr/include/_stdio.h:278:1: note: 'sprintf' has been explicitly marked deprecated here
  278 | __deprecated_msg("This function is provided for compatibility reasons only.  Due to security concerns inherent in the design of sprintf(3), it is highly recommended that you use snprintf(3) instead.")
      | ^
/Applications/Xcode-16.3.0.app/Contents/Developer/Platforms/MacOSX.platform/Developer/SDKs/MacOSX.sdk/usr/include/sys/cdefs.h:218:48: note: expanded from macro '__deprecated_msg'
  218 |         #define __deprecated_msg(_msg) __attribute__((__deprecated__(_msg)))
      |                                                       ^
/Users/bytedance/workspace/cemu_android/src/Cafe/OS/libs/coreinit/coreinit_MCP.cpp:582:5: warning: 'sprintf' is deprecated: This function is provided for compatibility reasons only.  Due to security concerns inherent in the design of sprintf(3), it is highly recommended that you use snprintf(3) instead. [-Wdeprecated-declarations]
  582 |                                 sprintf(tempStr, "%02X%02X%02X%02X-%02X%02X-%02X%02X-%02X%02X-%02X%02X%02X%02X%02X%02X", uuid[0], uuid[1], uuid[2], uuid[3], uuid[4], uuid[5], uuid[6], uuid[7],
      |                                 ^
/Applications/Xcode-16.3.0.app/Contents/Developer/Platforms/MacOSX.platform/Developer/SDKs/MacOSX.sdk/usr/include/_stdio.h:278:1: note: 'sprintf' has been explicitly marked deprecated here
  278 | __deprecated_msg("This function is provided for compatibility reasons only.  Due to security concerns inherent in the design of sprintf(3), it is highly recommended that you use snprintf(3) instead.")
      | ^
/Applications/Xcode-16.3.0.app/Contents/Developer/Platforms/MacOSX.platform/Developer/SDKs/MacOSX.sdk/usr/include/sys/cdefs.h:218:48: note: expanded from macro '__deprecated_msg'
  218 |         #define __deprecated_msg(_msg) __attribute__((__deprecated__(_msg)))
      |                                                       ^
4 warnings generated.
[132/402] Building CXX object src/Cafe/CMakeFiles/CemuCafe.dir/OS/libs/coreinit/coreinit_MemoryMapping.cpp.o
[133/402] Building CXX object src/Cafe/CMakeFiles/CemuCafe.dir/OS/libs/coreinit/coreinit_MEM_UnitHeap.cpp.o
[134/402] Building CXX object src/Cafe/CMakeFiles/CemuCafe.dir/OS/libs/coreinit/coreinit_MessageQueue.cpp.o
[135/402] Building CXX object src/Cafe/CMakeFiles/CemuCafe.dir/OS/libs/coreinit/coreinit_OSScreen.cpp.o
[136/402] Building CXX object src/Cafe/CMakeFiles/CemuCafe.dir/OS/libs/coreinit/coreinit_ThreadQueue.cpp.o
[137/402] Building CXX object src/Cafe/CMakeFiles/CemuCafe.dir/OS/libs/coreinit/coreinit_OverlayArena.cpp.o
[138/402] Building CXX object src/Cafe/CMakeFiles/CemuCafe.dir/OS/libs/coreinit/coreinit_Memory.cpp.o
[139/402] Building CXX object src/Cafe/CMakeFiles/CemuCafe.dir/OS/libs/coreinit/coreinit_Scheduler.cpp.o
[140/402] Building CXX object src/Cafe/CMakeFiles/CemuCafe.dir/OS/libs/coreinit/coreinit_Spinlock.cpp.o
[141/402] Building CXX object src/Cafe/CMakeFiles/CemuCafe.dir/OS/libs/coreinit/coreinit_MPQueue.cpp.o
[142/402] Building CXX object src/Cafe/CMakeFiles/CemuCafe.dir/OS/libs/coreinit/coreinit_Misc.cpp.o
/Users/bytedance/workspace/cemu_android/src/Cafe/OS/libs/coreinit/coreinit_Misc.cpp:460:23: warning: 'sprintf' is deprecated: This function is provided for compatibility reasons only.  Due to security concerns inherent in the design of sprintf(3), it is highly recommended that you use snprintf(3) instead. [-Wdeprecated-declarations]
  460 |                                         sint32 tempLen = sprintf(tempStr, tempFormat, (double)*(betype<double>*)_ppc_va_arg(vargs, ppc_va_type::FLOAT_OR_DOUBLE));
      |                                                          ^
/Applications/Xcode-16.3.0.app/Contents/Developer/Platforms/MacOSX.platform/Developer/SDKs/MacOSX.sdk/usr/include/_stdio.h:278:1: note: 'sprintf' has been explicitly marked deprecated here
  278 | __deprecated_msg("This function is provided for compatibility reasons only.  Due to security concerns inherent in the design of sprintf(3), it is highly recommended that you use snprintf(3) instead.")
      | ^
/Applications/Xcode-16.3.0.app/Contents/Developer/Platforms/MacOSX.platform/Developer/SDKs/MacOSX.sdk/usr/include/sys/cdefs.h:218:48: note: expanded from macro '__deprecated_msg'
  218 |         #define __deprecated_msg(_msg) __attribute__((__deprecated__(_msg)))
      |                                                       ^
/Users/bytedance/workspace/cemu_android/src/Cafe/OS/libs/coreinit/coreinit_Misc.cpp:478:23: warning: 'sprintf' is deprecated: This function is provided for compatibility reasons only.  Due to security concerns inherent in the design of sprintf(3), it is highly recommended that you use snprintf(3) instead. [-Wdeprecated-declarations]
  478 |                                         sint32 tempLen = sprintf(tempStr, tempFormat, (double)*(betype<double>*)_ppc_va_arg(vargs, ppc_va_type::FLOAT_OR_DOUBLE));
      |                                                          ^
/Applications/Xcode-16.3.0.app/Contents/Developer/Platforms/MacOSX.platform/Developer/SDKs/MacOSX.sdk/usr/include/_stdio.h:278:1: note: 'sprintf' has been explicitly marked deprecated here
  278 | __deprecated_msg("This function is provided for compatibility reasons only.  Due to security concerns inherent in the design of sprintf(3), it is highly recommended that you use snprintf(3) instead.")
      | ^
/Applications/Xcode-16.3.0.app/Contents/Developer/Platforms/MacOSX.platform/Developer/SDKs/MacOSX.sdk/usr/include/sys/cdefs.h:218:48: note: expanded from macro '__deprecated_msg'
  218 |         #define __deprecated_msg(_msg) __attribute__((__deprecated__(_msg)))
      |                                                       ^
/Users/bytedance/workspace/cemu_android/src/Cafe/OS/libs/coreinit/coreinit_Misc.cpp:601:19: warning: 'sprintf' is deprecated: This function is provided for compatibility reasons only.  Due to security concerns inherent in the design of sprintf(3), it is highly recommended that you use snprintf(3) instead. [-Wdeprecated-declarations]
  601 |                 int prefixLen = sprintf(tmpBuffer, "[COSWarn-%d] ", moduleId);
      |                                 ^
/Applications/Xcode-16.3.0.app/Contents/Developer/Platforms/MacOSX.platform/Developer/SDKs/MacOSX.sdk/usr/include/_stdio.h:278:1: note: 'sprintf' has been explicitly marked deprecated here
  278 | __deprecated_msg("This function is provided for compatibility reasons only.  Due to security concerns inherent in the design of sprintf(3), it is highly recommended that you use snprintf(3) instead.")
      | ^
/Applications/Xcode-16.3.0.app/Contents/Developer/Platforms/MacOSX.platform/Developer/SDKs/MacOSX.sdk/usr/include/sys/cdefs.h:218:48: note: expanded from macro '__deprecated_msg'
  218 |         #define __deprecated_msg(_msg) __attribute__((__deprecated__(_msg)))
      |                                                       ^
/Users/bytedance/workspace/cemu_android/src/Cafe/OS/libs/coreinit/coreinit_Misc.cpp:610:19: warning: 'sprintf' is deprecated: This function is provided for compatibility reasons only.  Due to security concerns inherent in the design of sprintf(3), it is highly recommended that you use snprintf(3) instead. [-Wdeprecated-declarations]
  610 |                 int prefixLen = sprintf(tmpBuffer, "[OSLogPrintf-%d-%d-%d] ", ukn1, ukn2, ukn3);
      |                                 ^
/Applications/Xcode-16.3.0.app/Contents/Developer/Platforms/MacOSX.platform/Developer/SDKs/MacOSX.sdk/usr/include/_stdio.h:278:1: note: 'sprintf' has been explicitly marked deprecated here
  278 | __deprecated_msg("This function is provided for compatibility reasons only.  Due to security concerns inherent in the design of sprintf(3), it is highly recommended that you use snprintf(3) instead.")
      | ^
/Applications/Xcode-16.3.0.app/Contents/Developer/Platforms/MacOSX.platform/Developer/SDKs/MacOSX.sdk/usr/include/sys/cdefs.h:218:48: note: expanded from macro '__deprecated_msg'
  218 |         #define __deprecated_msg(_msg) __attribute__((__deprecated__(_msg)))
      |                                                       ^
4 warnings generated.
[143/402] Building CXX object src/Cafe/CMakeFiles/CemuCafe.dir/OS/libs/dmae/dmae.cpp.o
[144/402] Building CXX object src/Cafe/CMakeFiles/CemuCafe.dir/OS/libs/coreinit/coreinit_SystemInfo.cpp.o
[145/402] Building CXX object src/Cafe/CMakeFiles/CemuCafe.dir/OS/libs/coreinit/coreinit_SysHeap.cpp.o
[146/402] Building CXX object src/Cafe/CMakeFiles/CemuCafe.dir/OS/libs/gx2/GX2_AddrTest.cpp.o
[147/402] Building CXX object src/Cafe/CMakeFiles/CemuCafe.dir/OS/libs/coreinit/coreinit_Time.cpp.o
[148/402] Building CXX object src/Cafe/CMakeFiles/CemuCafe.dir/OS/libs/drmapp/drmapp.cpp.o
[149/402] Building CXX object src/Cafe/CMakeFiles/CemuCafe.dir/OS/libs/coreinit/coreinit_Synchronization.cpp.o
[150/402] Building CXX object src/Cafe/CMakeFiles/CemuCafe.dir/OS/libs/gx2/GX2_ContextState.cpp.o
[151/402] Building CXX object src/Cafe/CMakeFiles/CemuCafe.dir/OS/libs/gx2/GX2.cpp.o
[152/402] Building CXX object src/Cafe/CMakeFiles/CemuCafe.dir/OS/libs/gx2/GX2_Blit.cpp.o
[153/402] Building CXX object src/Cafe/CMakeFiles/CemuCafe.dir/OS/libs/erreula/erreula.cpp.o
[154/402] Building CXX object src/Cafe/CMakeFiles/CemuCafe.dir/OS/libs/gx2/GX2_Command.cpp.o
[155/402] Building CXX object src/Cafe/CMakeFiles/CemuCafe.dir/OS/libs/gx2/GX2_Draw.cpp.o
[156/402] Building CXX object src/Cafe/CMakeFiles/CemuCafe.dir/OS/libs/gx2/GX2_Memory.cpp.o
[157/402] Building CXX object src/Cafe/CMakeFiles/CemuCafe.dir/OS/libs/gx2/GX2_Query.cpp.o
[158/402] Building CXX object src/Cafe/CMakeFiles/CemuCafe.dir/OS/libs/gx2/GX2_RenderTarget.cpp.o
[159/402] Building CXX object src/Cafe/CMakeFiles/CemuCafe.dir/OS/libs/coreinit/coreinit_FS.cpp.o
[160/402] Building CXX object src/Cafe/CMakeFiles/CemuCafe.dir/OS/libs/gx2/GX2_Event.cpp.o
[161/402] Building CXX object src/Cafe/CMakeFiles/CemuCafe.dir/OS/libs/coreinit/coreinit_Thread.cpp.o
In file included from /Users/bytedance/workspace/cemu_android/src/Cafe/OS/libs/coreinit/coreinit_Thread.cpp:10:
In file included from /Users/bytedance/workspace/cemu_android/src/Cafe/../Cafe/HW/Espresso/Recompiler/PPCRecompiler.h:27:
/Users/bytedance/workspace/cemu_android/src/Cafe/../Cafe/HW/Espresso/Recompiler/IML/IMLInstruction.h:761:21: warning: implicit conversion from 'int' to 'uint8' (aka 'unsigned char') changes value from -999 to 25 [-Wconstant-conversion]
  761 |                 this->operation = -999;
      |                                 ~ ^~~~
/Users/bytedance/workspace/cemu_android/src/Cafe/../Cafe/HW/Espresso/Recompiler/IML/IMLInstruction.h:810:21: warning: implicit conversion from 'int' to 'uint8' (aka 'unsigned char') changes value from -999 to 25 [-Wconstant-conversion]
  810 |                 this->operation = -999;
      |                                 ~ ^~~~
/Users/bytedance/workspace/cemu_android/src/Cafe/OS/libs/coreinit/coreinit_Thread.cpp:1605:4: warning: 'sprintf' is deprecated: This function is provided for compatibility reasons only.  Due to security concerns inherent in the design of sprintf(3), it is highly recommended that you use snprintf(3) instead. [-Wdeprecated-declarations]
 1605 |                         sprintf(s_terminatorThreads[i].threadName.GetPtr(), "{SYS Thread Terminator Core %d}", i);
      |                         ^
/Applications/Xcode-16.3.0.app/Contents/Developer/Platforms/MacOSX.platform/Developer/SDKs/MacOSX.sdk/usr/include/_stdio.h:278:1: note: 'sprintf' has been explicitly marked deprecated here
  278 | __deprecated_msg("This function is provided for compatibility reasons only.  Due to security concerns inherent in the design of sprintf(3), it is highly recommended that you use snprintf(3) instead.")
      | ^
/Applications/Xcode-16.3.0.app/Contents/Developer/Platforms/MacOSX.platform/Developer/SDKs/MacOSX.sdk/usr/include/sys/cdefs.h:218:48: note: expanded from macro '__deprecated_msg'
  218 |         #define __deprecated_msg(_msg) __attribute__((__deprecated__(_msg)))
      |                                                       ^
/Users/bytedance/workspace/cemu_android/src/Cafe/OS/libs/coreinit/coreinit_Thread.cpp:1618:4: warning: 'sprintf' is deprecated: This function is provided for compatibility reasons only.  Due to security concerns inherent in the design of sprintf(3), it is highly recommended that you use snprintf(3) instead. [-Wdeprecated-declarations]
 1618 |                         sprintf(_defaultThreadName[i].GetPtr(), "Default Core %d", i);
      |                         ^
/Applications/Xcode-16.3.0.app/Contents/Developer/Platforms/MacOSX.platform/Developer/SDKs/MacOSX.sdk/usr/include/_stdio.h:278:1: note: 'sprintf' has been explicitly marked deprecated here
  278 | __deprecated_msg("This function is provided for compatibility reasons only.  Due to security concerns inherent in the design of sprintf(3), it is highly recommended that you use snprintf(3) instead.")
      | ^
/Applications/Xcode-16.3.0.app/Contents/Developer/Platforms/MacOSX.platform/Developer/SDKs/MacOSX.sdk/usr/include/sys/cdefs.h:218:48: note: expanded from macro '__deprecated_msg'
  218 |         #define __deprecated_msg(_msg) __attribute__((__deprecated__(_msg)))
      |                                                       ^
4 warnings generated.
[162/402] Building CXX object src/Cafe/CMakeFiles/CemuCafe.dir/OS/libs/gx2/GX2_shader_legacy.cpp.o
[163/402] Building CXX object src/Cafe/CMakeFiles/CemuCafe.dir/OS/libs/gx2/GX2_Misc.cpp.o
[164/402] Building CXX object src/Cafe/CMakeFiles/CemuCafe.dir/OS/libs/gx2/GX2_Streamout.cpp.o
[165/402] Building CXX object src/Cafe/CMakeFiles/CemuCafe.dir/OS/libs/gx2/GX2_Shader.cpp.o
[166/402] Building CXX object src/Cafe/CMakeFiles/CemuCafe.dir/OS/libs/h264_avc/parser/H264Parser.cpp.o
[167/402] Building CXX object src/Cafe/CMakeFiles/CemuCafe.dir/OS/libs/gx2/GX2_Surface_Copy.cpp.o
[168/402] Building CXX object src/Cafe/CMakeFiles/CemuCafe.dir/OS/libs/gx2/GX2_Resource.cpp.o
[169/402] Building CXX object src/Cafe/CMakeFiles/CemuCafe.dir/OS/libs/nfc/stream.cpp.o
[170/402] Building CXX object src/Cafe/CMakeFiles/CemuCafe.dir/OS/libs/gx2/GX2_Surface.cpp.o
[171/402] Building CXX object src/Cafe/CMakeFiles/CemuCafe.dir/OS/libs/gx2/GX2_TilingAperture.cpp.o
[172/402] Building CXX object src/Cafe/CMakeFiles/CemuCafe.dir/OS/libs/nfc/TLV.cpp.o
[173/402] Building CXX object src/Cafe/CMakeFiles/CemuCafe.dir/OS/libs/gx2/GX2_Texture.cpp.o
[174/402] Building CXX object src/Cafe/CMakeFiles/CemuCafe.dir/OS/libs/h264_avc/H264DecBackendAVC.cpp.o
[175/402] Building CXX object src/Cafe/CMakeFiles/CemuCafe.dir/OS/libs/nfc/ndef.cpp.o
[176/402] Building CXX object src/Cafe/CMakeFiles/CemuCafe.dir/OS/libs/nfc/TagV0.cpp.o
[177/402] Building CXX object src/Cafe/CMakeFiles/CemuCafe.dir/OS/libs/h264_avc/H264Dec.cpp.o
[178/402] Building CXX object src/Cafe/CMakeFiles/CemuCafe.dir/OS/libs/nlibnss/nlibnss.cpp.o
[179/402] Building CXX object src/Cafe/CMakeFiles/CemuCafe.dir/OS/libs/nn_ac/nn_ac.cpp.o
[180/402] Building CXX object src/Cafe/CMakeFiles/CemuCafe.dir/OS/libs/nfc/nfc.cpp.o
[181/402] Building CXX object src/Cafe/CMakeFiles/CemuCafe.dir/OS/libs/nn_ec/nn_ec.cpp.o
[182/402] Building CXX object src/Cafe/CMakeFiles/CemuCafe.dir/OS/libs/nn_ccr/nn_ccr.cpp.o
[183/402] Building CXX object src/Cafe/CMakeFiles/CemuCafe.dir/OS/libs/nn_acp/nn_acp.cpp.o
/Users/bytedance/workspace/cemu_android/src/Cafe/OS/libs/nn_acp/nn_acp.cpp:263:4: warning: 'sprintf' is deprecated: This function is provided for compatibility reasons only.  Due to security concerns inherent in the design of sprintf(3), it is highly recommended that you use snprintf(3) instead. [-Wdeprecated-declarations]
  263 |                         sprintf(path, "/vol/storage_mlc01/sys/title/%08x/%08x/meta", (uint32)(titleId>>32), (uint32)(titleId&0xFFFFFFFF));
      |                         ^
/Applications/Xcode-16.3.0.app/Contents/Developer/Platforms/MacOSX.platform/Developer/SDKs/MacOSX.sdk/usr/include/_stdio.h:278:1: note: 'sprintf' has been explicitly marked deprecated here
  278 | __deprecated_msg("This function is provided for compatibility reasons only.  Due to security concerns inherent in the design of sprintf(3), it is highly recommended that you use snprintf(3) instead.")
      | ^
/Applications/Xcode-16.3.0.app/Contents/Developer/Platforms/MacOSX.platform/Developer/SDKs/MacOSX.sdk/usr/include/sys/cdefs.h:218:48: note: expanded from macro '__deprecated_msg'
  218 |         #define __deprecated_msg(_msg) __attribute__((__deprecated__(_msg)))
      |                                                       ^
/Users/bytedance/workspace/cemu_android/src/Cafe/OS/libs/nn_acp/nn_acp.cpp:267:4: warning: 'sprintf' is deprecated: This function is provided for compatibility reasons only.  Due to security concerns inherent in the design of sprintf(3), it is highly recommended that you use snprintf(3) instead. [-Wdeprecated-declarations]
  267 |                         sprintf(path, "/vol/storage_mlc01/usr/title/%08x/%08x/meta", (uint32)(titleId >> 32), (uint32)(titleId & 0xFFFFFFFF));
      |                         ^
/Applications/Xcode-16.3.0.app/Contents/Developer/Platforms/MacOSX.platform/Developer/SDKs/MacOSX.sdk/usr/include/_stdio.h:278:1: note: 'sprintf' has been explicitly marked deprecated here
  278 | __deprecated_msg("This function is provided for compatibility reasons only.  Due to security concerns inherent in the design of sprintf(3), it is highly recommended that you use snprintf(3) instead.")
      | ^
/Applications/Xcode-16.3.0.app/Contents/Developer/Platforms/MacOSX.platform/Developer/SDKs/MacOSX.sdk/usr/include/sys/cdefs.h:218:48: note: expanded from macro '__deprecated_msg'
  218 |         #define __deprecated_msg(_msg) __attribute__((__deprecated__(_msg)))
      |                                                       ^
2 warnings generated.
[184/402] Building CXX object src/Cafe/CMakeFiles/CemuCafe.dir/OS/libs/nn_act/nn_act.cpp.o
[185/402] Building CXX object src/Cafe/CMakeFiles/CemuCafe.dir/OS/libs/gx2/GX2_State.cpp.o
[186/402] Building CXX object src/Cafe/CMakeFiles/CemuCafe.dir/OS/libs/nn_cmpt/nn_cmpt.cpp.o
[187/402] Building CXX object src/Cafe/CMakeFiles/CemuCafe.dir/OS/libs/nlibcurl/nlibcurl.cpp.o
/Users/bytedance/workspace/cemu_android/src/Cafe/OS/libs/nlibcurl/nlibcurl.cpp:1320:8: warning: 'CURLOPT_PROGRESSFUNCTION' is deprecated: since 7.32.0. Use CURLOPT_XFERINFOFUNCTION [-Wdeprecated-declarations]
 1320 |                 case CURLOPT_PROGRESSFUNCTION:
      |                      ^
/Users/bytedance/workspace/cemu_android/build/vcpkg_installed/arm64-osx/include/curl/curl.h:1337:3: note: 'CURLOPT_PROGRESSFUNCTION' has been explicitly marked deprecated here
 1337 |   CURLOPTDEPRECATED(CURLOPT_PROGRESSFUNCTION, CURLOPTTYPE_FUNCTIONPOINT, 56,
      |   ^
/Users/bytedance/workspace/cemu_android/build/vcpkg_installed/arm64-osx/include/curl/curl.h:1124:43: note: expanded from macro 'CURLOPTDEPRECATED'
 1124 | #define CURLOPTDEPRECATED(na,t,nu,v,m) na CURL_DEPRECATED(v,m) = t + nu
      |                                           ^
/Users/bytedance/workspace/cemu_android/build/vcpkg_installed/arm64-osx/include/curl/curl.h:44:18: note: expanded from macro 'CURL_DEPRECATED'
   44 |   __attribute__((deprecated("since " # version ". " message)))
      |                  ^
/Users/bytedance/workspace/cemu_android/src/Cafe/OS/libs/nlibcurl/nlibcurl.cpp:1324:41: warning: 'CURLOPT_PROGRESSFUNCTION' is deprecated: since 7.32.0. Use CURLOPT_XFERINFOFUNCTION [-Wdeprecated-declarations]
 1324 |                         result = ::curl_easy_setopt(curlObj, CURLOPT_PROGRESSFUNCTION, progress_callback);
      |                                                              ^
/Users/bytedance/workspace/cemu_android/build/vcpkg_installed/arm64-osx/include/curl/curl.h:1337:3: note: 'CURLOPT_PROGRESSFUNCTION' has been explicitly marked deprecated here
 1337 |   CURLOPTDEPRECATED(CURLOPT_PROGRESSFUNCTION, CURLOPTTYPE_FUNCTIONPOINT, 56,
      |   ^
/Users/bytedance/workspace/cemu_android/build/vcpkg_installed/arm64-osx/include/curl/curl.h:1124:43: note: expanded from macro 'CURLOPTDEPRECATED'
 1124 | #define CURLOPTDEPRECATED(na,t,nu,v,m) na CURL_DEPRECATED(v,m) = t + nu
      |                                           ^
/Users/bytedance/workspace/cemu_android/build/vcpkg_installed/arm64-osx/include/curl/curl.h:44:18: note: expanded from macro 'CURL_DEPRECATED'
   44 |   __attribute__((deprecated("since " # version ". " message)))
      |                  ^
/Users/bytedance/workspace/cemu_android/src/Cafe/OS/libs/nlibcurl/nlibcurl.cpp:1383:8: warning: 'CURLINFO_SIZE_DOWNLOAD' is deprecated: since 7.55.0. Use CURLINFO_SIZE_DOWNLOAD_T [-Wdeprecated-declarations]
 1383 |                 case CURLINFO_SIZE_DOWNLOAD:
      |                      ^
/Users/bytedance/workspace/cemu_android/build/vcpkg_installed/arm64-osx/include/curl/curl.h:2919:24: note: 'CURLINFO_SIZE_DOWNLOAD' has been explicitly marked deprecated here
 2919 |                        CURL_DEPRECATED(7.55.0, "Use CURLINFO_SIZE_DOWNLOAD_T")
      |                        ^
/Users/bytedance/workspace/cemu_android/build/vcpkg_installed/arm64-osx/include/curl/curl.h:44:18: note: expanded from macro 'CURL_DEPRECATED'
   44 |   __attribute__((deprecated("since " # version ". " message)))
      |                  ^
/Users/bytedance/workspace/cemu_android/src/Cafe/OS/libs/nlibcurl/nlibcurl.cpp:1384:8: warning: 'CURLINFO_SPEED_DOWNLOAD' is deprecated: since 7.55.0. Use CURLINFO_SPEED_DOWNLOAD_T [-Wdeprecated-declarations]
 1384 |                 case CURLINFO_SPEED_DOWNLOAD:
      |                      ^
/Users/bytedance/workspace/cemu_android/build/vcpkg_installed/arm64-osx/include/curl/curl.h:2923:24: note: 'CURLINFO_SPEED_DOWNLOAD' has been explicitly marked deprecated here
 2923 |                        CURL_DEPRECATED(7.55.0, "Use CURLINFO_SPEED_DOWNLOAD_T")
      |                        ^
/Users/bytedance/workspace/cemu_android/build/vcpkg_installed/arm64-osx/include/curl/curl.h:44:18: note: expanded from macro 'CURL_DEPRECATED'
   44 |   __attribute__((deprecated("since " # version ". " message)))
      |                  ^
/Users/bytedance/workspace/cemu_android/src/Cafe/OS/libs/nlibcurl/nlibcurl.cpp:1385:8: warning: 'CURLINFO_SIZE_UPLOAD' is deprecated: since 7.55.0. Use CURLINFO_SIZE_UPLOAD_T [-Wdeprecated-declarations]
 1385 |                 case CURLINFO_SIZE_UPLOAD:
      |                      ^
/Users/bytedance/workspace/cemu_android/build/vcpkg_installed/arm64-osx/include/curl/curl.h:2915:24: note: 'CURLINFO_SIZE_UPLOAD' has been explicitly marked deprecated here
 2915 |   CURLINFO_SIZE_UPLOAD CURL_DEPRECATED(7.55.0, "Use CURLINFO_SIZE_UPLOAD_T")
      |                        ^
/Users/bytedance/workspace/cemu_android/build/vcpkg_installed/arm64-osx/include/curl/curl.h:44:18: note: expanded from macro 'CURL_DEPRECATED'
   44 |   __attribute__((deprecated("since " # version ". " message)))
      |                  ^
/Users/bytedance/workspace/cemu_android/src/Cafe/OS/libs/nlibcurl/nlibcurl.cpp:1386:8: warning: 'CURLINFO_SPEED_UPLOAD' is deprecated: since 7.55.0. Use CURLINFO_SPEED_UPLOAD_T [-Wdeprecated-declarations]
 1386 |                 case CURLINFO_SPEED_UPLOAD:
      |                      ^
/Users/bytedance/workspace/cemu_android/build/vcpkg_installed/arm64-osx/include/curl/curl.h:2927:24: note: 'CURLINFO_SPEED_UPLOAD' has been explicitly marked deprecated here
 2927 |                        CURL_DEPRECATED(7.55.0, "Use CURLINFO_SPEED_UPLOAD_T")
      |                        ^
/Users/bytedance/workspace/cemu_android/build/vcpkg_installed/arm64-osx/include/curl/curl.h:44:18: note: expanded from macro 'CURL_DEPRECATED'
   44 |   __attribute__((deprecated("since " # version ". " message)))
      |                  ^
/Users/bytedance/workspace/cemu_android/src/Cafe/OS/libs/nlibcurl/nlibcurl.cpp:1387:8: warning: 'CURLINFO_CONTENT_LENGTH_DOWNLOAD' is deprecated: since 7.55.0. Use CURLINFO_CONTENT_LENGTH_DOWNLOAD_T [-Wdeprecated-declarations]
 1387 |                 case CURLINFO_CONTENT_LENGTH_DOWNLOAD:
      |                      ^
/Users/bytedance/workspace/cemu_android/build/vcpkg_installed/arm64-osx/include/curl/curl.h:2936:24: note: 'CURLINFO_CONTENT_LENGTH_DOWNLOAD' has been explicitly marked deprecated here
 2936 |                        CURL_DEPRECATED(7.55.0,
      |                        ^
/Users/bytedance/workspace/cemu_android/build/vcpkg_installed/arm64-osx/include/curl/curl.h:44:18: note: expanded from macro 'CURL_DEPRECATED'
   44 |   __attribute__((deprecated("since " # version ". " message)))
      |                  ^
7 warnings generated.
[188/402] Building CXX object src/Cafe/CMakeFiles/CemuCafe.dir/OS/libs/nn_aoc/nn_aoc.cpp.o
[189/402] Building CXX object src/Cafe/CMakeFiles/CemuCafe.dir/OS/libs/nn_ndm/nn_ndm.cpp.o
[190/402] Building CXX object src/Cafe/CMakeFiles/CemuCafe.dir/OS/libs/nn_idbe/nn_idbe.cpp.o
[191/402] Building CXX object src/Cafe/CMakeFiles/CemuCafe.dir/OS/libs/nn_nim/nn_nim.cpp.o
[192/402] Building CXX object src/Cafe/CMakeFiles/CemuCafe.dir/OS/libs/nn_spm/nn_spm.cpp.o
[193/402] Building CXX object src/Cafe/CMakeFiles/CemuCafe.dir/OS/libs/nn_sl/nn_sl.cpp.o
[194/402] Building CXX object src/Cafe/CMakeFiles/CemuCafe.dir/OS/libs/mic/mic.cpp.o
[195/402] Building CXX object src/Cafe/CMakeFiles/CemuCafe.dir/OS/libs/nn_nfp/nn_nfp.cpp.o
[196/402] Building CXX object src/Cafe/CMakeFiles/CemuCafe.dir/OS/libs/nn_olv/nn_olv_Common.cpp.o
/Users/bytedance/workspace/cemu_android/src/Cafe/OS/libs/nn_olv/nn_olv_Common.cpp:215:4: warning: 'sprintf' is deprecated: This function is provided for compatibility reasons only.  Due to security concerns inherent in the design of sprintf(3), it is highly recommended that you use snprintf(3) instead. [-Wdeprecated-declarations]
  215 |                         sprintf(pOutCode, "%012llu", communityCode);
      |                         ^
/Applications/Xcode-16.3.0.app/Contents/Developer/Platforms/MacOSX.platform/Developer/SDKs/MacOSX.sdk/usr/include/_stdio.h:278:1: note: 'sprintf' has been explicitly marked deprecated here
  278 | __deprecated_msg("This function is provided for compatibility reasons only.  Due to security concerns inherent in the design of sprintf(3), it is highly recommended that you use snprintf(3) instead.")
      | ^
/Applications/Xcode-16.3.0.app/Contents/Developer/Platforms/MacOSX.platform/Developer/SDKs/MacOSX.sdk/usr/include/sys/cdefs.h:218:48: note: expanded from macro '__deprecated_msg'
  218 |         #define __deprecated_msg(_msg) __attribute__((__deprecated__(_msg)))
      |                                                       ^
/Users/bytedance/workspace/cemu_android/src/Cafe/OS/libs/nn_olv/nn_olv_Common.cpp:273:10: warning: 'CURL_FORMADD_OK' is deprecated: since 7.56.0.  [-Wdeprecated-declarations]
  273 |                                 case CURL_FORMADD_OK:
      |                                      ^
/Users/bytedance/workspace/cemu_android/build/vcpkg_installed/arm64-osx/include/curl/curl.h:2613:31: note: 'CURL_FORMADD_OK' has been explicitly marked deprecated here
 2613 |   CURL_FORMADD_OK             CURL_DEPRECATED(7.56.0, ""), /* 1st, no error */
      |                               ^
/Users/bytedance/workspace/cemu_android/build/vcpkg_installed/arm64-osx/include/curl/curl.h:44:18: note: expanded from macro 'CURL_DEPRECATED'
   44 |   __attribute__((deprecated("since " # version ". " message)))
      |                  ^
/Users/bytedance/workspace/cemu_android/src/Cafe/OS/libs/nn_olv/nn_olv_Common.cpp:276:10: warning: 'CURL_FORMADD_MEMORY' is deprecated: since 7.56.0.  [-Wdeprecated-declarations]
  276 |                                 case CURL_FORMADD_MEMORY:
      |                                      ^
/Users/bytedance/workspace/cemu_android/build/vcpkg_installed/arm64-osx/include/curl/curl.h:2615:31: note: 'CURL_FORMADD_MEMORY' has been explicitly marked deprecated here
 2615 |   CURL_FORMADD_MEMORY         CURL_DEPRECATED(7.56.0, ""),
      |                               ^
/Users/bytedance/workspace/cemu_android/build/vcpkg_installed/arm64-osx/include/curl/curl.h:44:18: note: expanded from macro 'CURL_DEPRECATED'
   44 |   __attribute__((deprecated("since " # version ". " message)))
      |                  ^
/Users/bytedance/workspace/cemu_android/src/Cafe/OS/libs/nn_olv/nn_olv_Common.cpp:279:10: warning: 'CURL_FORMADD_OPTION_TWICE' is deprecated: since 7.56.0.  [-Wdeprecated-declarations]
  279 |                                 case CURL_FORMADD_OPTION_TWICE:
      |                                      ^
/Users/bytedance/workspace/cemu_android/build/vcpkg_installed/arm64-osx/include/curl/curl.h:2616:31: note: 'CURL_FORMADD_OPTION_TWICE' has been explicitly marked deprecated here
 2616 |   CURL_FORMADD_OPTION_TWICE   CURL_DEPRECATED(7.56.0, ""),
      |                               ^
/Users/bytedance/workspace/cemu_android/build/vcpkg_installed/arm64-osx/include/curl/curl.h:44:18: note: expanded from macro 'CURL_DEPRECATED'
   44 |   __attribute__((deprecated("since " # version ". " message)))
      |                  ^
4 warnings generated.
[197/402] Building CXX object src/Cafe/CMakeFiles/CemuCafe.dir/OS/libs/nn_temp/nn_temp.cpp.o
[198/402] Building CXX object src/Cafe/CMakeFiles/CemuCafe.dir/OS/libs/nn_uds/nn_uds.cpp.o
[199/402] Building CXX object src/Cafe/CMakeFiles/CemuCafe.dir/OS/libs/nsyshid/AttachDefaultBackends.cpp.o
[200/402] Building CXX object src/Cafe/CMakeFiles/CemuCafe.dir/OS/libs/nsyshid/Whitelist.cpp.o
[201/402] Building CXX object src/Cafe/CMakeFiles/CemuCafe.dir/OS/libs/nn_fp/nn_fp.cpp.o
[202/402] Building CXX object src/Cafe/CMakeFiles/CemuCafe.dir/OS/libs/nn_olv/nn_olv_InitializeTypes.cpp.o
[203/402] Building CXX object src/Cafe/CMakeFiles/CemuCafe.dir/OS/libs/nn_olv/nn_olv_DownloadCommunityTypes.cpp.o
[204/402] Building CXX object src/Cafe/CMakeFiles/CemuCafe.dir/OS/libs/nn_pdm/nn_pdm.cpp.o
[205/402] Building CXX object src/Cafe/CMakeFiles/CemuCafe.dir/OS/libs/nn_olv/nn_olv_UploadFavoriteTypes.cpp.o
[206/402] Building CXX object src/Cafe/CMakeFiles/CemuCafe.dir/OS/libs/nn_olv/nn_olv_UploadCommunityTypes.cpp.o
/Users/bytedance/workspace/cemu_android/src/Cafe/OS/libs/nn_olv/nn_olv_UploadCommunityTypes.cpp:101:9: warning: 'CURLFORM_COPYNAME' is deprecated: since 7.56.0. Use curl_mime_name() [-Wdeprecated-declarations]
  101 |                                                                 CURLFORM_COPYNAME, "icon",
      |                                                                 ^
/Users/bytedance/workspace/cemu_android/build/vcpkg_installed/arm64-osx/include/curl/curl.h:2562:28: note: 'CURLFORM_COPYNAME' has been explicitly marked deprecated here
 2562 |   CURLFORM_COPYNAME        CURL_DEPRECATED(7.56.0, "Use curl_mime_name()"),
      |                            ^
/Users/bytedance/workspace/cemu_android/build/vcpkg_installed/arm64-osx/include/curl/curl.h:44:18: note: expanded from macro 'CURL_DEPRECATED'
   44 |   __attribute__((deprecated("since " # version ". " message)))
      |                  ^
/Users/bytedance/workspace/cemu_android/src/Cafe/OS/libs/nn_olv/nn_olv_UploadCommunityTypes.cpp:102:9: warning: 'CURLFORM_PTRCONTENTS' is deprecated: since 7.56.0. Use curl_mime_data() [-Wdeprecated-declarations]
  102 |                                                                 CURLFORM_PTRCONTENTS, base64icon.data(),
      |                                                                 ^
/Users/bytedance/workspace/cemu_android/build/vcpkg_installed/arm64-osx/include/curl/curl.h:2566:28: note: 'CURLFORM_PTRCONTENTS' has been explicitly marked deprecated here
 2566 |   CURLFORM_PTRCONTENTS     CURL_DEPRECATED(7.56.0, "Use curl_mime_data()"),
      |                            ^
/Users/bytedance/workspace/cemu_android/build/vcpkg_installed/arm64-osx/include/curl/curl.h:44:18: note: expanded from macro 'CURL_DEPRECATED'
   44 |   __attribute__((deprecated("since " # version ". " message)))
      |                  ^
/Users/bytedance/workspace/cemu_android/src/Cafe/OS/libs/nn_olv/nn_olv_UploadCommunityTypes.cpp:103:9: warning: 'CURLFORM_CONTENTSLENGTH' is deprecated: since 7.56.0. Use curl_mime_data() [-Wdeprecated-declarations]
  103 |                                                                 CURLFORM_CONTENTSLENGTH, base64icon.size(),
      |                                                                 ^
/Users/bytedance/workspace/cemu_android/build/vcpkg_installed/arm64-osx/include/curl/curl.h:2567:28: note: 'CURLFORM_CONTENTSLENGTH' has been explicitly marked deprecated here
 2567 |   CURLFORM_CONTENTSLENGTH  CURL_DEPRECATED(7.56.0, "Use curl_mime_data()"),
      |                            ^
/Users/bytedance/workspace/cemu_android/build/vcpkg_installed/arm64-osx/include/curl/curl.h:44:18: note: expanded from macro 'CURL_DEPRECATED'
   44 |   __attribute__((deprecated("since " # version ". " message)))
      |                  ^
/Users/bytedance/workspace/cemu_android/src/Cafe/OS/libs/nn_olv/nn_olv_UploadCommunityTypes.cpp:100:8: warning: 'curl_formadd' is deprecated: since 7.56.0. Use curl_mime_init() [-Wdeprecated-declarations]
  100 |                                                         curl_formadd(&post, &last,
      |                                                         ^
/Users/bytedance/workspace/cemu_android/build/vcpkg_installed/arm64-osx/include/curl/curl.h:2636:26: note: 'curl_formadd' has been explicitly marked deprecated here
 2636 | CURL_EXTERN CURLFORMcode CURL_DEPRECATED(7.56.0, "Use curl_mime_init()")
      |                          ^
/Users/bytedance/workspace/cemu_android/build/vcpkg_installed/arm64-osx/include/curl/curl.h:44:18: note: expanded from macro 'CURL_DEPRECATED'
   44 |   __attribute__((deprecated("since " # version ". " message)))
      |                  ^
/Users/bytedance/workspace/cemu_android/src/Cafe/OS/libs/nn_olv/nn_olv_UploadCommunityTypes.cpp:117:8: warning: 'CURLFORM_COPYNAME' is deprecated: since 7.56.0. Use curl_mime_name() [-Wdeprecated-declarations]
  117 |                                                         CURLFORM_COPYNAME, "name",
      |                                                         ^
/Users/bytedance/workspace/cemu_android/build/vcpkg_installed/arm64-osx/include/curl/curl.h:2562:28: note: 'CURLFORM_COPYNAME' has been explicitly marked deprecated here
 2562 |   CURLFORM_COPYNAME        CURL_DEPRECATED(7.56.0, "Use curl_mime_name()"),
      |                            ^
/Users/bytedance/workspace/cemu_android/build/vcpkg_installed/arm64-osx/include/curl/curl.h:44:18: note: expanded from macro 'CURL_DEPRECATED'
   44 |   __attribute__((deprecated("since " # version ". " message)))
      |                  ^
/Users/bytedance/workspace/cemu_android/src/Cafe/OS/libs/nn_olv/nn_olv_UploadCommunityTypes.cpp:118:8: warning: 'CURLFORM_PTRCONTENTS' is deprecated: since 7.56.0. Use curl_mime_data() [-Wdeprecated-declarations]
  118 |                                                         CURLFORM_PTRCONTENTS, form_name.data(),
      |                                                         ^
/Users/bytedance/workspace/cemu_android/build/vcpkg_installed/arm64-osx/include/curl/curl.h:2566:28: note: 'CURLFORM_PTRCONTENTS' has been explicitly marked deprecated here
 2566 |   CURLFORM_PTRCONTENTS     CURL_DEPRECATED(7.56.0, "Use curl_mime_data()"),
      |                            ^
/Users/bytedance/workspace/cemu_android/build/vcpkg_installed/arm64-osx/include/curl/curl.h:44:18: note: expanded from macro 'CURL_DEPRECATED'
   44 |   __attribute__((deprecated("since " # version ". " message)))
      |                  ^
/Users/bytedance/workspace/cemu_android/src/Cafe/OS/libs/nn_olv/nn_olv_UploadCommunityTypes.cpp:119:8: warning: 'CURLFORM_CONTENTSLENGTH' is deprecated: since 7.56.0. Use curl_mime_data() [-Wdeprecated-declarations]
  119 |                                                         CURLFORM_CONTENTSLENGTH, form_name.size(),
      |                                                         ^
/Users/bytedance/workspace/cemu_android/build/vcpkg_installed/arm64-osx/include/curl/curl.h:2567:28: note: 'CURLFORM_CONTENTSLENGTH' has been explicitly marked deprecated here
 2567 |   CURLFORM_CONTENTSLENGTH  CURL_DEPRECATED(7.56.0, "Use curl_mime_data()"),
      |                            ^
/Users/bytedance/workspace/cemu_android/build/vcpkg_installed/arm64-osx/include/curl/curl.h:44:18: note: expanded from macro 'CURL_DEPRECATED'
   44 |   __attribute__((deprecated("since " # version ". " message)))
      |                  ^
/Users/bytedance/workspace/cemu_android/src/Cafe/OS/libs/nn_olv/nn_olv_UploadCommunityTypes.cpp:116:7: warning: 'curl_formadd' is deprecated: since 7.56.0. Use curl_mime_init() [-Wdeprecated-declarations]
  116 |                                                 curl_formadd(&post, &last,
      |                                                 ^
/Users/bytedance/workspace/cemu_android/build/vcpkg_installed/arm64-osx/include/curl/curl.h:2636:26: note: 'curl_formadd' has been explicitly marked deprecated here
 2636 | CURL_EXTERN CURLFORMcode CURL_DEPRECATED(7.56.0, "Use curl_mime_init()")
      |                          ^
/Users/bytedance/workspace/cemu_android/build/vcpkg_installed/arm64-osx/include/curl/curl.h:44:18: note: expanded from macro 'CURL_DEPRECATED'
   44 |   __attribute__((deprecated("since " # version ". " message)))
      |                  ^
/Users/bytedance/workspace/cemu_android/src/Cafe/OS/libs/nn_olv/nn_olv_UploadCommunityTypes.cpp:132:8: warning: 'CURLFORM_COPYNAME' is deprecated: since 7.56.0. Use curl_mime_name() [-Wdeprecated-declarations]
  132 |                                                         CURLFORM_COPYNAME, "description",
      |                                                         ^
/Users/bytedance/workspace/cemu_android/build/vcpkg_installed/arm64-osx/include/curl/curl.h:2562:28: note: 'CURLFORM_COPYNAME' has been explicitly marked deprecated here
 2562 |   CURLFORM_COPYNAME        CURL_DEPRECATED(7.56.0, "Use curl_mime_name()"),
      |                            ^
/Users/bytedance/workspace/cemu_android/build/vcpkg_installed/arm64-osx/include/curl/curl.h:44:18: note: expanded from macro 'CURL_DEPRECATED'
   44 |   __attribute__((deprecated("since " # version ". " message)))
      |                  ^
/Users/bytedance/workspace/cemu_android/src/Cafe/OS/libs/nn_olv/nn_olv_UploadCommunityTypes.cpp:133:8: warning: 'CURLFORM_PTRCONTENTS' is deprecated: since 7.56.0. Use curl_mime_data() [-Wdeprecated-declarations]
  133 |                                                         CURLFORM_PTRCONTENTS, form_desc.data(),
      |                                                         ^
/Users/bytedance/workspace/cemu_android/build/vcpkg_installed/arm64-osx/include/curl/curl.h:2566:28: note: 'CURLFORM_PTRCONTENTS' has been explicitly marked deprecated here
 2566 |   CURLFORM_PTRCONTENTS     CURL_DEPRECATED(7.56.0, "Use curl_mime_data()"),
      |                            ^
/Users/bytedance/workspace/cemu_android/build/vcpkg_installed/arm64-osx/include/curl/curl.h:44:18: note: expanded from macro 'CURL_DEPRECATED'
   44 |   __attribute__((deprecated("since " # version ". " message)))
      |                  ^
/Users/bytedance/workspace/cemu_android/src/Cafe/OS/libs/nn_olv/nn_olv_UploadCommunityTypes.cpp:134:8: warning: 'CURLFORM_CONTENTSLENGTH' is deprecated: since 7.56.0. Use curl_mime_data() [-Wdeprecated-declarations]
  134 |                                                         CURLFORM_CONTENTSLENGTH, form_desc.size(),
      |                                                         ^
/Users/bytedance/workspace/cemu_android/build/vcpkg_installed/arm64-osx/include/curl/curl.h:2567:28: note: 'CURLFORM_CONTENTSLENGTH' has been explicitly marked deprecated here
 2567 |   CURLFORM_CONTENTSLENGTH  CURL_DEPRECATED(7.56.0, "Use curl_mime_data()"),
      |                            ^
/Users/bytedance/workspace/cemu_android/build/vcpkg_installed/arm64-osx/include/curl/curl.h:44:18: note: expanded from macro 'CURL_DEPRECATED'
   44 |   __attribute__((deprecated("since " # version ". " message)))
      |                  ^
/Users/bytedance/workspace/cemu_android/src/Cafe/OS/libs/nn_olv/nn_olv_UploadCommunityTypes.cpp:131:7: warning: 'curl_formadd' is deprecated: since 7.56.0. Use curl_mime_init() [-Wdeprecated-declarations]
  131 |                                                 curl_formadd(&post, &last,
      |                                                 ^
/Users/bytedance/workspace/cemu_android/build/vcpkg_installed/arm64-osx/include/curl/curl.h:2636:26: note: 'curl_formadd' has been explicitly marked deprecated here
 2636 | CURL_EXTERN CURLFORMcode CURL_DEPRECATED(7.56.0, "Use curl_mime_init()")
      |                          ^
/Users/bytedance/workspace/cemu_android/build/vcpkg_installed/arm64-osx/include/curl/curl.h:44:18: note: expanded from macro 'CURL_DEPRECATED'
   44 |   __attribute__((deprecated("since " # version ". " message)))
      |                  ^
/Users/bytedance/workspace/cemu_android/src/Cafe/OS/libs/nn_olv/nn_olv_UploadCommunityTypes.cpp:150:9: warning: 'CURLFORM_COPYNAME' is deprecated: since 7.56.0. Use curl_mime_name() [-Wdeprecated-declarations]
  150 |                                                                 CURLFORM_COPYNAME, "search_key",
      |                                                                 ^
/Users/bytedance/workspace/cemu_android/build/vcpkg_installed/arm64-osx/include/curl/curl.h:2562:28: note: 'CURLFORM_COPYNAME' has been explicitly marked deprecated here
 2562 |   CURLFORM_COPYNAME        CURL_DEPRECATED(7.56.0, "Use curl_mime_name()"),
      |                            ^
/Users/bytedance/workspace/cemu_android/build/vcpkg_installed/arm64-osx/include/curl/curl.h:44:18: note: expanded from macro 'CURL_DEPRECATED'
   44 |   __attribute__((deprecated("since " # version ". " message)))
      |                  ^
/Users/bytedance/workspace/cemu_android/src/Cafe/OS/libs/nn_olv/nn_olv_UploadCommunityTypes.cpp:151:9: warning: 'CURLFORM_PTRCONTENTS' is deprecated: since 7.56.0. Use curl_mime_data() [-Wdeprecated-declarations]
  151 |                                                                 CURLFORM_PTRCONTENTS, form_searchKey[i].data(),
      |                                                                 ^
/Users/bytedance/workspace/cemu_android/build/vcpkg_installed/arm64-osx/include/curl/curl.h:2566:28: note: 'CURLFORM_PTRCONTENTS' has been explicitly marked deprecated here
 2566 |   CURLFORM_PTRCONTENTS     CURL_DEPRECATED(7.56.0, "Use curl_mime_data()"),
      |                            ^
/Users/bytedance/workspace/cemu_android/build/vcpkg_installed/arm64-osx/include/curl/curl.h:44:18: note: expanded from macro 'CURL_DEPRECATED'
   44 |   __attribute__((deprecated("since " # version ". " message)))
      |                  ^
/Users/bytedance/workspace/cemu_android/src/Cafe/OS/libs/nn_olv/nn_olv_UploadCommunityTypes.cpp:152:9: warning: 'CURLFORM_CONTENTSLENGTH' is deprecated: since 7.56.0. Use curl_mime_data() [-Wdeprecated-declarations]
  152 |                                                                 CURLFORM_CONTENTSLENGTH, form_searchKey[i].size(),
      |                                                                 ^
/Users/bytedance/workspace/cemu_android/build/vcpkg_installed/arm64-osx/include/curl/curl.h:2567:28: note: 'CURLFORM_CONTENTSLENGTH' has been explicitly marked deprecated here
 2567 |   CURLFORM_CONTENTSLENGTH  CURL_DEPRECATED(7.56.0, "Use curl_mime_data()"),
      |                            ^
/Users/bytedance/workspace/cemu_android/build/vcpkg_installed/arm64-osx/include/curl/curl.h:44:18: note: expanded from macro 'CURL_DEPRECATED'
   44 |   __attribute__((deprecated("since " # version ". " message)))
      |                  ^
/Users/bytedance/workspace/cemu_android/src/Cafe/OS/libs/nn_olv/nn_olv_UploadCommunityTypes.cpp:149:8: warning: 'curl_formadd' is deprecated: since 7.56.0. Use curl_mime_init() [-Wdeprecated-declarations]
  149 |                                                         curl_formadd(&post, &last,
      |                                                         ^
/Users/bytedance/workspace/cemu_android/build/vcpkg_installed/arm64-osx/include/curl/curl.h:2636:26: note: 'curl_formadd' has been explicitly marked deprecated here
 2636 | CURL_EXTERN CURLFORMcode CURL_DEPRECATED(7.56.0, "Use curl_mime_init()")
      |                          ^
/Users/bytedance/workspace/cemu_android/build/vcpkg_installed/arm64-osx/include/curl/curl.h:44:18: note: expanded from macro 'CURL_DEPRECATED'
   44 |   __attribute__((deprecated("since " # version ". " message)))
      |                  ^
/Users/bytedance/workspace/cemu_android/src/Cafe/OS/libs/nn_olv/nn_olv_UploadCommunityTypes.cpp:170:9: warning: 'CURLFORM_COPYNAME' is deprecated: since 7.56.0. Use curl_mime_name() [-Wdeprecated-declarations]
  170 |                                                                 CURLFORM_COPYNAME, "app_data",
      |                                                                 ^
/Users/bytedance/workspace/cemu_android/build/vcpkg_installed/arm64-osx/include/curl/curl.h:2562:28: note: 'CURLFORM_COPYNAME' has been explicitly marked deprecated here
 2562 |   CURLFORM_COPYNAME        CURL_DEPRECATED(7.56.0, "Use curl_mime_name()"),
      |                            ^
/Users/bytedance/workspace/cemu_android/build/vcpkg_installed/arm64-osx/include/curl/curl.h:44:18: note: expanded from macro 'CURL_DEPRECATED'
   44 |   __attribute__((deprecated("since " # version ". " message)))
      |                  ^
/Users/bytedance/workspace/cemu_android/src/Cafe/OS/libs/nn_olv/nn_olv_UploadCommunityTypes.cpp:171:9: warning: 'CURLFORM_PTRCONTENTS' is deprecated: since 7.56.0. Use curl_mime_data() [-Wdeprecated-declarations]
  171 |                                                                 CURLFORM_PTRCONTENTS, encodedAppData.data(),
      |                                                                 ^
/Users/bytedance/workspace/cemu_android/build/vcpkg_installed/arm64-osx/include/curl/curl.h:2566:28: note: 'CURLFORM_PTRCONTENTS' has been explicitly marked deprecated here
 2566 |   CURLFORM_PTRCONTENTS     CURL_DEPRECATED(7.56.0, "Use curl_mime_data()"),
      |                            ^
/Users/bytedance/workspace/cemu_android/build/vcpkg_installed/arm64-osx/include/curl/curl.h:44:18: note: expanded from macro 'CURL_DEPRECATED'
   44 |   __attribute__((deprecated("since " # version ". " message)))
      |                  ^
/Users/bytedance/workspace/cemu_android/src/Cafe/OS/libs/nn_olv/nn_olv_UploadCommunityTypes.cpp:172:9: warning: 'CURLFORM_CONTENTSLENGTH' is deprecated: since 7.56.0. Use curl_mime_data() [-Wdeprecated-declarations]
  172 |                                                                 CURLFORM_CONTENTSLENGTH, encodedAppData.size(),
      |                                                                 ^
/Users/bytedance/workspace/cemu_android/build/vcpkg_installed/arm64-osx/include/curl/curl.h:2567:28: note: 'CURLFORM_CONTENTSLENGTH' has been explicitly marked deprecated here
 2567 |   CURLFORM_CONTENTSLENGTH  CURL_DEPRECATED(7.56.0, "Use curl_mime_data()"),
      |                            ^
/Users/bytedance/workspace/cemu_android/build/vcpkg_installed/arm64-osx/include/curl/curl.h:44:18: note: expanded from macro 'CURL_DEPRECATED'
   44 |   __attribute__((deprecated("since " # version ". " message)))
      |                  ^
/Users/bytedance/workspace/cemu_android/src/Cafe/OS/libs/nn_olv/nn_olv_UploadCommunityTypes.cpp:169:8: warning: 'curl_formadd' is deprecated: since 7.56.0. Use curl_mime_init() [-Wdeprecated-declarations]
  169 |                                                         curl_formadd(&post, &last,
      |                                                         ^
/Users/bytedance/workspace/cemu_android/build/vcpkg_installed/arm64-osx/include/curl/curl.h:2636:26: note: 'curl_formadd' has been explicitly marked deprecated here
 2636 | CURL_EXTERN CURLFORMcode CURL_DEPRECATED(7.56.0, "Use curl_mime_init()")
      |                          ^
/Users/bytedance/workspace/cemu_android/build/vcpkg_installed/arm64-osx/include/curl/curl.h:44:18: note: expanded from macro 'CURL_DEPRECATED'
   44 |   __attribute__((deprecated("since " # version ". " message)))
      |                  ^
/Users/bytedance/workspace/cemu_android/src/Cafe/OS/libs/nn_olv/nn_olv_UploadCommunityTypes.cpp:184:5: warning: 'curl_formfree' is deprecated: since 7.56.0. Use curl_mime_free() [-Wdeprecated-declarations]
  184 |                                 curl_formfree(post);
      |                                 ^
/Users/bytedance/workspace/cemu_android/build/vcpkg_installed/arm64-osx/include/curl/curl.h:2672:18: note: 'curl_formfree' has been explicitly marked deprecated here
 2672 | CURL_EXTERN void CURL_DEPRECATED(7.56.0, "Use curl_mime_free()")
      |                  ^
/Users/bytedance/workspace/cemu_android/build/vcpkg_installed/arm64-osx/include/curl/curl.h:44:18: note: expanded from macro 'CURL_DEPRECATED'
   44 |   __attribute__((deprecated("since " # version ". " message)))
      |                  ^
/Users/bytedance/workspace/cemu_android/src/Cafe/OS/libs/nn_olv/nn_olv_UploadCommunityTypes.cpp:192:36: warning: 'CURLOPT_HTTPPOST' is deprecated: since 7.56.0. Use CURLOPT_MIMEPOST [-Wdeprecated-declarations]
  192 |                         curl_easy_setopt(req.getCURL(), CURLOPT_HTTPPOST, post);
      |                                                         ^
/Users/bytedance/workspace/cemu_android/build/vcpkg_installed/arm64-osx/include/curl/curl.h:1238:3: note: 'CURLOPT_HTTPPOST' has been explicitly marked deprecated here
 1238 |   CURLOPTDEPRECATED(CURLOPT_HTTPPOST, CURLOPTTYPE_OBJECTPOINT, 24,
      |   ^
/Users/bytedance/workspace/cemu_android/build/vcpkg_installed/arm64-osx/include/curl/curl.h:1124:43: note: expanded from macro 'CURLOPTDEPRECATED'
 1124 | #define CURLOPTDEPRECATED(na,t,nu,v,m) na CURL_DEPRECATED(v,m) = t + nu
      |                                           ^
/Users/bytedance/workspace/cemu_android/build/vcpkg_installed/arm64-osx/include/curl/curl.h:44:18: note: expanded from macro 'CURL_DEPRECATED'
   44 |   __attribute__((deprecated("since " # version ". " message)))
      |                  ^
22 warnings generated.
[207/402] Building CXX object src/Cafe/CMakeFiles/CemuCafe.dir/OS/libs/nn_olv/nn_olv_OfflineDB.cpp.o
[208/402] Building CXX object src/Cafe/CMakeFiles/CemuCafe.dir/OS/libs/nsyshid/g721/g721.cpp.o
[209/402] Building CXX object src/Cafe/CMakeFiles/CemuCafe.dir/OS/libs/nn_boss/nn_boss.cpp.o
[210/402] Building CXX object src/Cafe/CMakeFiles/CemuCafe.dir/OS/libs/nsyshid/SkylanderXbox360.cpp.o
[211/402] Building CXX object src/Cafe/CMakeFiles/CemuCafe.dir/OS/libs/nsyshid/nsyshid.cpp.o
[212/402] Building CXX object src/Cafe/CMakeFiles/CemuCafe.dir/OS/libs/nsyshid/BackendEmulated.cpp.o
[213/402] Building CXX object src/Cafe/CMakeFiles/CemuCafe.dir/OS/libs/snd_core/ax_aux.cpp.o
[214/402] Building CXX object src/Cafe/CMakeFiles/CemuCafe.dir/OS/libs/nsyskbd/nsyskbd.cpp.o
[215/402] Building CXX object src/Cafe/CMakeFiles/CemuCafe.dir/OS/libs/nn_olv/nn_olv.cpp.o
[216/402] Building CXX object src/Cafe/CMakeFiles/CemuCafe.dir/OS/libs/nn_olv/nn_olv_PostTypes.cpp.o
[217/402] Building CXX object src/Cafe/CMakeFiles/CemuCafe.dir/OS/libs/snd_core/ax_ist.cpp.o
[218/402] Building CXX object src/Cafe/CMakeFiles/CemuCafe.dir/OS/libs/nsyshid/Infinity.cpp.o
[219/402] Building CXX object src/Cafe/CMakeFiles/CemuCafe.dir/OS/libs/nsyshid/Skylander.cpp.o
[220/402] Building CXX object src/Cafe/CMakeFiles/CemuCafe.dir/OS/libs/nsyshid/Dimensions.cpp.o
[221/402] Building CXX object src/Cafe/CMakeFiles/CemuCafe.dir/OS/libs/ntag/ntag.cpp.o
[222/402] Building CXX object src/Cafe/CMakeFiles/CemuCafe.dir/OS/libs/snd_core/ax_multivoice.cpp.o
[223/402] Building CXX object src/Cafe/CMakeFiles/CemuCafe.dir/OS/libs/nsysnet/nsysnet.cpp.o
/Users/bytedance/workspace/cemu_android/src/Cafe/OS/libs/nsysnet/nsysnet.cpp:781:9: warning: 'sprintf' is deprecated: This function is provided for compatibility reasons only.  Due to security concerns inherent in the design of sprintf(3), it is highly recommended that you use snprintf(3) instead. [-Wdeprecated-declarations]
  781 |         sprintf(buf, "%d.%d.%d.%d", ip[0], ip[1], ip[2], ip[3]);
      |         ^
/Applications/Xcode-16.3.0.app/Contents/Developer/Platforms/MacOSX.platform/Developer/SDKs/MacOSX.sdk/usr/include/_stdio.h:278:1: note: 'sprintf' has been explicitly marked deprecated here
  278 | __deprecated_msg("This function is provided for compatibility reasons only.  Due to security concerns inherent in the design of sprintf(3), it is highly recommended that you use snprintf(3) instead.")
      | ^
/Applications/Xcode-16.3.0.app/Contents/Developer/Platforms/MacOSX.platform/Developer/SDKs/MacOSX.sdk/usr/include/sys/cdefs.h:218:48: note: expanded from macro '__deprecated_msg'
  218 |         #define __deprecated_msg(_msg) __attribute__((__deprecated__(_msg)))
      |                                                       ^
/Users/bytedance/workspace/cemu_android/src/Cafe/OS/libs/nsysnet/nsysnet.cpp:805:2: warning: 'sprintf' is deprecated: This function is provided for compatibility reasons only.  Due to security concerns inherent in the design of sprintf(3), it is highly recommended that you use snprintf(3) instead. [-Wdeprecated-declarations]
  805 |         sprintf(_ntoa_tempString.GetPtr(), "%d.%d.%d.%d", ((uint8*)addr)[0], ((uint8*)addr)[1], ((uint8*)addr)[2], ((uint8*)addr)[3]);
      |         ^
/Applications/Xcode-16.3.0.app/Contents/Developer/Platforms/MacOSX.platform/Developer/SDKs/MacOSX.sdk/usr/include/_stdio.h:278:1: note: 'sprintf' has been explicitly marked deprecated here
  278 | __deprecated_msg("This function is provided for compatibility reasons only.  Due to security concerns inherent in the design of sprintf(3), it is highly recommended that you use snprintf(3) instead.")
      | ^
/Applications/Xcode-16.3.0.app/Contents/Developer/Platforms/MacOSX.platform/Developer/SDKs/MacOSX.sdk/usr/include/sys/cdefs.h:218:48: note: expanded from macro '__deprecated_msg'
  218 |         #define __deprecated_msg(_msg) __attribute__((__deprecated__(_msg)))
      |                                                       ^
2 warnings generated.
[224/402] Building CXX object src/Cafe/CMakeFiles/CemuCafe.dir/OS/libs/zlib125/zlib125.cpp.o
[225/402] Building CXX object src/Cafe/CMakeFiles/CemuCafe.dir/OS/libs/nn_save/nn_save.cpp.o
/Users/bytedance/workspace/cemu_android/src/Cafe/OS/libs/nn_save/nn_save.cpp:256:4: warning: 'sprintf' is deprecated: This function is provided for compatibility reasons only.  Due to security concerns inherent in the design of sprintf(3), it is highly recommended that you use snprintf(3) instead. [-Wdeprecated-declarations]
  256 |                         sprintf(path, "%susr/save/%08x/", "/vol/storage_mlc01/", high);
      |                         ^
/Applications/Xcode-16.3.0.app/Contents/Developer/Platforms/MacOSX.platform/Developer/SDKs/MacOSX.sdk/usr/include/_stdio.h:278:1: note: 'sprintf' has been explicitly marked deprecated here
  278 | __deprecated_msg("This function is provided for compatibility reasons only.  Due to security concerns inherent in the design of sprintf(3), it is highly recommended that you use snprintf(3) instead.")
      | ^
/Applications/Xcode-16.3.0.app/Contents/Developer/Platforms/MacOSX.platform/Developer/SDKs/MacOSX.sdk/usr/include/sys/cdefs.h:218:48: note: expanded from macro '__deprecated_msg'
  218 |         #define __deprecated_msg(_msg) __attribute__((__deprecated__(_msg)))
      |                                                       ^
/Users/bytedance/workspace/cemu_android/src/Cafe/OS/libs/nn_save/nn_save.cpp:258:4: warning: 'sprintf' is deprecated: This function is provided for compatibility reasons only.  Due to security concerns inherent in the design of sprintf(3), it is highly recommended that you use snprintf(3) instead. [-Wdeprecated-declarations]
  258 |                         sprintf(path, "%susr/save/%08x/%08x/", "/vol/storage_mlc01/", high, low);
      |                         ^
/Applications/Xcode-16.3.0.app/Contents/Developer/Platforms/MacOSX.platform/Developer/SDKs/MacOSX.sdk/usr/include/_stdio.h:278:1: note: 'sprintf' has been explicitly marked deprecated here
  278 | __deprecated_msg("This function is provided for compatibility reasons only.  Due to security concerns inherent in the design of sprintf(3), it is highly recommended that you use snprintf(3) instead.")
      | ^
/Applications/Xcode-16.3.0.app/Contents/Developer/Platforms/MacOSX.platform/Developer/SDKs/MacOSX.sdk/usr/include/sys/cdefs.h:218:48: note: expanded from macro '__deprecated_msg'
  218 |         #define __deprecated_msg(_msg) __attribute__((__deprecated__(_msg)))
      |                                                       ^
/Users/bytedance/workspace/cemu_android/src/Cafe/OS/libs/nn_save/nn_save.cpp:260:4: warning: 'sprintf' is deprecated: This function is provided for compatibility reasons only.  Due to security concerns inherent in the design of sprintf(3), it is highly recommended that you use snprintf(3) instead. [-Wdeprecated-declarations]
  260 |                         sprintf(path, "%susr/save/%08x/%08x/meta/", "/vol/storage_mlc01/", high, low);
      |                         ^
/Applications/Xcode-16.3.0.app/Contents/Developer/Platforms/MacOSX.platform/Developer/SDKs/MacOSX.sdk/usr/include/_stdio.h:278:1: note: 'sprintf' has been explicitly marked deprecated here
  278 | __deprecated_msg("This function is provided for compatibility reasons only.  Due to security concerns inherent in the design of sprintf(3), it is highly recommended that you use snprintf(3) instead.")
      | ^
/Applications/Xcode-16.3.0.app/Contents/Developer/Platforms/MacOSX.platform/Developer/SDKs/MacOSX.sdk/usr/include/sys/cdefs.h:218:48: note: expanded from macro '__deprecated_msg'
  218 |         #define __deprecated_msg(_msg) __attribute__((__deprecated__(_msg)))
      |                                                       ^
3 warnings generated.
[226/402] Building CXX object src/Cafe/CMakeFiles/CemuCafe.dir/OS/libs/snd_core/ax_mix.cpp.o
[227/402] Building CXX object src/Cafe/CMakeFiles/CemuCafe.dir/OS/libs/proc_ui/proc_ui.cpp.o
[228/402] Building CXX object src/Cafe/CMakeFiles/CemuCafe.dir/OS/RPL/COSModule.cpp.o
[229/402] Building CXX object src/Cafe/CMakeFiles/CemuCafe.dir/OS/libs/snd_core/ax_voice.cpp.o
[230/402] Building CXX object src/Cafe/CMakeFiles/CemuCafe.dir/OS/libs/snd_core/ax_out.cpp.o
[231/402] Building CXX object src/Cafe/CMakeFiles/CemuCafe.dir/OS/libs/TCL/TCL.cpp.o
[232/402] Building CXX object src/Cafe/CMakeFiles/CemuCafe.dir/OS/RPL/rpl_debug_symbols.cpp.o
[233/402] Building CXX object src/Cafe/CMakeFiles/CemuCafe.dir/OS/libs/sysapp/sysapp.cpp.o
/Users/bytedance/workspace/cemu_android/src/Cafe/OS/libs/sysapp/sysapp.cpp:102:21: warning: 'sprintf' is deprecated: This function is provided for compatibility reasons only.  Due to security concerns inherent in the design of sprintf(3), it is highly recommended that you use snprintf(3) instead. [-Wdeprecated-declarations]
  102 |                 sint32 textSize = sprintf(tempStr, "<%s %s=%u>", argName, "size", size);
      |                                   ^
/Applications/Xcode-16.3.0.app/Contents/Developer/Platforms/MacOSX.platform/Developer/SDKs/MacOSX.sdk/usr/include/_stdio.h:278:1: note: 'sprintf' has been explicitly marked deprecated here
  278 | __deprecated_msg("This function is provided for compatibility reasons only.  Due to security concerns inherent in the design of sprintf(3), it is highly recommended that you use snprintf(3) instead.")
      | ^
/Applications/Xcode-16.3.0.app/Contents/Developer/Platforms/MacOSX.platform/Developer/SDKs/MacOSX.sdk/usr/include/sys/cdefs.h:218:48: note: expanded from macro '__deprecated_msg'
  218 |         #define __deprecated_msg(_msg) __attribute__((__deprecated__(_msg)))
      |                                                       ^
/Users/bytedance/workspace/cemu_android/src/Cafe/OS/libs/sysapp/sysapp.cpp:110:21: warning: 'sprintf' is deprecated: This function is provided for compatibility reasons only.  Due to security concerns inherent in the design of sprintf(3), it is highly recommended that you use snprintf(3) instead. [-Wdeprecated-declarations]
  110 |                 sint32 textSize = sprintf(tempStr, "<%s>", argName);
      |                                   ^
/Applications/Xcode-16.3.0.app/Contents/Developer/Platforms/MacOSX.platform/Developer/SDKs/MacOSX.sdk/usr/include/_stdio.h:278:1: note: 'sprintf' has been explicitly marked deprecated here
  278 | __deprecated_msg("This function is provided for compatibility reasons only.  Due to security concerns inherent in the design of sprintf(3), it is highly recommended that you use snprintf(3) instead.")
      | ^
/Applications/Xcode-16.3.0.app/Contents/Developer/Platforms/MacOSX.platform/Developer/SDKs/MacOSX.sdk/usr/include/sys/cdefs.h:218:48: note: expanded from macro '__deprecated_msg'
  218 |         #define __deprecated_msg(_msg) __attribute__((__deprecated__(_msg)))
      |                                                       ^
/Users/bytedance/workspace/cemu_android/src/Cafe/OS/libs/sysapp/sysapp.cpp:120:20: warning: 'sprintf' is deprecated: This function is provided for compatibility reasons only.  Due to security concerns inherent in the design of sprintf(3), it is highly recommended that you use snprintf(3) instead. [-Wdeprecated-declarations]
  120 |         sint32 textSize = sprintf(sysPackStr, "<%s %s=%u>", "sys:pack", "size", currentCopyDataSize);
      |                           ^
/Applications/Xcode-16.3.0.app/Contents/Developer/Platforms/MacOSX.platform/Developer/SDKs/MacOSX.sdk/usr/include/_stdio.h:278:1: note: 'sprintf' has been explicitly marked deprecated here
  278 | __deprecated_msg("This function is provided for compatibility reasons only.  Due to security concerns inherent in the design of sprintf(3), it is highly recommended that you use snprintf(3) instead.")
      | ^
/Applications/Xcode-16.3.0.app/Contents/Developer/Platforms/MacOSX.platform/Developer/SDKs/MacOSX.sdk/usr/include/sys/cdefs.h:218:48: note: expanded from macro '__deprecated_msg'
  218 |         #define __deprecated_msg(_msg) __attribute__((__deprecated__(_msg)))
      |                                                       ^
3 warnings generated.
[234/402] Building CXX object src/Cafe/CMakeFiles/CemuCafe.dir/OS/RPL/rpl_symbol_storage.cpp.o
[235/402] Building CXX object src/Cafe/CMakeFiles/CemuCafe.dir/OS/libs/swkbd/swkbd.cpp.o
[236/402] Building CXX object src/Cafe/CMakeFiles/CemuCafe.dir/OS/RPL/elf.cpp.o
In file included from /Users/bytedance/workspace/cemu_android/src/Cafe/OS/RPL/elf.cpp:5:
In file included from /Users/bytedance/workspace/cemu_android/src/Cafe/../Cafe/HW/Espresso/Recompiler/PPCRecompiler.h:27:
/Users/bytedance/workspace/cemu_android/src/Cafe/../Cafe/HW/Espresso/Recompiler/IML/IMLInstruction.h:761:21: warning: implicit conversion from 'int' to 'uint8' (aka 'unsigned char') changes value from -999 to 25 [-Wconstant-conversion]
  761 |                 this->operation = -999;
      |                                 ~ ^~~~
/Users/bytedance/workspace/cemu_android/src/Cafe/../Cafe/HW/Espresso/Recompiler/IML/IMLInstruction.h:810:21: warning: implicit conversion from 'int' to 'uint8' (aka 'unsigned char') changes value from -999 to 25 [-Wconstant-conversion]
  810 |                 this->operation = -999;
      |                                 ~ ^~~~
2 warnings generated.
[237/402] Building CXX object src/Cafe/CMakeFiles/CemuCafe.dir/OS/libs/snd_core/ax_exports.cpp.o
[238/402] Building CXX object src/Cafe/CMakeFiles/CemuCafe.dir/TitleList/SaveList.cpp.o
[239/402] Building CXX object src/Cafe/CMakeFiles/CemuCafe.dir/OS/libs/snd_user/snd_user.cpp.o
[240/402] Building CXX object src/Cafe/CMakeFiles/CemuCafe.dir/TitleList/GameInfo.cpp.o
[241/402] Building CXX object src/Cafe/CMakeFiles/CemuCafe.dir/HW/Latte/Renderer/Vulkan/CachedFBOVk.cpp.o
[242/402] Building CXX object src/Cafe/CMakeFiles/CemuCafe.dir/HW/Latte/Renderer/Vulkan/LatteTextureViewVk.cpp.o
[243/402] Building CXX object src/Cafe/CMakeFiles/CemuCafe.dir/OS/libs/padscore/padscore.cpp.o
[244/402] Building CXX object src/Cafe/CMakeFiles/CemuCafe.dir/TitleList/SaveInfo.cpp.o
[245/402] Building CXX object src/Cafe/CMakeFiles/CemuCafe.dir/HW/Latte/Renderer/Vulkan/VsyncDriver.cpp.o
[246/402] Building CXX object src/Cafe/CMakeFiles/CemuCafe.dir/HW/Latte/Renderer/Vulkan/VulkanAPI.cpp.o
[247/402] Building CXX object src/Cafe/CMakeFiles/CemuCafe.dir/HW/Latte/Renderer/Vulkan/LatteTextureVk.cpp.o
[248/402] Building CXX object src/Cafe/CMakeFiles/CemuCafe.dir/OS/RPL/rpl.cpp.o
In file included from /Users/bytedance/workspace/cemu_android/src/Cafe/OS/RPL/rpl.cpp:9:
In file included from /Users/bytedance/workspace/cemu_android/src/Cafe/../Cafe/HW/Espresso/Recompiler/PPCRecompiler.h:27:
/Users/bytedance/workspace/cemu_android/src/Cafe/../Cafe/HW/Espresso/Recompiler/IML/IMLInstruction.h:761:21: warning: implicit conversion from 'int' to 'uint8' (aka 'unsigned char') changes value from -999 to 25 [-Wconstant-conversion]
  761 |                 this->operation = -999;
      |                                 ~ ^~~~
/Users/bytedance/workspace/cemu_android/src/Cafe/../Cafe/HW/Espresso/Recompiler/IML/IMLInstruction.h:810:21: warning: implicit conversion from 'int' to 'uint8' (aka 'unsigned char') changes value from -999 to 25 [-Wconstant-conversion]
  810 |                 this->operation = -999;
      |                                 ~ ^~~~
2 warnings generated.
[249/402] Building CXX object src/Cafe/CMakeFiles/CemuCafe.dir/TitleList/TitleInfo.cpp.o
[250/402] Building CXX object src/Cafe/CMakeFiles/CemuCafe.dir/TitleList/TitleList.cpp.o
[251/402] Building CXX object src/Cafe/CMakeFiles/CemuCafe.dir/HW/Latte/Renderer/Vulkan/VKRPipelineInfo.cpp.o
[252/402] Building CXX object src/Cafe/CMakeFiles/CemuCafe.dir/HW/Latte/Renderer/Vulkan/TextureReadbackVk.cpp.o
[253/402] Building CXX object src/Cafe/CMakeFiles/CemuCafe.dir/OS/libs/vpad/vpad.cpp.o
[254/402] Building CXX object src/Cafe/CMakeFiles/CemuCafe.dir/HW/Latte/Renderer/Vulkan/RendererShaderVk.cpp.o
[255/402] Building CXX object src/Cafe/CMakeFiles/CemuCafe.dir/HW/Latte/Renderer/Vulkan/SwapchainInfoVk.cpp.o
[256/402] Building CXX object src/Cafe/CMakeFiles/CemuCafe.dir/HW/Latte/Renderer/Vulkan/VKRMemoryManager.cpp.o
[257/402] Building CXX object src/Cafe/CMakeFiles/CemuCafe.dir/HW/Latte/Renderer/Metal/LatteTextureMtl.cpp.o
[258/402] Building CXX object src/Cafe/CMakeFiles/CemuCafe.dir/HW/Latte/Renderer/Vulkan/VulkanQuery.cpp.o
[259/402] Building CXX object src/Cafe/CMakeFiles/CemuCafe.dir/HW/Latte/Renderer/Metal/LatteTextureReadbackMtl.cpp.o
[260/402] Building CXX object src/Cafe/CMakeFiles/CemuCafe.dir/HW/Latte/Renderer/Metal/CachedFBOMtl.cpp.o
[261/402] Building CXX object src/Cafe/CMakeFiles/CemuCafe.dir/HW/Latte/Renderer/Metal/LatteTextureViewMtl.cpp.o
[262/402] Building CXX object src/Cafe/CMakeFiles/CemuCafe.dir/HW/Latte/Renderer/Vulkan/VulkanPipelineCompiler.cpp.o
[263/402] Building CXX object src/Cafe/CMakeFiles/CemuCafe.dir/HW/Latte/Renderer/Vulkan/VulkanPipelineStableCache.cpp.o
[264/402] Building CXX object src/Cafe/CMakeFiles/CemuCafe.dir/HW/Latte/Renderer/Vulkan/VulkanSurfaceCopy.cpp.o
[265/402] Building CXX object src/Cafe/CMakeFiles/CemuCafe.dir/HW/Latte/Renderer/Metal/MetalAttachmentsInfo.cpp.o
[266/402] Building CXX object src/Cafe/CMakeFiles/CemuCafe.dir/HW/Latte/Renderer/Metal/MetalCppImpl.cpp.o
[267/402] Building OBJCXX object src/Cafe/CMakeFiles/CemuCafe.dir/HW/Latte/Renderer/MetalView.mm.o
[268/402] Building CXX object src/Cafe/CMakeFiles/CemuCafe.dir/HW/Latte/Renderer/Vulkan/VulkanRendererCore.cpp.o
[269/402] Building CXX object src/Cafe/CMakeFiles/CemuCafe.dir/HW/Latte/Renderer/Metal/MetalDepthStencilCache.cpp.o
[270/402] Building CXX object src/Cafe/CMakeFiles/CemuCafe.dir/HW/Latte/Renderer/Metal/LatteToMtl.cpp.o
[271/402] Building CXX object src/Cafe/CMakeFiles/CemuCafe.dir/HW/Latte/Renderer/Metal/MetalMemoryManager.cpp.o
[272/402] Building CXX object src/Cafe/CMakeFiles/CemuCafe.dir/HW/Latte/Renderer/Metal/MetalBufferAllocator.cpp.o
[273/402] Building CXX object src/Cafe/CMakeFiles/CemuCafe.dir/HW/Latte/Renderer/Metal/MetalQuery.cpp.o
[274/402] Building CXX object src/Cafe/CMakeFiles/CemuCafe.dir/HW/Latte/Renderer/Metal/MetalLayerHandle.cpp.o
[275/402] Building OBJCXX object src/Cafe/CMakeFiles/CemuCafe.dir/HW/Latte/Renderer/Vulkan/CocoaSurface.mm.o
[276/402] Building CXX object src/Cafe/CMakeFiles/CemuCafe.dir/HW/Latte/Renderer/Metal/MetalOutputShaderCache.cpp.o
[277/402] Building OBJCXX object src/Cafe/CMakeFiles/CemuCafe.dir/HW/Latte/Renderer/Metal/MetalLayer.mm.o
[278/402] Building CXX object src/Cafe/CMakeFiles/CemuCafe.dir/HW/Latte/Renderer/Metal/MetalVoidVertexPipeline.cpp.o
[279/402] Building CXX object src/Cafe/CMakeFiles/CemuCafe.dir/HW/Latte/Renderer/Metal/MetalPipelineCompiler.cpp.o
[280/402] Linking CXX static library src/Cemu/libCemuComponents.a
[281/402] Building CXX object src/Cafe/CMakeFiles/CemuCafe.dir/HW/Latte/Renderer/Metal/MetalSamplerCache.cpp.o
[282/402] Building CXX object src/Cafe/CMakeFiles/CemuCafe.dir/HW/Latte/LegacyShaderDecompiler/LatteDecompilerEmitMSLAttrDecoder.cpp.o
[283/402] Building CXX object src/Cafe/CMakeFiles/CemuCafe.dir/HW/Latte/Renderer/Vulkan/VulkanRenderer.cpp.o
[284/402] Building CXX object src/Cafe/CMakeFiles/CemuCafe.dir/OS/libs/nsyshid/BackendLibusb.cpp.o
[285/402] Building CXX object src/Cafe/CMakeFiles/CemuCafe.dir/HW/Latte/Renderer/Metal/RendererShaderMtl.cpp.o
[286/402] Building CXX object src/Cafe/CMakeFiles/CemuCafe.dir/HW/Latte/Renderer/Metal/MetalPipelineCache.cpp.o
[287/402] Building CXX object src/gui/wxgui/CMakeFiles/CemuWxGui.dir/components/wxInputDraw.cpp.o
[288/402] Building CXX object src/Cafe/CMakeFiles/CemuCafe.dir/HW/Latte/Renderer/Metal/MetalRenderer.cpp.o
[289/402] Building CXX object src/Cafe/CMakeFiles/CemuCafe.dir/HW/Espresso/Recompiler/BackendAArch64/BackendAArch64.cpp.o
In file included from /Users/bytedance/workspace/cemu_android/src/Cafe/HW/Espresso/Recompiler/BackendAArch64/BackendAArch64.cpp:1:
In file included from /Users/bytedance/workspace/cemu_android/src/Cafe/HW/Espresso/Recompiler/BackendAArch64/BackendAArch64.h:3:
/Users/bytedance/workspace/cemu_android/src/Cafe/HW/Espresso/Recompiler/IML/IMLInstruction.h:761:21: warning: implicit conversion from 'int' to 'uint8' (aka 'unsigned char') changes value from -999 to 25 [-Wconstant-conversion]
  761 |                 this->operation = -999;
      |                                 ~ ^~~~
/Users/bytedance/workspace/cemu_android/src/Cafe/HW/Espresso/Recompiler/IML/IMLInstruction.h:810:21: warning: implicit conversion from 'int' to 'uint8' (aka 'unsigned char') changes value from -999 to 25 [-Wconstant-conversion]
  810 |                 this->operation = -999;
      |                                 ~ ^~~~
2 warnings generated.
[290/402] Building CXX object src/gui/wxgui/CMakeFiles/CemuWxGui.dir/components/TextList.cpp.o
[291/402] Building CXX object src/gui/wxgui/CMakeFiles/CemuWxGui.dir/components/wxLogCtrl.cpp.o
[292/402] Building CXX object src/Cafe/CMakeFiles/CemuCafe.dir/HW/Latte/LegacyShaderDecompiler/LatteDecompilerEmitMSL.cpp.o
/Users/bytedance/workspace/cemu_android/src/Cafe/HW/Latte/LegacyShaderDecompiler/LatteDecompilerEmitMSL.cpp:68:3: warning: 'sprintf' is deprecated: This function is provided for compatibility reasons only.  Due to security concerns inherent in the design of sprintf(3), it is highly recommended that you use snprintf(3) instead. [-Wdeprecated-declarations]
   68 |                 sprintf(varName, "activeMaskStackSub%04x[%d]", shaderContext->subroutineInfo->cfAddr, index);
      |                 ^
/Applications/Xcode-16.3.0.app/Contents/Developer/Platforms/MacOSX.platform/Developer/SDKs/MacOSX.sdk/usr/include/_stdio.h:278:1: note: 'sprintf' has been explicitly marked deprecated here
  278 | __deprecated_msg("This function is provided for compatibility reasons only.  Due to security concerns inherent in the design of sprintf(3), it is highly recommended that you use snprintf(3) instead.")
      | ^
/Applications/Xcode-16.3.0.app/Contents/Developer/Platforms/MacOSX.platform/Developer/SDKs/MacOSX.sdk/usr/include/sys/cdefs.h:218:48: note: expanded from macro '__deprecated_msg'
  218 |         #define __deprecated_msg(_msg) __attribute__((__deprecated__(_msg)))
      |                                                       ^
/Users/bytedance/workspace/cemu_android/src/Cafe/HW/Latte/LegacyShaderDecompiler/LatteDecompilerEmitMSL.cpp:70:3: warning: 'sprintf' is deprecated: This function is provided for compatibility reasons only.  Due to security concerns inherent in the design of sprintf(3), it is highly recommended that you use snprintf(3) instead. [-Wdeprecated-declarations]
   70 |                 sprintf(varName, "activeMaskStack[%d]", index);
      |                 ^
/Applications/Xcode-16.3.0.app/Contents/Developer/Platforms/MacOSX.platform/Developer/SDKs/MacOSX.sdk/usr/include/_stdio.h:278:1: note: 'sprintf' has been explicitly marked deprecated here
  278 | __deprecated_msg("This function is provided for compatibility reasons only.  Due to security concerns inherent in the design of sprintf(3), it is highly recommended that you use snprintf(3) instead.")
      | ^
/Applications/Xcode-16.3.0.app/Contents/Developer/Platforms/MacOSX.platform/Developer/SDKs/MacOSX.sdk/usr/include/sys/cdefs.h:218:48: note: expanded from macro '__deprecated_msg'
  218 |         #define __deprecated_msg(_msg) __attribute__((__deprecated__(_msg)))
      |                                                       ^
/Users/bytedance/workspace/cemu_android/src/Cafe/HW/Latte/LegacyShaderDecompiler/LatteDecompilerEmitMSL.cpp:78:3: warning: 'sprintf' is deprecated: This function is provided for compatibility reasons only.  Due to security concerns inherent in the design of sprintf(3), it is highly recommended that you use snprintf(3) instead. [-Wdeprecated-declarations]
   78 |                 sprintf(varName, "activeMaskStackCSub%04x[%d]", shaderContext->subroutineInfo->cfAddr, index);
      |                 ^
/Applications/Xcode-16.3.0.app/Contents/Developer/Platforms/MacOSX.platform/Developer/SDKs/MacOSX.sdk/usr/include/_stdio.h:278:1: note: 'sprintf' has been explicitly marked deprecated here
  278 | __deprecated_msg("This function is provided for compatibility reasons only.  Due to security concerns inherent in the design of sprintf(3), it is highly recommended that you use snprintf(3) instead.")
      | ^
/Applications/Xcode-16.3.0.app/Contents/Developer/Platforms/MacOSX.platform/Developer/SDKs/MacOSX.sdk/usr/include/sys/cdefs.h:218:48: note: expanded from macro '__deprecated_msg'
  218 |         #define __deprecated_msg(_msg) __attribute__((__deprecated__(_msg)))
      |                                                       ^
/Users/bytedance/workspace/cemu_android/src/Cafe/HW/Latte/LegacyShaderDecompiler/LatteDecompilerEmitMSL.cpp:80:3: warning: 'sprintf' is deprecated: This function is provided for compatibility reasons only.  Due to security concerns inherent in the design of sprintf(3), it is highly recommended that you use snprintf(3) instead. [-Wdeprecated-declarations]
   80 |                 sprintf(varName, "activeMaskStackC[%d]", index);
      |                 ^
/Applications/Xcode-16.3.0.app/Contents/Developer/Platforms/MacOSX.platform/Developer/SDKs/MacOSX.sdk/usr/include/_stdio.h:278:1: note: 'sprintf' has been explicitly marked deprecated here
  278 | __deprecated_msg("This function is provided for compatibility reasons only.  Due to security concerns inherent in the design of sprintf(3), it is highly recommended that you use snprintf(3) instead.")
      | ^
/Applications/Xcode-16.3.0.app/Contents/Developer/Platforms/MacOSX.platform/Developer/SDKs/MacOSX.sdk/usr/include/sys/cdefs.h:218:48: note: expanded from macro '__deprecated_msg'
  218 |         #define __deprecated_msg(_msg) __attribute__((__deprecated__(_msg)))
      |                                                       ^
/Users/bytedance/workspace/cemu_android/src/Cafe/HW/Latte/LegacyShaderDecompiler/LatteDecompilerEmitMSL.cpp:91:4: warning: 'sprintf' is deprecated: This function is provided for compatibility reasons only.  Due to security concerns inherent in the design of sprintf(3), it is highly recommended that you use snprintf(3) instead. [-Wdeprecated-declarations]
   91 |                         sprintf(tempStr, "R%di", index);
      |                         ^
/Applications/Xcode-16.3.0.app/Contents/Developer/Platforms/MacOSX.platform/Developer/SDKs/MacOSX.sdk/usr/include/_stdio.h:278:1: note: 'sprintf' has been explicitly marked deprecated here
  278 | __deprecated_msg("This function is provided for compatibility reasons only.  Due to security concerns inherent in the design of sprintf(3), it is highly recommended that you use snprintf(3) instead.")
      | ^
/Applications/Xcode-16.3.0.app/Contents/Developer/Platforms/MacOSX.platform/Developer/SDKs/MacOSX.sdk/usr/include/sys/cdefs.h:218:48: note: expanded from macro '__deprecated_msg'
  218 |         #define __deprecated_msg(_msg) __attribute__((__deprecated__(_msg)))
      |                                                       ^
/Users/bytedance/workspace/cemu_android/src/Cafe/HW/Latte/LegacyShaderDecompiler/LatteDecompilerEmitMSL.cpp:93:4: warning: 'sprintf' is deprecated: This function is provided for compatibility reasons only.  Due to security concerns inherent in the design of sprintf(3), it is highly recommended that you use snprintf(3) instead. [-Wdeprecated-declarations]
   93 |                         sprintf(tempStr, "R%df", index);
      |                         ^
/Applications/Xcode-16.3.0.app/Contents/Developer/Platforms/MacOSX.platform/Developer/SDKs/MacOSX.sdk/usr/include/_stdio.h:278:1: note: 'sprintf' has been explicitly marked deprecated here
  278 | __deprecated_msg("This function is provided for compatibility reasons only.  Due to security concerns inherent in the design of sprintf(3), it is highly recommended that you use snprintf(3) instead.")
      | ^
/Applications/Xcode-16.3.0.app/Contents/Developer/Platforms/MacOSX.platform/Developer/SDKs/MacOSX.sdk/usr/include/sys/cdefs.h:218:48: note: expanded from macro '__deprecated_msg'
  218 |         #define __deprecated_msg(_msg) __attribute__((__deprecated__(_msg)))
      |                                                       ^
/Users/bytedance/workspace/cemu_android/src/Cafe/HW/Latte/LegacyShaderDecompiler/LatteDecompilerEmitMSL.cpp:112:5: warning: 'sprintf' is deprecated: This function is provided for compatibility reasons only.  Due to security concerns inherent in the design of sprintf(3), it is highly recommended that you use snprintf(3) instead. [-Wdeprecated-declarations]
  112 |                                 sprintf(tempStr, "Ri[%d+%s]", index, destRelOffset);
      |                                 ^
/Applications/Xcode-16.3.0.app/Contents/Developer/Platforms/MacOSX.platform/Developer/SDKs/MacOSX.sdk/usr/include/_stdio.h:278:1: note: 'sprintf' has been explicitly marked deprecated here
  278 | __deprecated_msg("This function is provided for compatibility reasons only.  Due to security concerns inherent in the design of sprintf(3), it is highly recommended that you use snprintf(3) instead.")
      | ^
/Applications/Xcode-16.3.0.app/Contents/Developer/Platforms/MacOSX.platform/Developer/SDKs/MacOSX.sdk/usr/include/sys/cdefs.h:218:48: note: expanded from macro '__deprecated_msg'
  218 |         #define __deprecated_msg(_msg) __attribute__((__deprecated__(_msg)))
      |                                                       ^
/Users/bytedance/workspace/cemu_android/src/Cafe/HW/Latte/LegacyShaderDecompiler/LatteDecompilerEmitMSL.cpp:116:5: warning: 'sprintf' is deprecated: This function is provided for compatibility reasons only.  Due to security concerns inherent in the design of sprintf(3), it is highly recommended that you use snprintf(3) instead. [-Wdeprecated-declarations]
  116 |                                 sprintf(tempStr, "Rf[%d+%s]", index, destRelOffset);
      |                                 ^
/Applications/Xcode-16.3.0.app/Contents/Developer/Platforms/MacOSX.platform/Developer/SDKs/MacOSX.sdk/usr/include/_stdio.h:278:1: note: 'sprintf' has been explicitly marked deprecated here
  278 | __deprecated_msg("This function is provided for compatibility reasons only.  Due to security concerns inherent in the design of sprintf(3), it is highly recommended that you use snprintf(3) instead.")
      | ^
/Applications/Xcode-16.3.0.app/Contents/Developer/Platforms/MacOSX.platform/Developer/SDKs/MacOSX.sdk/usr/include/sys/cdefs.h:218:48: note: expanded from macro '__deprecated_msg'
  218 |         #define __deprecated_msg(_msg) __attribute__((__deprecated__(_msg)))
      |                                                       ^
/Users/bytedance/workspace/cemu_android/src/Cafe/HW/Latte/LegacyShaderDecompiler/LatteDecompilerEmitMSL.cpp:123:5: warning: 'sprintf' is deprecated: This function is provided for compatibility reasons only.  Due to security concerns inherent in the design of sprintf(3), it is highly recommended that you use snprintf(3) instead. [-Wdeprecated-declarations]
  123 |                                 sprintf(tempStr, "Ri[%d]", index);
      |                                 ^
/Applications/Xcode-16.3.0.app/Contents/Developer/Platforms/MacOSX.platform/Developer/SDKs/MacOSX.sdk/usr/include/_stdio.h:278:1: note: 'sprintf' has been explicitly marked deprecated here
  278 | __deprecated_msg("This function is provided for compatibility reasons only.  Due to security concerns inherent in the design of sprintf(3), it is highly recommended that you use snprintf(3) instead.")
      | ^
/Applications/Xcode-16.3.0.app/Contents/Developer/Platforms/MacOSX.platform/Developer/SDKs/MacOSX.sdk/usr/include/sys/cdefs.h:218:48: note: expanded from macro '__deprecated_msg'
  218 |         #define __deprecated_msg(_msg) __attribute__((__deprecated__(_msg)))
      |                                                       ^
/Users/bytedance/workspace/cemu_android/src/Cafe/HW/Latte/LegacyShaderDecompiler/LatteDecompilerEmitMSL.cpp:127:5: warning: 'sprintf' is deprecated: This function is provided for compatibility reasons only.  Due to security concerns inherent in the design of sprintf(3), it is highly recommended that you use snprintf(3) instead. [-Wdeprecated-declarations]
  127 |                                 sprintf(tempStr, "Rf[%d]", index);
      |                                 ^
/Applications/Xcode-16.3.0.app/Contents/Developer/Platforms/MacOSX.platform/Developer/SDKs/MacOSX.sdk/usr/include/_stdio.h:278:1: note: 'sprintf' has been explicitly marked deprecated here
  278 | __deprecated_msg("This function is provided for compatibility reasons only.  Due to security concerns inherent in the design of sprintf(3), it is highly recommended that you use snprintf(3) instead.")
      | ^
/Applications/Xcode-16.3.0.app/Contents/Developer/Platforms/MacOSX.platform/Developer/SDKs/MacOSX.sdk/usr/include/sys/cdefs.h:218:48: note: expanded from macro '__deprecated_msg'
  218 |         #define __deprecated_msg(_msg) __attribute__((__deprecated__(_msg)))
      |                                                       ^
/Users/bytedance/workspace/cemu_android/src/Cafe/HW/Latte/LegacyShaderDecompiler/LatteDecompilerEmitMSL.cpp:700:3: warning: 'sprintf' is deprecated: This function is provided for compatibility reasons only.  Due to security concerns inherent in the design of sprintf(3), it is highly recommended that you use snprintf(3) instead. [-Wdeprecated-declarations]
  700 |                 sprintf(indexAccessCode, "ARi.x");
      |                 ^
/Applications/Xcode-16.3.0.app/Contents/Developer/Platforms/MacOSX.platform/Developer/SDKs/MacOSX.sdk/usr/include/_stdio.h:278:1: note: 'sprintf' has been explicitly marked deprecated here
  278 | __deprecated_msg("This function is provided for compatibility reasons only.  Due to security concerns inherent in the design of sprintf(3), it is highly recommended that you use snprintf(3) instead.")
      | ^
/Applications/Xcode-16.3.0.app/Contents/Developer/Platforms/MacOSX.platform/Developer/SDKs/MacOSX.sdk/usr/include/sys/cdefs.h:218:48: note: expanded from macro '__deprecated_msg'
  218 |         #define __deprecated_msg(_msg) __attribute__((__deprecated__(_msg)))
      |                                                       ^
/Users/bytedance/workspace/cemu_android/src/Cafe/HW/Latte/LegacyShaderDecompiler/LatteDecompilerEmitMSL.cpp:702:3: warning: 'sprintf' is deprecated: This function is provided for compatibility reasons only.  Due to security concerns inherent in the design of sprintf(3), it is highly recommended that you use snprintf(3) instead. [-Wdeprecated-declarations]
  702 |                 sprintf(indexAccessCode, "ARi.y");
      |                 ^
/Applications/Xcode-16.3.0.app/Contents/Developer/Platforms/MacOSX.platform/Developer/SDKs/MacOSX.sdk/usr/include/_stdio.h:278:1: note: 'sprintf' has been explicitly marked deprecated here
  278 | __deprecated_msg("This function is provided for compatibility reasons only.  Due to security concerns inherent in the design of sprintf(3), it is highly recommended that you use snprintf(3) instead.")
      | ^
/Applications/Xcode-16.3.0.app/Contents/Developer/Platforms/MacOSX.platform/Developer/SDKs/MacOSX.sdk/usr/include/sys/cdefs.h:218:48: note: expanded from macro '__deprecated_msg'
  218 |         #define __deprecated_msg(_msg) __attribute__((__deprecated__(_msg)))
      |                                                       ^
/Users/bytedance/workspace/cemu_android/src/Cafe/HW/Latte/LegacyShaderDecompiler/LatteDecompilerEmitMSL.cpp:704:3: warning: 'sprintf' is deprecated: This function is provided for compatibility reasons only.  Due to security concerns inherent in the design of sprintf(3), it is highly recommended that you use snprintf(3) instead. [-Wdeprecated-declarations]
  704 |                 sprintf(indexAccessCode, "ARi.z");
      |                 ^
/Applications/Xcode-16.3.0.app/Contents/Developer/Platforms/MacOSX.platform/Developer/SDKs/MacOSX.sdk/usr/include/_stdio.h:278:1: note: 'sprintf' has been explicitly marked deprecated here
  278 | __deprecated_msg("This function is provided for compatibility reasons only.  Due to security concerns inherent in the design of sprintf(3), it is highly recommended that you use snprintf(3) instead.")
      | ^
/Applications/Xcode-16.3.0.app/Contents/Developer/Platforms/MacOSX.platform/Developer/SDKs/MacOSX.sdk/usr/include/sys/cdefs.h:218:48: note: expanded from macro '__deprecated_msg'
  218 |         #define __deprecated_msg(_msg) __attribute__((__deprecated__(_msg)))
      |                                                       ^
/Users/bytedance/workspace/cemu_android/src/Cafe/HW/Latte/LegacyShaderDecompiler/LatteDecompilerEmitMSL.cpp:706:3: warning: 'sprintf' is deprecated: This function is provided for compatibility reasons only.  Due to security concerns inherent in the design of sprintf(3), it is highly recommended that you use snprintf(3) instead. [-Wdeprecated-declarations]
  706 |                 sprintf(indexAccessCode, "ARi.w");
      |                 ^
/Applications/Xcode-16.3.0.app/Contents/Developer/Platforms/MacOSX.platform/Developer/SDKs/MacOSX.sdk/usr/include/_stdio.h:278:1: note: 'sprintf' has been explicitly marked deprecated here
  278 | __deprecated_msg("This function is provided for compatibility reasons only.  Due to security concerns inherent in the design of sprintf(3), it is highly recommended that you use snprintf(3) instead.")
      | ^
/Applications/Xcode-16.3.0.app/Contents/Developer/Platforms/MacOSX.platform/Developer/SDKs/MacOSX.sdk/usr/include/sys/cdefs.h:218:48: note: expanded from macro '__deprecated_msg'
  218 |         #define __deprecated_msg(_msg) __attribute__((__deprecated__(_msg)))
      |                                                       ^
14 warnings generated.
[293/402] Building CXX object src/gui/wxgui/CMakeFiles/CemuWxGui.dir/CemuUpdateWindow.cpp.o
[294/402] Building CXX object src/gui/wxgui/CMakeFiles/CemuWxGui.dir/debugger/SymbolCtrl.cpp.o
[295/402] Building CXX object src/gui/wxgui/CMakeFiles/CemuWxGui.dir/debugger/DumpWindow.cpp.o
[296/402] Building CXX object src/gui/wxgui/CMakeFiles/CemuWxGui.dir/components/wxDownloadManagerList.cpp.o
[297/402] Building CXX object src/gui/wxgui/CMakeFiles/CemuWxGui.dir/debugger/BreakpointWindow.cpp.o
[298/402] Building CXX object src/gui/wxgui/CMakeFiles/CemuWxGui.dir/ChecksumTool.cpp.o
[299/402] Building CXX object src/gui/wxgui/CMakeFiles/CemuWxGui.dir/debugger/DumpCtrl.cpp.o
[300/402] Building CXX object src/gui/wxgui/CMakeFiles/CemuWxGui.dir/debugger/ModuleWindow.cpp.o
[301/402] Building CXX object src/gui/wxgui/CMakeFiles/CemuWxGui.dir/debugger/DisasmCtrl.cpp.o
[302/402] Building CXX object src/gui/wxgui/CMakeFiles/CemuWxGui.dir/components/wxGameList.cpp.o
[303/402] Building CXX object src/gui/wxgui/CMakeFiles/CemuWxGui.dir/debugger/RegisterWindow.cpp.o
[304/402] Building CXX object src/gui/wxgui/CMakeFiles/CemuWxGui.dir/debugger/DebuggerWindow2.cpp.o
In file included from /Users/bytedance/workspace/cemu_android/src/gui/wxgui/debugger/DebuggerWindow2.cpp:23:
In file included from /Users/bytedance/workspace/cemu_android/src/Common/../Cafe/HW/Espresso/Recompiler/PPCRecompiler.h:27:
/Users/bytedance/workspace/cemu_android/src/Common/../Cafe/HW/Espresso/Recompiler/IML/IMLInstruction.h:761:21: warning: implicit conversion from 'int' to 'uint8' (aka 'unsigned char') changes value from -999 to 25 [-Wconstant-conversion]
  761 |                 this->operation = -999;
      |                                 ~ ^~~~
/Users/bytedance/workspace/cemu_android/src/Common/../Cafe/HW/Espresso/Recompiler/IML/IMLInstruction.h:810:21: warning: implicit conversion from 'int' to 'uint8' (aka 'unsigned char') changes value from -999 to 25 [-Wconstant-conversion]
  810 |                 this->operation = -999;
      |                                 ~ ^~~~
2 warnings generated.
[305/402] Building CXX object src/gui/wxgui/CMakeFiles/CemuWxGui.dir/components/wxTitleManagerList.cpp.o
[306/402] Building CXX object src/gui/wxgui/CMakeFiles/CemuWxGui.dir/debugger/SymbolWindow.cpp.o
[307/402] Building CXX object src/gui/wxgui/CMakeFiles/CemuWxGui.dir/dialogs/CreateAccount/wxCreateAccountDialog.cpp.o
[308/402] Building CXX object src/gui/wxgui/CMakeFiles/CemuWxGui.dir/helpers/wxWayland.cpp.o
[309/402] Building CXX object src/gui/wxgui/CMakeFiles/CemuWxGui.dir/CemuApp.cpp.o
[310/402] Building CXX object src/gui/wxgui/CMakeFiles/CemuWxGui.dir/dialogs/SaveImport/SaveImportWindow.cpp.o
[311/402] Building CXX object src/gui/wxgui/CMakeFiles/CemuWxGui.dir/helpers/wxCustomEvents.cpp.o
[312/402] Building CXX object src/gui/wxgui/CMakeFiles/CemuWxGui.dir/AudioDebuggerWindow.cpp.o
[313/402] Building CXX object src/gui/wxgui/CMakeFiles/CemuWxGui.dir/helpers/wxHelpers.cpp.o
[314/402] Building CXX object src/gui/wxgui/CMakeFiles/CemuWxGui.dir/dialogs/SaveImport/SaveTransfer.cpp.o
[315/402] Building CXX object src/gui/wxgui/CMakeFiles/CemuWxGui.dir/DownloadGraphicPacksWindow.cpp.o
/Users/bytedance/workspace/cemu_android/src/gui/wxgui/DownloadGraphicPacksWindow.cpp:118:2: warning: 'sprintf' is deprecated: This function is provided for compatibility reasons only.  Due to security concerns inherent in the design of sprintf(3), it is highly recommended that you use snprintf(3) instead. [-Wdeprecated-declarations]
  118 |         sprintf(temp, "version=%d.%d.%d", EMULATOR_VERSION_MAJOR, EMULATOR_VERSION_MINOR, EMULATOR_VERSION_PATCH);
      |         ^
/Applications/Xcode-16.3.0.app/Contents/Developer/Platforms/MacOSX.platform/Developer/SDKs/MacOSX.sdk/usr/include/_stdio.h:278:1: note: 'sprintf' has been explicitly marked deprecated here
  278 | __deprecated_msg("This function is provided for compatibility reasons only.  Due to security concerns inherent in the design of sprintf(3), it is highly recommended that you use snprintf(3) instead.")
      | ^
/Applications/Xcode-16.3.0.app/Contents/Developer/Platforms/MacOSX.platform/Developer/SDKs/MacOSX.sdk/usr/include/sys/cdefs.h:218:48: note: expanded from macro '__deprecated_msg'
  218 |         #define __deprecated_msg(_msg) __attribute__((__deprecated__(_msg)))
      |                                                       ^
/Users/bytedance/workspace/cemu_android/src/gui/wxgui/DownloadGraphicPacksWindow.cpp:121:2: warning: 'sprintf' is deprecated: This function is provided for compatibility reasons only.  Due to security concerns inherent in the design of sprintf(3), it is highly recommended that you use snprintf(3) instead. [-Wdeprecated-declarations]
  121 |         sprintf(temp, "t=%u", (uint32)std::chrono::seconds(std::time(NULL)).count()); // add a dynamic part to the url to bypass overly aggressive caching (like some proxies do)
      |         ^
/Applications/Xcode-16.3.0.app/Contents/Developer/Platforms/MacOSX.platform/Developer/SDKs/MacOSX.sdk/usr/include/_stdio.h:278:1: note: 'sprintf' has been explicitly marked deprecated here
  278 | __deprecated_msg("This function is provided for compatibility reasons only.  Due to security concerns inherent in the design of sprintf(3), it is highly recommended that you use snprintf(3) instead.")
      | ^
/Applications/Xcode-16.3.0.app/Contents/Developer/Platforms/MacOSX.platform/Developer/SDKs/MacOSX.sdk/usr/include/sys/cdefs.h:218:48: note: expanded from macro '__deprecated_msg'
  218 |         #define __deprecated_msg(_msg) __attribute__((__deprecated__(_msg)))
      |                                                       ^
2 warnings generated.
[316/402] Building CXX object src/gui/wxgui/CMakeFiles/CemuWxGui.dir/GameUpdateWindow.cpp.o
[317/402] Building CXX object src/gui/wxgui/CMakeFiles/CemuWxGui.dir/GettingStartedDialog.cpp.o
[318/402] Building CXX object src/gui/wxgui/CMakeFiles/CemuWxGui.dir/GameProfileWindow.cpp.o
[319/402] Building CXX object src/gui/wxgui/CMakeFiles/CemuWxGui.dir/input/panels/ClassicControllerInputPanel.cpp.o
[320/402] Building CXX object src/gui/wxgui/CMakeFiles/CemuWxGui.dir/input/panels/InputPanel.cpp.o
[321/402] Building CXX object src/gui/wxgui/CMakeFiles/CemuWxGui.dir/input/panels/ProControllerInputPanel.cpp.o
[322/402] Building CXX object src/gui/wxgui/CMakeFiles/CemuWxGui.dir/input/panels/WiimoteInputPanel.cpp.o
[323/402] Building CXX object src/gui/wxgui/CMakeFiles/CemuWxGui.dir/input/panels/VPADInputPanel.cpp.o
[324/402] Building CXX object src/gui/wxgui/CMakeFiles/CemuWxGui.dir/LoggingWindow.cpp.o
[325/402] Building CXX object src/gui/wxgui/CMakeFiles/CemuWxGui.dir/GraphicPacksWindow2.cpp.o
[326/402] Building CXX object src/gui/wxgui/CMakeFiles/CemuWxGui.dir/input/InputAPIAddWindow.cpp.o
[327/402] Building CXX object src/gui/wxgui/CMakeFiles/CemuWxGui.dir/input/settings/DefaultControllerSettings.cpp.o
[328/402] Building CXX object src/gui/wxgui/CMakeFiles/CemuWxGui.dir/GeneralSettings2.cpp.o
[329/402] Building CXX object src/gui/wxgui/CMakeFiles/CemuWxGui.dir/wxcomponents/checktree.cpp.o
[330/402] Building CXX object src/gui/wxgui/CMakeFiles/CemuWxGui.dir/wxWindowSystem.cpp.o
[331/402] Building CXX object src/gui/wxgui/CMakeFiles/CemuWxGui.dir/input/settings/WiimoteControllerSettings.cpp.o
[332/402] Building CXX object src/gui/wxgui/CMakeFiles/CemuWxGui.dir/input/InputSettings2.cpp.o
[333/402] Building CXX object src/gui/wxgui/CMakeFiles/CemuWxGui.dir/windows/TextureRelationViewer/TextureRelationWindow.cpp.o
[334/402] Building CXX object src/gui/wxgui/CMakeFiles/CemuWxGui.dir/input/HotkeySettings.cpp.o
[335/402] Building CXX object src/config/CMakeFiles/CemuConfig.dir/NetworkSettings.cpp.o
[336/402] Building CXX object src/gui/wxgui/CMakeFiles/CemuWxGui.dir/windows/PPCThreadsViewer/DebugPPCThreadsWindow.cpp.o
[337/402] Building CXX object src/gui/wxgui/CMakeFiles/CemuWxGui.dir/canvas/VulkanCanvas.cpp.o
[338/402] Building CXX object src/gui/wxgui/CMakeFiles/CemuWxGui.dir/MemorySearcherTool.cpp.o
[339/402] Building CXX object src/gui/wxgui/CMakeFiles/CemuWxGui.dir/EmulatedUSBDevices/EmulatedUSBDeviceFrame.cpp.o
[340/402] Building CXX object src/config/CMakeFiles/CemuConfig.dir/ActiveSettings.cpp.o
[341/402] Building CXX object src/gui/wxgui/CMakeFiles/CemuWxGui.dir/wxCemuConfig.cpp.o
[342/402] Building CXX object src/input/CMakeFiles/CemuInput.dir/api/ControllerState.cpp.o
[343/402] Building CXX object src/gui/wxgui/CMakeFiles/CemuWxGui.dir/canvas/MetalCanvas.cpp.o
[344/402] Building CXX object src/input/CMakeFiles/CemuInput.dir/api/DSU/DSUMessages.cpp.o
[345/402] Building CXX object src/gui/wxgui/CMakeFiles/CemuWxGui.dir/TitleManager.cpp.o
[346/402] Building CXX object src/gui/wxgui/CMakeFiles/CemuWxGui.dir/PadViewFrame.cpp.o
[347/402] Building CXX object src/config/CMakeFiles/CemuConfig.dir/LaunchSettings.cpp.o
[348/402] Building CXX object src/config/CMakeFiles/CemuConfig.dir/CemuConfig.cpp.o
[349/402] Building CXX object src/input/CMakeFiles/CemuInput.dir/api/Keyboard/KeyboardControllerProvider.cpp.o
[350/402] Building CXX object src/input/CMakeFiles/CemuInput.dir/ControllerFactory.cpp.o
[351/402] Building CXX object src/input/CMakeFiles/CemuInput.dir/emulated/ProController.cpp.o
[352/402] Building CXX object src/input/CMakeFiles/CemuInput.dir/api/Controller.cpp.o
[353/402] Building CXX object src/input/CMakeFiles/CemuInput.dir/emulated/WPADController.cpp.o
[354/402] Building CXX object src/input/CMakeFiles/CemuInput.dir/api/DSU/DSUController.cpp.o
[355/402] Building CXX object src/input/CMakeFiles/CemuInput.dir/api/GameCube/GameCubeController.cpp.o
[356/402] Building CXX object src/input/CMakeFiles/CemuInput.dir/api/Keyboard/KeyboardController.cpp.o
[357/402] Building CXX object src/input/CMakeFiles/CemuInput.dir/emulated/ClassicController.cpp.o
[358/402] Building CXX object src/input/CMakeFiles/CemuInput.dir/emulated/EmulatedController.cpp.o
[359/402] Building CXX object src/input/CMakeFiles/CemuInput.dir/api/DSU/DSUControllerProvider.cpp.o
[360/402] Building CXX object src/input/CMakeFiles/CemuInput.dir/api/Wiimote/hidapi/HidapiWiimote.cpp.o
[361/402] Building CXX object src/input/CMakeFiles/CemuInput.dir/emulated/WiimoteController.cpp.o
[362/402] Building CXX object src/input/CMakeFiles/CemuInput.dir/emulated/VPADController.cpp.o
[363/402] Building CXX object src/audio/CMakeFiles/CemuAudio.dir/CubebAPI.cpp.o
[364/402] Building CXX object src/util/CMakeFiles/CemuUtil.dir/crypto/aes128.cpp.o
[365/402] Building CXX object src/audio/CMakeFiles/CemuAudio.dir/CubebInputAPI.cpp.o
/Users/bytedance/workspace/cemu_android/src/audio/CubebInputAPI.cpp:67:47: warning: bitwise operation between different enumeration types ('(unnamed enum at /Users/bytedance/workspace/cemu_android/dependencies/cubeb/include/cubeb/cubeb.h:194:1)' and 'cubeb_channel') is deprecated [-Wdeprecated-anon-enum-enum-conversion]
   67 |                 input_params.layout = CUBEB_LAYOUT_QUAD_LFE | CHANNEL_FRONT_CENTER;
      |                                       ~~~~~~~~~~~~~~~~~~~~~ ^ ~~~~~~~~~~~~~~~~~~~~
1 warning generated.
[366/402] Building CXX object src/util/CMakeFiles/CemuUtil.dir/bootSound/BootSoundReader.cpp.o
[367/402] Building CXX object src/util/CMakeFiles/CemuUtil.dir/crypto/crc32.cpp.o
[368/402] Building CXX object src/gui/wxgui/CMakeFiles/CemuWxGui.dir/MainWindow.cpp.o
[369/402] Building CXX object src/audio/CMakeFiles/CemuAudio.dir/IAudioInputAPI.cpp.o
[370/402] Building CXX object src/input/CMakeFiles/CemuInput.dir/InputManager.cpp.o
[371/402] Building CXX object src/util/CMakeFiles/CemuUtil.dir/crypto/md5.cpp.o
[372/402] Building CXX object src/audio/CMakeFiles/CemuAudio.dir/IAudioAPI.cpp.o
[373/402] Building CXX object src/util/CMakeFiles/CemuUtil.dir/highresolutiontimer/HighResolutionTimer.cpp.o
[374/402] Building CXX object src/util/CMakeFiles/CemuUtil.dir/SystemInfo/SystemInfo.cpp.o
[375/402] Building CXX object src/util/CMakeFiles/CemuUtil.dir/VirtualHeap/VirtualHeap.cpp.o
[376/402] Building CXX object src/util/CMakeFiles/CemuUtil.dir/helpers/Serializer.cpp.o
[377/402] Building CXX object src/util/CMakeFiles/CemuUtil.dir/IniParser/IniParser.cpp.o
[378/402] Building CXX object src/util/CMakeFiles/CemuUtil.dir/tinyxml2/tinyxml2.cpp.o
[379/402] Building CXX object src/input/CMakeFiles/CemuInput.dir/api/GameCube/GameCubeControllerProvider.cpp.o
[380/402] Building CXX object src/util/CMakeFiles/CemuUtil.dir/Fiber/FiberUContext.cpp.o
/Users/bytedance/workspace/cemu_android/src/util/Fiber/FiberUContext.cpp:12:2: warning: 'getcontext' is deprecated: first deprecated in macOS 10.6 - No longer supported [-Wdeprecated-declarations]
   12 |         getcontext(m_ctx);
      |         ^
/Applications/Xcode-16.3.0.app/Contents/Developer/Platforms/MacOSX.platform/Developer/SDKs/MacOSX.sdk/usr/include/ucontext.h:38:6: note: 'getcontext' has been explicitly marked deprecated here
   38 | int  getcontext(ucontext_t *);
      |      ^
/Users/bytedance/workspace/cemu_android/src/util/Fiber/FiberUContext.cpp:18:2: warning: 'makecontext' is deprecated: first deprecated in macOS 10.6 - No longer supported [-Wdeprecated-declarations]
   18 |         makecontext(m_ctx, (void(*)())FiberEntryPoint, 2, (uint64) userParam >> 32, userParam);
      |         ^
/Applications/Xcode-16.3.0.app/Contents/Developer/Platforms/MacOSX.platform/Developer/SDKs/MacOSX.sdk/usr/include/ucontext.h:41:6: note: 'makecontext' has been explicitly marked deprecated here
   41 | void makecontext(ucontext_t *, void (*)(), int, ...);
      |      ^
/Users/bytedance/workspace/cemu_android/src/util/Fiber/FiberUContext.cpp:27:2: warning: 'getcontext' is deprecated: first deprecated in macOS 10.6 - No longer supported [-Wdeprecated-declarations]
   27 |         getcontext(m_ctx);
      |         ^
/Applications/Xcode-16.3.0.app/Contents/Developer/Platforms/MacOSX.platform/Developer/SDKs/MacOSX.sdk/usr/include/ucontext.h:38:6: note: 'getcontext' has been explicitly marked deprecated here
   38 | int  getcontext(ucontext_t *);
      |      ^
/Users/bytedance/workspace/cemu_android/src/util/Fiber/FiberUContext.cpp:50:2: warning: 'swapcontext' is deprecated: first deprecated in macOS 10.6 - No longer supported [-Wdeprecated-declarations]
   50 |         swapcontext(leavingFiber->m_ctx, targetFiber.m_ctx);
      |         ^
/Applications/Xcode-16.3.0.app/Contents/Developer/Platforms/MacOSX.platform/Developer/SDKs/MacOSX.sdk/usr/include/ucontext.h:47:6: note: 'swapcontext' has been explicitly marked deprecated here
   47 | int  swapcontext(ucontext_t * __restrict, const ucontext_t * __restrict);
      |      ^
4 warnings generated.
[381/402] Building CXX object src/util/CMakeFiles/CemuUtil.dir/MemMapper/MemMapperUnix.cpp.o
[382/402] Building CXX object src/util/CMakeFiles/CemuUtil.dir/SystemInfo/SystemInfoUnix.cpp.o
[383/402] Building CXX object src/util/CMakeFiles/CemuUtil.dir/libusbWrapper/libusbWrapper.cpp.o
[384/402] Building CXX object src/util/CMakeFiles/CemuUtil.dir/SystemInfo/SystemInfoMac.cpp.o
[385/402] Building CXX object src/input/CMakeFiles/CemuInput.dir/api/Wiimote/WiimoteControllerProvider.cpp.o
[386/402] Building CXX object src/util/CMakeFiles/CemuUtil.dir/helpers/helpers.cpp.o
[387/402] Building CXX object src/util/CMakeFiles/CemuUtil.dir/Zir/Passes/ZpIRRegisterAllocator.cpp.o
[388/402] Building CXX object src/util/CMakeFiles/CemuUtil.dir/Zir/Passes/RegisterAllocatorForGLSL.cpp.o
[389/402] Building CXX object src/util/CMakeFiles/CemuUtil.dir/Zir/Core/IR.cpp.o
[390/402] Building CXX object src/input/CMakeFiles/CemuInput.dir/api/Wiimote/NativeWiimoteController.cpp.o
[391/402] Building CXX object src/CMakeFiles/CemuBin.dir/mainLLE.cpp.o
[392/402] Building CXX object src/util/CMakeFiles/CemuUtil.dir/Zir/EmitterGLSL/ZpIREmitGLSL.cpp.o
[393/402] Building CXX object src/input/CMakeFiles/CemuInput.dir/api/SDL/SDLController.cpp.o
[394/402] Linking CXX static library src/util/libCemuUtil.a
[395/402] Building CXX object src/input/CMakeFiles/CemuInput.dir/api/SDL/SDLControllerProvider.cpp.o
[396/402] Linking CXX static library src/Cafe/libCemuCafe.a
[397/402] Building CXX object src/CMakeFiles/CemuBin.dir/main.cpp.o
[398/402] Linking CXX static library src/gui/wxgui/libCemuWxGui.a
[399/402] Linking CXX static library src/audio/libCemuAudio.a
[400/402] Linking CXX static library src/config/libCemuConfig.a
[401/402] Linking CXX static library src/input/libCemuInput.a
[402/402] Linking CXX executable /Users/bytedance/workspace/cemu_android/bin/Cemu_relwithdebinfo
ld: warning: ignoring duplicate libraries: 'src/Cafe/libCemuCafe.a', 'src/Cemu/libCemuComponents.a', 'src/Common/libCemuCommon.a', 'src/gui/wxgui/libCemuWxGui.a', 'src/imgui/libimguiImpl.a', 'vcpkg_installed/arm64-osx/lib/libSDL3.a', 'vcpkg_installed/arm64-osx/lib/libjpeg.a', 'vcpkg_installed/arm64-osx/lib/libpng16.a', 'vcpkg_installed/arm64-osx/lib/libtiff.a', 'vcpkg_installed/arm64-osx/lib/libz.a'
ld: warning: object file (/Users/bytedance/workspace/cemu_android/build/vcpkg_installed/arm64-osx/lib/libSDL3.a[2](SDL.c.o)) was built for newer 'macOS' version (15.4) than being linked (13.4)
ld: warning: object file (/Users/bytedance/workspace/cemu_android/build/vcpkg_installed/arm64-osx/lib/libSDL3.a[3](SDL_assert.c.o)) was built for newer 'macOS' version (15.4) than being linked (13.4)
ld: warning: object file (/Users/bytedance/workspace/cemu_android/build/vcpkg_installed/arm64-osx/lib/libSDL3.a[4](SDL_error.c.o)) was built for newer 'macOS' version (15.4) than being linked (13.4)
ld: warning: object file (/Users/bytedance/workspace/cemu_android/build/vcpkg_installed/arm64-osx/lib/libSDL3.a[5](SDL_guid.c.o)) was built for newer 'macOS' version (15.4) than being linked (13.4)
ld: warning: object file (/Users/bytedance/workspace/cemu_android/build/vcpkg_installed/arm64-osx/lib/libSDL3.a[6](SDL_hashtable.c.o)) was built for newer 'macOS' version (15.4) than being linked (13.4)
ld: warning: object file (/Users/bytedance/workspace/cemu_android/build/vcpkg_installed/arm64-osx/lib/libSDL3.a[7](SDL_hints.c.o)) was built for newer 'macOS' version (15.4) than being linked (13.4)
ld: warning: object file (/Users/bytedance/workspace/cemu_android/build/vcpkg_installed/arm64-osx/lib/libSDL3.a[9](SDL_log.c.o)) was built for newer 'macOS' version (15.4) than being linked (13.4)
ld: warning: object file (/Users/bytedance/workspace/cemu_android/build/vcpkg_installed/arm64-osx/lib/libSDL3.a[10](SDL_properties.c.o)) was built for newer 'macOS' version (15.4) than being linked (13.4)
ld: warning: object file (/Users/bytedance/workspace/cemu_android/build/vcpkg_installed/arm64-osx/lib/libSDL3.a[11](SDL_utils.c.o)) was built for newer 'macOS' version (15.4) than being linked (13.4)
ld: warning: object file (/Users/bytedance/workspace/cemu_android/build/vcpkg_installed/arm64-osx/lib/libSDL3.a[12](SDL_atomic.c.o)) was built for newer 'macOS' version (15.4) than being linked (13.4)
ld: warning: object file (/Users/bytedance/workspace/cemu_android/build/vcpkg_installed/arm64-osx/lib/libSDL3.a[13](SDL_spinlock.c.o)) was built for newer 'macOS' version (15.4) than being linked (13.4)
ld: warning: object file (/Users/bytedance/workspace/cemu_android/build/vcpkg_installed/arm64-osx/lib/libSDL3.a[14](SDL_audio.c.o)) was built for newer 'macOS' version (15.4) than being linked (13.4)
ld: warning: object file (/Users/bytedance/workspace/cemu_android/build/vcpkg_installed/arm64-osx/lib/libSDL3.a[15](SDL_audiocvt.c.o)) was built for newer 'macOS' version (15.4) than being linked (13.4)
ld: warning: object file (/Users/bytedance/workspace/cemu_android/build/vcpkg_installed/arm64-osx/lib/libSDL3.a[17](SDL_audioqueue.c.o)) was built for newer 'macOS' version (15.4) than being linked (13.4)
ld: warning: object file (/Users/bytedance/workspace/cemu_android/build/vcpkg_installed/arm64-osx/lib/libSDL3.a[18](SDL_audioresample.c.o)) was built for newer 'macOS' version (15.4) than being linked (13.4)
ld: warning: object file (/Users/bytedance/workspace/cemu_android/build/vcpkg_installed/arm64-osx/lib/libSDL3.a[19](SDL_audiotypecvt.c.o)) was built for newer 'macOS' version (15.4) than being linked (13.4)
ld: warning: object file (/Users/bytedance/workspace/cemu_android/build/vcpkg_installed/arm64-osx/lib/libSDL3.a[20](SDL_mixer.c.o)) was built for newer 'macOS' version (15.4) than being linked (13.4)
ld: warning: object file (/Users/bytedance/workspace/cemu_android/build/vcpkg_installed/arm64-osx/lib/libSDL3.a[21](SDL_wave.c.o)) was built for newer 'macOS' version (15.4) than being linked (13.4)
ld: warning: object file (/Users/bytedance/workspace/cemu_android/build/vcpkg_installed/arm64-osx/lib/libSDL3.a[22](SDL_camera.c.o)) was built for newer 'macOS' version (15.4) than being linked (13.4)
ld: warning: object file (/Users/bytedance/workspace/cemu_android/build/vcpkg_installed/arm64-osx/lib/libSDL3.a[23](SDL_core_unsupported.c.o)) was built for newer 'macOS' version (15.4) than being linked (13.4)
ld: warning: object file (/Users/bytedance/workspace/cemu_android/build/vcpkg_installed/arm64-osx/lib/libSDL3.a[24](SDL_cpuinfo.c.o)) was built for newer 'macOS' version (15.4) than being linked (13.4)
ld: warning: object file (/Users/bytedance/workspace/cemu_android/build/vcpkg_installed/arm64-osx/lib/libSDL3.a[25](SDL_dynapi.c.o)) was built for newer 'macOS' version (15.4) than being linked (13.4)
ld: warning: object file (/Users/bytedance/workspace/cemu_android/build/vcpkg_installed/arm64-osx/lib/libSDL3.a[26](SDL_categories.c.o)) was built for newer 'macOS' version (15.4) than being linked (13.4)
ld: warning: object file (/Users/bytedance/workspace/cemu_android/build/vcpkg_installed/arm64-osx/lib/libSDL3.a[27](SDL_clipboardevents.c.o)) was built for newer 'macOS' version (15.4) than being linked (13.4)
ld: warning: object file (/Users/bytedance/workspace/cemu_android/build/vcpkg_installed/arm64-osx/lib/libSDL3.a[28](SDL_displayevents.c.o)) was built for newer 'macOS' version (15.4) than being linked (13.4)
ld: warning: object file (/Users/bytedance/workspace/cemu_android/build/vcpkg_installed/arm64-osx/lib/libSDL3.a[29](SDL_dropevents.c.o)) was built for newer 'macOS' version (15.4) than being linked (13.4)
ld: warning: object file (/Users/bytedance/workspace/cemu_android/build/vcpkg_installed/arm64-osx/lib/libSDL3.a[30](SDL_events.c.o)) was built for newer 'macOS' version (15.4) than being linked (13.4)
ld: warning: object file (/Users/bytedance/workspace/cemu_android/build/vcpkg_installed/arm64-osx/lib/libSDL3.a[31](SDL_eventwatch.c.o)) was built for newer 'macOS' version (15.4) than being linked (13.4)
ld: warning: object file (/Users/bytedance/workspace/cemu_android/build/vcpkg_installed/arm64-osx/lib/libSDL3.a[32](SDL_keyboard.c.o)) was built for newer 'macOS' version (15.4) than being linked (13.4)
ld: warning: object file (/Users/bytedance/workspace/cemu_android/build/vcpkg_installed/arm64-osx/lib/libSDL3.a[33](SDL_keymap.c.o)) was built for newer 'macOS' version (15.4) than being linked (13.4)
ld: warning: object file (/Users/bytedance/workspace/cemu_android/build/vcpkg_installed/arm64-osx/lib/libSDL3.a[36](SDL_mouse.c.o)) was built for newer 'macOS' version (15.4) than being linked (13.4)
ld: warning: object file (/Users/bytedance/workspace/cemu_android/build/vcpkg_installed/arm64-osx/lib/libSDL3.a[37](SDL_pen.c.o)) was built for newer 'macOS' version (15.4) than being linked (13.4)
ld: warning: object file (/Users/bytedance/workspace/cemu_android/build/vcpkg_installed/arm64-osx/lib/libSDL3.a[38](SDL_quit.c.o)) was built for newer 'macOS' version (15.4) than being linked (13.4)
ld: warning: object file (/Users/bytedance/workspace/cemu_android/build/vcpkg_installed/arm64-osx/lib/libSDL3.a[40](SDL_touch.c.o)) was built for newer 'macOS' version (15.4) than being linked (13.4)
ld: warning: object file (/Users/bytedance/workspace/cemu_android/build/vcpkg_installed/arm64-osx/lib/libSDL3.a[41](SDL_windowevents.c.o)) was built for newer 'macOS' version (15.4) than being linked (13.4)
ld: warning: object file (/Users/bytedance/workspace/cemu_android/build/vcpkg_installed/arm64-osx/lib/libSDL3.a[43](SDL_filesystem.c.o)) was built for newer 'macOS' version (15.4) than being linked (13.4)
ld: warning: object file (/Users/bytedance/workspace/cemu_android/build/vcpkg_installed/arm64-osx/lib/libSDL3.a[44](SDL_gpu.c.o)) was built for newer 'macOS' version (15.4) than being linked (13.4)
ld: warning: object file (/Users/bytedance/workspace/cemu_android/build/vcpkg_installed/arm64-osx/lib/libSDL3.a[45](SDL_haptic.c.o)) was built for newer 'macOS' version (15.4) than being linked (13.4)
ld: warning: object file (/Users/bytedance/workspace/cemu_android/build/vcpkg_installed/arm64-osx/lib/libSDL3.a[46](SDL_hidapi.c.o)) was built for newer 'macOS' version (15.4) than being linked (13.4)
ld: warning: object file (/Users/bytedance/workspace/cemu_android/build/vcpkg_installed/arm64-osx/lib/libSDL3.a[47](SDL_asyncio.c.o)) was built for newer 'macOS' version (15.4) than being linked (13.4)
ld: warning: object file (/Users/bytedance/workspace/cemu_android/build/vcpkg_installed/arm64-osx/lib/libSDL3.a[48](SDL_iostream.c.o)) was built for newer 'macOS' version (15.4) than being linked (13.4)
ld: warning: object file (/Users/bytedance/workspace/cemu_android/build/vcpkg_installed/arm64-osx/lib/libSDL3.a[49](SDL_asyncio_generic.c.o)) was built for newer 'macOS' version (15.4) than being linked (13.4)
ld: warning: object file (/Users/bytedance/workspace/cemu_android/build/vcpkg_installed/arm64-osx/lib/libSDL3.a[50](SDL_gamepad.c.o)) was built for newer 'macOS' version (15.4) than being linked (13.4)
ld: warning: object file (/Users/bytedance/workspace/cemu_android/build/vcpkg_installed/arm64-osx/lib/libSDL3.a[51](SDL_joystick.c.o)) was built for newer 'macOS' version (15.4) than being linked (13.4)
ld: warning: object file (/Users/bytedance/workspace/cemu_android/build/vcpkg_installed/arm64-osx/lib/libSDL3.a[52](SDL_steam_virtual_gamepad.c.o)) was built for newer 'macOS' version (15.4) than being linked (13.4)
ld: warning: object file (/Users/bytedance/workspace/cemu_android/build/vcpkg_installed/arm64-osx/lib/libSDL3.a[53](controller_type.c.o)) was built for newer 'macOS' version (15.4) than being linked (13.4)
ld: warning: object file (/Users/bytedance/workspace/cemu_android/build/vcpkg_installed/arm64-osx/lib/libSDL3.a[54](SDL_locale.c.o)) was built for newer 'macOS' version (15.4) than being linked (13.4)
ld: warning: object file (/Users/bytedance/workspace/cemu_android/build/vcpkg_installed/arm64-osx/lib/libSDL3.a[55](SDL_main_callbacks.c.o)) was built for newer 'macOS' version (15.4) than being linked (13.4)
ld: warning: object file (/Users/bytedance/workspace/cemu_android/build/vcpkg_installed/arm64-osx/lib/libSDL3.a[56](SDL_runapp.c.o)) was built for newer 'macOS' version (15.4) than being linked (13.4)
ld: warning: object file (/Users/bytedance/workspace/cemu_android/build/vcpkg_installed/arm64-osx/lib/libSDL3.a[58](SDL_url.c.o)) was built for newer 'macOS' version (15.4) than being linked (13.4)
ld: warning: object file (/Users/bytedance/workspace/cemu_android/build/vcpkg_installed/arm64-osx/lib/libSDL3.a[59](SDL_power.c.o)) was built for newer 'macOS' version (15.4) than being linked (13.4)
ld: warning: object file (/Users/bytedance/workspace/cemu_android/build/vcpkg_installed/arm64-osx/lib/libSDL3.a[60](SDL_render.c.o)) was built for newer 'macOS' version (15.4) than being linked (13.4)
ld: warning: object file (/Users/bytedance/workspace/cemu_android/build/vcpkg_installed/arm64-osx/lib/libSDL3.a[62](SDL_yuv_sw.c.o)) was built for newer 'macOS' version (15.4) than being linked (13.4)
ld: warning: object file (/Users/bytedance/workspace/cemu_android/build/vcpkg_installed/arm64-osx/lib/libSDL3.a[69](SDL_pipeline_gpu.c.o)) was built for newer 'macOS' version (15.4) than being linked (13.4)
ld: warning: object file (/Users/bytedance/workspace/cemu_android/build/vcpkg_installed/arm64-osx/lib/libSDL3.a[70](SDL_render_gpu.c.o)) was built for newer 'macOS' version (15.4) than being linked (13.4)
ld: warning: object file (/Users/bytedance/workspace/cemu_android/build/vcpkg_installed/arm64-osx/lib/libSDL3.a[71](SDL_shaders_gpu.c.o)) was built for newer 'macOS' version (15.4) than being linked (13.4)
ld: warning: object file (/Users/bytedance/workspace/cemu_android/build/vcpkg_installed/arm64-osx/lib/libSDL3.a[73](SDL_render_gl.c.o)) was built for newer 'macOS' version (15.4) than being linked (13.4)
ld: warning: object file (/Users/bytedance/workspace/cemu_android/build/vcpkg_installed/arm64-osx/lib/libSDL3.a[74](SDL_shaders_gl.c.o)) was built for newer 'macOS' version (15.4) than being linked (13.4)
ld: warning: object file (/Users/bytedance/workspace/cemu_android/build/vcpkg_installed/arm64-osx/lib/libSDL3.a[75](SDL_render_gles2.c.o)) was built for newer 'macOS' version (15.4) than being linked (13.4)
ld: warning: object file (/Users/bytedance/workspace/cemu_android/build/vcpkg_installed/arm64-osx/lib/libSDL3.a[76](SDL_shaders_gles2.c.o)) was built for newer 'macOS' version (15.4) than being linked (13.4)
ld: warning: object file (/Users/bytedance/workspace/cemu_android/build/vcpkg_installed/arm64-osx/lib/libSDL3.a[79](SDL_blendfillrect.c.o)) was built for newer 'macOS' version (15.4) than being linked (13.4)
ld: warning: object file (/Users/bytedance/workspace/cemu_android/build/vcpkg_installed/arm64-osx/lib/libSDL3.a[80](SDL_blendline.c.o)) was built for newer 'macOS' version (15.4) than being linked (13.4)
ld: warning: object file (/Users/bytedance/workspace/cemu_android/build/vcpkg_installed/arm64-osx/lib/libSDL3.a[81](SDL_blendpoint.c.o)) was built for newer 'macOS' version (15.4) than being linked (13.4)
ld: warning: object file (/Users/bytedance/workspace/cemu_android/build/vcpkg_installed/arm64-osx/lib/libSDL3.a[82](SDL_drawline.c.o)) was built for newer 'macOS' version (15.4) than being linked (13.4)
ld: warning: object file (/Users/bytedance/workspace/cemu_android/build/vcpkg_installed/arm64-osx/lib/libSDL3.a[83](SDL_drawpoint.c.o)) was built for newer 'macOS' version (15.4) than being linked (13.4)
ld: warning: object file (/Users/bytedance/workspace/cemu_android/build/vcpkg_installed/arm64-osx/lib/libSDL3.a[84](SDL_render_sw.c.o)) was built for newer 'macOS' version (15.4) than being linked (13.4)
ld: warning: object file (/Users/bytedance/workspace/cemu_android/build/vcpkg_installed/arm64-osx/lib/libSDL3.a[85](SDL_triangle.c.o)) was built for newer 'macOS' version (15.4) than being linked (13.4)
ld: warning: object file (/Users/bytedance/workspace/cemu_android/build/vcpkg_installed/arm64-osx/lib/libSDL3.a[91](SDL_sensor.c.o)) was built for newer 'macOS' version (15.4) than being linked (13.4)
ld: warning: object file (/Users/bytedance/workspace/cemu_android/build/vcpkg_installed/arm64-osx/lib/libSDL3.a[92](SDL_crc16.c.o)) was built for newer 'macOS' version (15.4) than being linked (13.4)
ld: warning: object file (/Users/bytedance/workspace/cemu_android/build/vcpkg_installed/arm64-osx/lib/libSDL3.a[93](SDL_crc32.c.o)) was built for newer 'macOS' version (15.4) than being linked (13.4)
ld: warning: object file (/Users/bytedance/workspace/cemu_android/build/vcpkg_installed/arm64-osx/lib/libSDL3.a[94](SDL_getenv.c.o)) was built for newer 'macOS' version (15.4) than being linked (13.4)
ld: warning: object file (/Users/bytedance/workspace/cemu_android/build/vcpkg_installed/arm64-osx/lib/libSDL3.a[95](SDL_iconv.c.o)) was built for newer 'macOS' version (15.4) than being linked (13.4)
ld: warning: object file (/Users/bytedance/workspace/cemu_android/build/vcpkg_installed/arm64-osx/lib/libSDL3.a[96](SDL_malloc.c.o)) was built for newer 'macOS' version (15.4) than being linked (13.4)
ld: warning: object file (/Users/bytedance/workspace/cemu_android/build/vcpkg_installed/arm64-osx/lib/libSDL3.a[97](SDL_memcpy.c.o)) was built for newer 'macOS' version (15.4) than being linked (13.4)
ld: warning: object file (/Users/bytedance/workspace/cemu_android/build/vcpkg_installed/arm64-osx/lib/libSDL3.a[98](SDL_memmove.c.o)) was built for newer 'macOS' version (15.4) than being linked (13.4)
ld: warning: object file (/Users/bytedance/workspace/cemu_android/build/vcpkg_installed/arm64-osx/lib/libSDL3.a[99](SDL_memset.c.o)) was built for newer 'macOS' version (15.4) than being linked (13.4)
ld: warning: object file (/Users/bytedance/workspace/cemu_android/build/vcpkg_installed/arm64-osx/lib/libSDL3.a[101](SDL_murmur3.c.o)) was built for newer 'macOS' version (15.4) than being linked (13.4)
ld: warning: object file (/Users/bytedance/workspace/cemu_android/build/vcpkg_installed/arm64-osx/lib/libSDL3.a[102](SDL_qsort.c.o)) was built for newer 'macOS' version (15.4) than being linked (13.4)
ld: warning: object file (/Users/bytedance/workspace/cemu_android/build/vcpkg_installed/arm64-osx/lib/libSDL3.a[103](SDL_random.c.o)) was built for newer 'macOS' version (15.4) than being linked (13.4)
ld: warning: object file (/Users/bytedance/workspace/cemu_android/build/vcpkg_installed/arm64-osx/lib/libSDL3.a[104](SDL_stdlib.c.o)) was built for newer 'macOS' version (15.4) than being linked (13.4)
ld: warning: object file (/Users/bytedance/workspace/cemu_android/build/vcpkg_installed/arm64-osx/lib/libSDL3.a[105](SDL_string.c.o)) was built for newer 'macOS' version (15.4) than being linked (13.4)
ld: warning: object file (/Users/bytedance/workspace/cemu_android/build/vcpkg_installed/arm64-osx/lib/libSDL3.a[106](SDL_strtokr.c.o)) was built for newer 'macOS' version (15.4) than being linked (13.4)
ld: warning: object file (/Users/bytedance/workspace/cemu_android/build/vcpkg_installed/arm64-osx/lib/libSDL3.a[107](SDL_storage.c.o)) was built for newer 'macOS' version (15.4) than being linked (13.4)
ld: warning: object file (/Users/bytedance/workspace/cemu_android/build/vcpkg_installed/arm64-osx/lib/libSDL3.a[108](SDL_thread.c.o)) was built for newer 'macOS' version (15.4) than being linked (13.4)
ld: warning: object file (/Users/bytedance/workspace/cemu_android/build/vcpkg_installed/arm64-osx/lib/libSDL3.a[109](SDL_time.c.o)) was built for newer 'macOS' version (15.4) than being linked (13.4)
ld: warning: object file (/Users/bytedance/workspace/cemu_android/build/vcpkg_installed/arm64-osx/lib/libSDL3.a[110](SDL_timer.c.o)) was built for newer 'macOS' version (15.4) than being linked (13.4)
ld: warning: object file (/Users/bytedance/workspace/cemu_android/build/vcpkg_installed/arm64-osx/lib/libSDL3.a[111](SDL_RLEaccel.c.o)) was built for newer 'macOS' version (15.4) than being linked (13.4)
ld: warning: object file (/Users/bytedance/workspace/cemu_android/build/vcpkg_installed/arm64-osx/lib/libSDL3.a[112](SDL_blit.c.o)) was built for newer 'macOS' version (15.4) than being linked (13.4)
ld: warning: object file (/Users/bytedance/workspace/cemu_android/build/vcpkg_installed/arm64-osx/lib/libSDL3.a[113](SDL_blit_0.c.o)) was built for newer 'macOS' version (15.4) than being linked (13.4)
ld: warning: object file (/Users/bytedance/workspace/cemu_android/build/vcpkg_installed/arm64-osx/lib/libSDL3.a[114](SDL_blit_1.c.o)) was built for newer 'macOS' version (15.4) than being linked (13.4)
ld: warning: object file (/Users/bytedance/workspace/cemu_android/build/vcpkg_installed/arm64-osx/lib/libSDL3.a[115](SDL_blit_A.c.o)) was built for newer 'macOS' version (15.4) than being linked (13.4)
ld: warning: object file (/Users/bytedance/workspace/cemu_android/build/vcpkg_installed/arm64-osx/lib/libSDL3.a[116](SDL_blit_N.c.o)) was built for newer 'macOS' version (15.4) than being linked (13.4)
ld: warning: object file (/Users/bytedance/workspace/cemu_android/build/vcpkg_installed/arm64-osx/lib/libSDL3.a[117](SDL_blit_auto.c.o)) was built for newer 'macOS' version (15.4) than being linked (13.4)
ld: warning: object file (/Users/bytedance/workspace/cemu_android/build/vcpkg_installed/arm64-osx/lib/libSDL3.a[118](SDL_blit_copy.c.o)) was built for newer 'macOS' version (15.4) than being linked (13.4)
ld: warning: object file (/Users/bytedance/workspace/cemu_android/build/vcpkg_installed/arm64-osx/lib/libSDL3.a[119](SDL_blit_slow.c.o)) was built for newer 'macOS' version (15.4) than being linked (13.4)
ld: warning: object file (/Users/bytedance/workspace/cemu_android/build/vcpkg_installed/arm64-osx/lib/libSDL3.a[120](SDL_bmp.c.o)) was built for newer 'macOS' version (15.4) than being linked (13.4)
ld: warning: object file (/Users/bytedance/workspace/cemu_android/build/vcpkg_installed/arm64-osx/lib/libSDL3.a[121](SDL_clipboard.c.o)) was built for newer 'macOS' version (15.4) than being linked (13.4)
ld: warning: object file (/Users/bytedance/workspace/cemu_android/build/vcpkg_installed/arm64-osx/lib/libSDL3.a[122](SDL_egl.c.o)) was built for newer 'macOS' version (15.4) than being linked (13.4)
ld: warning: object file (/Users/bytedance/workspace/cemu_android/build/vcpkg_installed/arm64-osx/lib/libSDL3.a[123](SDL_fillrect.c.o)) was built for newer 'macOS' version (15.4) than being linked (13.4)
ld: warning: object file (/Users/bytedance/workspace/cemu_android/build/vcpkg_installed/arm64-osx/lib/libSDL3.a[124](SDL_pixels.c.o)) was built for newer 'macOS' version (15.4) than being linked (13.4)
ld: warning: object file (/Users/bytedance/workspace/cemu_android/build/vcpkg_installed/arm64-osx/lib/libSDL3.a[125](SDL_rect.c.o)) was built for newer 'macOS' version (15.4) than being linked (13.4)
ld: warning: object file (/Users/bytedance/workspace/cemu_android/build/vcpkg_installed/arm64-osx/lib/libSDL3.a[126](SDL_rotate.c.o)) was built for newer 'macOS' version (15.4) than being linked (13.4)
ld: warning: object file (/Users/bytedance/workspace/cemu_android/build/vcpkg_installed/arm64-osx/lib/libSDL3.a[127](SDL_stb.c.o)) was built for newer 'macOS' version (15.4) than being linked (13.4)
ld: warning: object file (/Users/bytedance/workspace/cemu_android/build/vcpkg_installed/arm64-osx/lib/libSDL3.a[128](SDL_stretch.c.o)) was built for newer 'macOS' version (15.4) than being linked (13.4)
ld: warning: object file (/Users/bytedance/workspace/cemu_android/build/vcpkg_installed/arm64-osx/lib/libSDL3.a[129](SDL_surface.c.o)) was built for newer 'macOS' version (15.4) than being linked (13.4)
ld: warning: object file (/Users/bytedance/workspace/cemu_android/build/vcpkg_installed/arm64-osx/lib/libSDL3.a[130](SDL_video.c.o)) was built for newer 'macOS' version (15.4) than being linked (13.4)
ld: warning: object file (/Users/bytedance/workspace/cemu_android/build/vcpkg_installed/arm64-osx/lib/libSDL3.a[131](SDL_video_unsupported.c.o)) was built for newer 'macOS' version (15.4) than being linked (13.4)
ld: warning: object file (/Users/bytedance/workspace/cemu_android/build/vcpkg_installed/arm64-osx/lib/libSDL3.a[133](SDL_yuv.c.o)) was built for newer 'macOS' version (15.4) than being linked (13.4)
ld: warning: object file (/Users/bytedance/workspace/cemu_android/build/vcpkg_installed/arm64-osx/lib/libSDL3.a[136](yuv_rgb_std.c.o)) was built for newer 'macOS' version (15.4) than being linked (13.4)
ld: warning: object file (/Users/bytedance/workspace/cemu_android/build/vcpkg_installed/arm64-osx/lib/libSDL3.a[162](SDL_dummyaudio.c.o)) was built for newer 'macOS' version (15.4) than being linked (13.4)
ld: warning: object file (/Users/bytedance/workspace/cemu_android/build/vcpkg_installed/arm64-osx/lib/libSDL3.a[163](SDL_diskaudio.c.o)) was built for newer 'macOS' version (15.4) than being linked (13.4)
ld: warning: object file (/Users/bytedance/workspace/cemu_android/build/vcpkg_installed/arm64-osx/lib/libSDL3.a[164](SDL_camera_dummy.c.o)) was built for newer 'macOS' version (15.4) than being linked (13.4)
ld: warning: object file (/Users/bytedance/workspace/cemu_android/build/vcpkg_installed/arm64-osx/lib/libSDL3.a[165](SDL_sysloadso.c.o)) was built for newer 'macOS' version (15.4) than being linked (13.4)
ld: warning: object file (/Users/bytedance/workspace/cemu_android/build/vcpkg_installed/arm64-osx/lib/libSDL3.a[166](SDL_virtualjoystick.c.o)) was built for newer 'macOS' version (15.4) than being linked (13.4)
ld: warning: object file (/Users/bytedance/workspace/cemu_android/build/vcpkg_installed/arm64-osx/lib/libSDL3.a[167](SDL_nullevents.c.o)) was built for newer 'macOS' version (15.4) than being linked (13.4)
ld: warning: object file (/Users/bytedance/workspace/cemu_android/build/vcpkg_installed/arm64-osx/lib/libSDL3.a[168](SDL_nullframebuffer.c.o)) was built for newer 'macOS' version (15.4) than being linked (13.4)
ld: warning: object file (/Users/bytedance/workspace/cemu_android/build/vcpkg_installed/arm64-osx/lib/libSDL3.a[169](SDL_nullvideo.c.o)) was built for newer 'macOS' version (15.4) than being linked (13.4)
ld: warning: object file (/Users/bytedance/workspace/cemu_android/build/vcpkg_installed/arm64-osx/lib/libSDL3.a[170](SDL_camera_coremedia.m.o)) was built for newer 'macOS' version (15.4) than being linked (13.4)
ld: warning: object file (/Users/bytedance/workspace/cemu_android/build/vcpkg_installed/arm64-osx/lib/libSDL3.a[171](SDL_sysurl.m.o)) was built for newer 'macOS' version (15.4) than being linked (13.4)
ld: warning: object file (/Users/bytedance/workspace/cemu_android/build/vcpkg_installed/arm64-osx/lib/libSDL3.a[172](SDL_coreaudio.m.o)) was built for newer 'macOS' version (15.4) than being linked (13.4)
ld: warning: object file (/Users/bytedance/workspace/cemu_android/build/vcpkg_installed/arm64-osx/lib/libSDL3.a[173](SDL_hidapi_8bitdo.c.o)) was built for newer 'macOS' version (15.4) than being linked (13.4)
ld: warning: object file (/Users/bytedance/workspace/cemu_android/build/vcpkg_installed/arm64-osx/lib/libSDL3.a[174](SDL_hidapi_combined.c.o)) was built for newer 'macOS' version (15.4) than being linked (13.4)
ld: warning: object file (/Users/bytedance/workspace/cemu_android/build/vcpkg_installed/arm64-osx/lib/libSDL3.a[175](SDL_hidapi_flydigi.c.o)) was built for newer 'macOS' version (15.4) than being linked (13.4)
ld: warning: object file (/Users/bytedance/workspace/cemu_android/build/vcpkg_installed/arm64-osx/lib/libSDL3.a[176](SDL_hidapi_gamecube.c.o)) was built for newer 'macOS' version (15.4) than being linked (13.4)
ld: warning: object file (/Users/bytedance/workspace/cemu_android/build/vcpkg_installed/arm64-osx/lib/libSDL3.a[177](SDL_hidapi_gip.c.o)) was built for newer 'macOS' version (15.4) than being linked (13.4)
ld: warning: object file (/Users/bytedance/workspace/cemu_android/build/vcpkg_installed/arm64-osx/lib/libSDL3.a[178](SDL_hidapi_lg4ff.c.o)) was built for newer 'macOS' version (15.4) than being linked (13.4)
ld: warning: object file (/Users/bytedance/workspace/cemu_android/build/vcpkg_installed/arm64-osx/lib/libSDL3.a[179](SDL_hidapi_luna.c.o)) was built for newer 'macOS' version (15.4) than being linked (13.4)
ld: warning: object file (/Users/bytedance/workspace/cemu_android/build/vcpkg_installed/arm64-osx/lib/libSDL3.a[180](SDL_hidapi_ps3.c.o)) was built for newer 'macOS' version (15.4) than being linked (13.4)
ld: warning: object file (/Users/bytedance/workspace/cemu_android/build/vcpkg_installed/arm64-osx/lib/libSDL3.a[181](SDL_hidapi_ps4.c.o)) was built for newer 'macOS' version (15.4) than being linked (13.4)
ld: warning: object file (/Users/bytedance/workspace/cemu_android/build/vcpkg_installed/arm64-osx/lib/libSDL3.a[182](SDL_hidapi_ps5.c.o)) was built for newer 'macOS' version (15.4) than being linked (13.4)
ld: warning: object file (/Users/bytedance/workspace/cemu_android/build/vcpkg_installed/arm64-osx/lib/libSDL3.a[183](SDL_hidapi_rumble.c.o)) was built for newer 'macOS' version (15.4) than being linked (13.4)
ld: warning: object file (/Users/bytedance/workspace/cemu_android/build/vcpkg_installed/arm64-osx/lib/libSDL3.a[184](SDL_hidapi_shield.c.o)) was built for newer 'macOS' version (15.4) than being linked (13.4)
ld: warning: object file (/Users/bytedance/workspace/cemu_android/build/vcpkg_installed/arm64-osx/lib/libSDL3.a[185](SDL_hidapi_sinput.c.o)) was built for newer 'macOS' version (15.4) than being linked (13.4)
ld: warning: object file (/Users/bytedance/workspace/cemu_android/build/vcpkg_installed/arm64-osx/lib/libSDL3.a[186](SDL_hidapi_stadia.c.o)) was built for newer 'macOS' version (15.4) than being linked (13.4)
ld: warning: object file (/Users/bytedance/workspace/cemu_android/build/vcpkg_installed/arm64-osx/lib/libSDL3.a[187](SDL_hidapi_steam.c.o)) was built for newer 'macOS' version (15.4) than being linked (13.4)
ld: warning: object file (/Users/bytedance/workspace/cemu_android/build/vcpkg_installed/arm64-osx/lib/libSDL3.a[188](SDL_hidapi_steam_hori.c.o)) was built for newer 'macOS' version (15.4) than being linked (13.4)
ld: warning: object file (/Users/bytedance/workspace/cemu_android/build/vcpkg_installed/arm64-osx/lib/libSDL3.a[189](SDL_hidapi_steam_triton.c.o)) was built for newer 'macOS' version (15.4) than being linked (13.4)
ld: warning: object file (/Users/bytedance/workspace/cemu_android/build/vcpkg_installed/arm64-osx/lib/libSDL3.a[190](SDL_hidapi_steamdeck.c.o)) was built for newer 'macOS' version (15.4) than being linked (13.4)
ld: warning: object file (/Users/bytedance/workspace/cemu_android/build/vcpkg_installed/arm64-osx/lib/libSDL3.a[191](SDL_hidapi_switch.c.o)) was built for newer 'macOS' version (15.4) than being linked (13.4)
ld: warning: object file (/Users/bytedance/workspace/cemu_android/build/vcpkg_installed/arm64-osx/lib/libSDL3.a[193](SDL_hidapi_wii.c.o)) was built for newer 'macOS' version (15.4) than being linked (13.4)
ld: warning: object file (/Users/bytedance/workspace/cemu_android/build/vcpkg_installed/arm64-osx/lib/libSDL3.a[194](SDL_hidapi_xbox360.c.o)) was built for newer 'macOS' version (15.4) than being linked (13.4)
ld: warning: object file (/Users/bytedance/workspace/cemu_android/build/vcpkg_installed/arm64-osx/lib/libSDL3.a[195](SDL_hidapi_xbox360w.c.o)) was built for newer 'macOS' version (15.4) than being linked (13.4)
ld: warning: object file (/Users/bytedance/workspace/cemu_android/build/vcpkg_installed/arm64-osx/lib/libSDL3.a[196](SDL_hidapi_xboxone.c.o)) was built for newer 'macOS' version (15.4) than being linked (13.4)
ld: warning: object file (/Users/bytedance/workspace/cemu_android/build/vcpkg_installed/arm64-osx/lib/libSDL3.a[197](SDL_hidapi_zuiki.c.o)) was built for newer 'macOS' version (15.4) than being linked (13.4)
ld: warning: object file (/Users/bytedance/workspace/cemu_android/build/vcpkg_installed/arm64-osx/lib/libSDL3.a[198](SDL_hidapijoystick.c.o)) was built for newer 'macOS' version (15.4) than being linked (13.4)
ld: warning: object file (/Users/bytedance/workspace/cemu_android/build/vcpkg_installed/arm64-osx/lib/libSDL3.a[199](SDL_report_descriptor.c.o)) was built for newer 'macOS' version (15.4) than being linked (13.4)
ld: warning: object file (/Users/bytedance/workspace/cemu_android/build/vcpkg_installed/arm64-osx/lib/libSDL3.a[200](SDL_hidapihaptic.c.o)) was built for newer 'macOS' version (15.4) than being linked (13.4)
ld: warning: object file (/Users/bytedance/workspace/cemu_android/build/vcpkg_installed/arm64-osx/lib/libSDL3.a[201](SDL_hidapihaptic_lg4ff.c.o)) was built for newer 'macOS' version (15.4) than being linked (13.4)
ld: warning: object file (/Users/bytedance/workspace/cemu_android/build/vcpkg_installed/arm64-osx/lib/libSDL3.a[202](SDL_mfijoystick.m.o)) was built for newer 'macOS' version (15.4) than being linked (13.4)
ld: warning: object file (/Users/bytedance/workspace/cemu_android/build/vcpkg_installed/arm64-osx/lib/libSDL3.a[203](SDL_iokitjoystick.c.o)) was built for newer 'macOS' version (15.4) than being linked (13.4)
ld: warning: object file (/Users/bytedance/workspace/cemu_android/build/vcpkg_installed/arm64-osx/lib/libSDL3.a[204](SDL_syshaptic.c.o)) was built for newer 'macOS' version (15.4) than being linked (13.4)
ld: warning: object file (/Users/bytedance/workspace/cemu_android/build/vcpkg_installed/arm64-osx/lib/libSDL3.a[205](SDL_syspower.c.o)) was built for newer 'macOS' version (15.4) than being linked (13.4)
ld: warning: object file (/Users/bytedance/workspace/cemu_android/build/vcpkg_installed/arm64-osx/lib/libSDL3.a[206](SDL_syslocale.m.o)) was built for newer 'macOS' version (15.4) than being linked (13.4)
ld: warning: object file (/Users/bytedance/workspace/cemu_android/build/vcpkg_installed/arm64-osx/lib/libSDL3.a[207](SDL_systime.c.o)) was built for newer 'macOS' version (15.4) than being linked (13.4)
ld: warning: object file (/Users/bytedance/workspace/cemu_android/build/vcpkg_installed/arm64-osx/lib/libSDL3.a[208](SDL_systimer.c.o)) was built for newer 'macOS' version (15.4) than being linked (13.4)
ld: warning: object file (/Users/bytedance/workspace/cemu_android/build/vcpkg_installed/arm64-osx/lib/libSDL3.a[209](SDL_sysfilesystem.m.o)) was built for newer 'macOS' version (15.4) than being linked (13.4)
ld: warning: object file (/Users/bytedance/workspace/cemu_android/build/vcpkg_installed/arm64-osx/lib/libSDL3.a[210](SDL_genericstorage.c.o)) was built for newer 'macOS' version (15.4) than being linked (13.4)
ld: warning: object file (/Users/bytedance/workspace/cemu_android/build/vcpkg_installed/arm64-osx/lib/libSDL3.a[211](SDL_steamstorage.c.o)) was built for newer 'macOS' version (15.4) than being linked (13.4)
ld: warning: object file (/Users/bytedance/workspace/cemu_android/build/vcpkg_installed/arm64-osx/lib/libSDL3.a[212](SDL_sysfsops.c.o)) was built for newer 'macOS' version (15.4) than being linked (13.4)
ld: warning: object file (/Users/bytedance/workspace/cemu_android/build/vcpkg_installed/arm64-osx/lib/libSDL3.a[213](SDL_cocoaclipboard.m.o)) was built for newer 'macOS' version (15.4) than being linked (13.4)
ld: warning: object file (/Users/bytedance/workspace/cemu_android/build/vcpkg_installed/arm64-osx/lib/libSDL3.a[214](SDL_cocoaevents.m.o)) was built for newer 'macOS' version (15.4) than being linked (13.4)
ld: warning: object file (/Users/bytedance/workspace/cemu_android/build/vcpkg_installed/arm64-osx/lib/libSDL3.a[215](SDL_cocoakeyboard.m.o)) was built for newer 'macOS' version (15.4) than being linked (13.4)
ld: warning: object file (/Users/bytedance/workspace/cemu_android/build/vcpkg_installed/arm64-osx/lib/libSDL3.a[216](SDL_cocoamessagebox.m.o)) was built for newer 'macOS' version (15.4) than being linked (13.4)
ld: warning: object file (/Users/bytedance/workspace/cemu_android/build/vcpkg_installed/arm64-osx/lib/libSDL3.a[217](SDL_cocoametalview.m.o)) was built for newer 'macOS' version (15.4) than being linked (13.4)
ld: warning: object file (/Users/bytedance/workspace/cemu_android/build/vcpkg_installed/arm64-osx/lib/libSDL3.a[218](SDL_cocoamodes.m.o)) was built for newer 'macOS' version (15.4) than being linked (13.4)
ld: warning: object file (/Users/bytedance/workspace/cemu_android/build/vcpkg_installed/arm64-osx/lib/libSDL3.a[219](SDL_cocoamouse.m.o)) was built for newer 'macOS' version (15.4) than being linked (13.4)
ld: warning: object file (/Users/bytedance/workspace/cemu_android/build/vcpkg_installed/arm64-osx/lib/libSDL3.a[220](SDL_cocoaopengl.m.o)) was built for newer 'macOS' version (15.4) than being linked (13.4)
ld: warning: object file (/Users/bytedance/workspace/cemu_android/build/vcpkg_installed/arm64-osx/lib/libSDL3.a[221](SDL_cocoaopengles.m.o)) was built for newer 'macOS' version (15.4) than being linked (13.4)
ld: warning: object file (/Users/bytedance/workspace/cemu_android/build/vcpkg_installed/arm64-osx/lib/libSDL3.a[222](SDL_cocoapen.m.o)) was built for newer 'macOS' version (15.4) than being linked (13.4)
ld: warning: object file (/Users/bytedance/workspace/cemu_android/build/vcpkg_installed/arm64-osx/lib/libSDL3.a[223](SDL_cocoashape.m.o)) was built for newer 'macOS' version (15.4) than being linked (13.4)
ld: warning: object file (/Users/bytedance/workspace/cemu_android/build/vcpkg_installed/arm64-osx/lib/libSDL3.a[224](SDL_cocoavideo.m.o)) was built for newer 'macOS' version (15.4) than being linked (13.4)
ld: warning: object file (/Users/bytedance/workspace/cemu_android/build/vcpkg_installed/arm64-osx/lib/libSDL3.a[226](SDL_cocoawindow.m.o)) was built for newer 'macOS' version (15.4) than being linked (13.4)
ld: warning: object file (/Users/bytedance/workspace/cemu_android/build/vcpkg_installed/arm64-osx/lib/libSDL3.a[227](SDL_render_metal.m.o)) was built for newer 'macOS' version (15.4) than being linked (13.4)
ld: warning: object file (/Users/bytedance/workspace/cemu_android/build/vcpkg_installed/arm64-osx/lib/libSDL3.a[228](SDL_tray.m.o)) was built for newer 'macOS' version (15.4) than being linked (13.4)
ld: warning: object file (/Users/bytedance/workspace/cemu_android/build/vcpkg_installed/arm64-osx/lib/libSDL3.a[229](SDL_systhread.c.o)) was built for newer 'macOS' version (15.4) than being linked (13.4)
ld: warning: object file (/Users/bytedance/workspace/cemu_android/build/vcpkg_installed/arm64-osx/lib/libSDL3.a[230](SDL_sysmutex.c.o)) was built for newer 'macOS' version (15.4) than being linked (13.4)
ld: warning: object file (/Users/bytedance/workspace/cemu_android/build/vcpkg_installed/arm64-osx/lib/libSDL3.a[231](SDL_syscond.c.o)) was built for newer 'macOS' version (15.4) than being linked (13.4)
ld: warning: object file (/Users/bytedance/workspace/cemu_android/build/vcpkg_installed/arm64-osx/lib/libSDL3.a[232](SDL_sysrwlock.c.o)) was built for newer 'macOS' version (15.4) than being linked (13.4)
ld: warning: object file (/Users/bytedance/workspace/cemu_android/build/vcpkg_installed/arm64-osx/lib/libSDL3.a[233](SDL_systls.c.o)) was built for newer 'macOS' version (15.4) than being linked (13.4)
ld: warning: object file (/Users/bytedance/workspace/cemu_android/build/vcpkg_installed/arm64-osx/lib/libSDL3.a[234](SDL_syssem.c.o)) was built for newer 'macOS' version (15.4) than being linked (13.4)
ld: warning: object file (/Users/bytedance/workspace/cemu_android/build/vcpkg_installed/arm64-osx/lib/libSDL3.a[235](SDL_dialog.c.o)) was built for newer 'macOS' version (15.4) than being linked (13.4)
ld: warning: object file (/Users/bytedance/workspace/cemu_android/build/vcpkg_installed/arm64-osx/lib/libSDL3.a[236](SDL_dialog_utils.c.o)) was built for newer 'macOS' version (15.4) than being linked (13.4)
ld: warning: object file (/Users/bytedance/workspace/cemu_android/build/vcpkg_installed/arm64-osx/lib/libSDL3.a[237](SDL_cocoadialog.m.o)) was built for newer 'macOS' version (15.4) than being linked (13.4)
ld: warning: object file (/Users/bytedance/workspace/cemu_android/build/vcpkg_installed/arm64-osx/lib/libSDL3.a[238](SDL_process.c.o)) was built for newer 'macOS' version (15.4) than being linked (13.4)
ld: warning: object file (/Users/bytedance/workspace/cemu_android/build/vcpkg_installed/arm64-osx/lib/libSDL3.a[239](SDL_posixprocess.c.o)) was built for newer 'macOS' version (15.4) than being linked (13.4)
ld: warning: object file (/Users/bytedance/workspace/cemu_android/build/vcpkg_installed/arm64-osx/lib/libSDL3.a[240](SDL_offscreenevents.c.o)) was built for newer 'macOS' version (15.4) than being linked (13.4)
ld: warning: object file (/Users/bytedance/workspace/cemu_android/build/vcpkg_installed/arm64-osx/lib/libSDL3.a[241](SDL_offscreenframebuffer.c.o)) was built for newer 'macOS' version (15.4) than being linked (13.4)
ld: warning: object file (/Users/bytedance/workspace/cemu_android/build/vcpkg_installed/arm64-osx/lib/libSDL3.a[242](SDL_offscreenopengles.c.o)) was built for newer 'macOS' version (15.4) than being linked (13.4)
ld: warning: object file (/Users/bytedance/workspace/cemu_android/build/vcpkg_installed/arm64-osx/lib/libSDL3.a[243](SDL_offscreenvideo.c.o)) was built for newer 'macOS' version (15.4) than being linked (13.4)
ld: warning: object file (/Users/bytedance/workspace/cemu_android/build/vcpkg_installed/arm64-osx/lib/libSDL3.a[245](SDL_offscreenwindow.c.o)) was built for newer 'macOS' version (15.4) than being linked (13.4)
ld: warning: object file (/Users/bytedance/workspace/cemu_android/build/vcpkg_installed/arm64-osx/lib/libSDL3.a[246](SDL_tray_utils.c.o)) was built for newer 'macOS' version (15.4) than being linked (13.4)
ld: warning: object file (/Users/bytedance/workspace/cemu_android/build/vcpkg_installed/arm64-osx/lib/libSDL3.a[247](SDL_gpu_metal.m.o)) was built for newer 'macOS' version (15.4) than being linked (13.4)
ld: warning: object file (/Users/bytedance/workspace/cemu_android/build/vcpkg_installed/arm64-osx/lib/libSDL3.a[248](SDL_dummysensor.c.o)) was built for newer 'macOS' version (15.4) than being linked (13.4)
ld: warning: object file (/Users/bytedance/workspace/cemu_android/build/vcpkg_installed/arm64-osx/lib/libSDL3.a[249](SDL_sysmain_callbacks.c.o)) was built for newer 'macOS' version (15.4) than being linked (13.4)
ld: warning: object file (/Users/bytedance/workspace/cemu_android/build/vcpkg_installed/arm64-osx/lib/libboost_program_options.a[2](cmdline.cpp.o)) was built for newer 'macOS' version (15.4) than being linked (13.4)
ld: warning: object file (/Users/bytedance/workspace/cemu_android/build/vcpkg_installed/arm64-osx/lib/libboost_program_options.a[3](config_file.cpp.o)) was built for newer 'macOS' version (15.4) than being linked (13.4)
ld: warning: object file (/Users/bytedance/workspace/cemu_android/build/vcpkg_installed/arm64-osx/lib/libboost_program_options.a[4](convert.cpp.o)) was built for newer 'macOS' version (15.4) than being linked (13.4)
ld: warning: object file (/Users/bytedance/workspace/cemu_android/build/vcpkg_installed/arm64-osx/lib/libboost_program_options.a[5](options_description.cpp.o)) was built for newer 'macOS' version (15.4) than being linked (13.4)
ld: warning: object file (/Users/bytedance/workspace/cemu_android/build/vcpkg_installed/arm64-osx/lib/libboost_program_options.a[6](parsers.cpp.o)) was built for newer 'macOS' version (15.4) than being linked (13.4)
ld: warning: object file (/Users/bytedance/workspace/cemu_android/build/vcpkg_installed/arm64-osx/lib/libboost_program_options.a[7](positional_options.cpp.o)) was built for newer 'macOS' version (15.4) than being linked (13.4)
ld: warning: object file (/Users/bytedance/workspace/cemu_android/build/vcpkg_installed/arm64-osx/lib/libboost_program_options.a[9](utf8_codecvt_facet.cpp.o)) was built for newer 'macOS' version (15.4) than being linked (13.4)
ld: warning: object file (/Users/bytedance/workspace/cemu_android/build/vcpkg_installed/arm64-osx/lib/libboost_program_options.a[10](value_semantic.cpp.o)) was built for newer 'macOS' version (15.4) than being linked (13.4)
ld: warning: object file (/Users/bytedance/workspace/cemu_android/build/vcpkg_installed/arm64-osx/lib/libboost_program_options.a[11](variables_map.cpp.o)) was built for newer 'macOS' version (15.4) than being linked (13.4)
ld: warning: object file (/Users/bytedance/workspace/cemu_android/build/vcpkg_installed/arm64-osx/lib/libglslang.a[3](CodeGen.cpp.o)) was built for newer 'macOS' version (15.4) than being linked (13.4)
ld: warning: object file (/Users/bytedance/workspace/cemu_android/build/vcpkg_installed/arm64-osx/lib/libglslang.a[4](Link.cpp.o)) was built for newer 'macOS' version (15.4) than being linked (13.4)
ld: warning: object file (/Users/bytedance/workspace/cemu_android/build/vcpkg_installed/arm64-osx/lib/libglslang.a[6](glslang_tab.cpp.o)) was built for newer 'macOS' version (15.4) than being linked (13.4)
ld: warning: object file (/Users/bytedance/workspace/cemu_android/build/vcpkg_installed/arm64-osx/lib/libglslang.a[7](attribute.cpp.o)) was built for newer 'macOS' version (15.4) than being linked (13.4)
ld: warning: object file (/Users/bytedance/workspace/cemu_android/build/vcpkg_installed/arm64-osx/lib/libglslang.a[8](Constant.cpp.o)) was built for newer 'macOS' version (15.4) than being linked (13.4)
ld: warning: object file (/Users/bytedance/workspace/cemu_android/build/vcpkg_installed/arm64-osx/lib/libglslang.a[9](iomapper.cpp.o)) was built for newer 'macOS' version (15.4) than being linked (13.4)
ld: warning: object file (/Users/bytedance/workspace/cemu_android/build/vcpkg_installed/arm64-osx/lib/libglslang.a[10](InfoSink.cpp.o)) was built for newer 'macOS' version (15.4) than being linked (13.4)
ld: warning: object file (/Users/bytedance/workspace/cemu_android/build/vcpkg_installed/arm64-osx/lib/libglslang.a[11](Initialize.cpp.o)) was built for newer 'macOS' version (15.4) than being linked (13.4)
ld: warning: object file (/Users/bytedance/workspace/cemu_android/build/vcpkg_installed/arm64-osx/lib/libglslang.a[12](IntermTraverse.cpp.o)) was built for newer 'macOS' version (15.4) than being linked (13.4)
ld: warning: object file (/Users/bytedance/workspace/cemu_android/build/vcpkg_installed/arm64-osx/lib/libglslang.a[13](Intermediate.cpp.o)) was built for newer 'macOS' version (15.4) than being linked (13.4)
ld: warning: object file (/Users/bytedance/workspace/cemu_android/build/vcpkg_installed/arm64-osx/lib/libglslang.a[14](ParseContextBase.cpp.o)) was built for newer 'macOS' version (15.4) than being linked (13.4)
ld: warning: object file (/Users/bytedance/workspace/cemu_android/build/vcpkg_installed/arm64-osx/lib/libglslang.a[15](ParseHelper.cpp.o)) was built for newer 'macOS' version (15.4) than being linked (13.4)
ld: warning: object file (/Users/bytedance/workspace/cemu_android/build/vcpkg_installed/arm64-osx/lib/libglslang.a[16](PoolAlloc.cpp.o)) was built for newer 'macOS' version (15.4) than being linked (13.4)
ld: warning: object file (/Users/bytedance/workspace/cemu_android/build/vcpkg_installed/arm64-osx/lib/libglslang.a[17](RemoveTree.cpp.o)) was built for newer 'macOS' version (15.4) than being linked (13.4)
ld: warning: object file (/Users/bytedance/workspace/cemu_android/build/vcpkg_installed/arm64-osx/lib/libglslang.a[18](Scan.cpp.o)) was built for newer 'macOS' version (15.4) than being linked (13.4)
ld: warning: object file (/Users/bytedance/workspace/cemu_android/build/vcpkg_installed/arm64-osx/lib/libglslang.a[19](ShaderLang.cpp.o)) was built for newer 'macOS' version (15.4) than being linked (13.4)
ld: warning: object file (/Users/bytedance/workspace/cemu_android/build/vcpkg_installed/arm64-osx/lib/libglslang.a[20](SpirvIntrinsics.cpp.o)) was built for newer 'macOS' version (15.4) than being linked (13.4)
ld: warning: object file (/Users/bytedance/workspace/cemu_android/build/vcpkg_installed/arm64-osx/lib/libglslang.a[21](SymbolTable.cpp.o)) was built for newer 'macOS' version (15.4) than being linked (13.4)
ld: warning: object file (/Users/bytedance/workspace/cemu_android/build/vcpkg_installed/arm64-osx/lib/libglslang.a[22](Versions.cpp.o)) was built for newer 'macOS' version (15.4) than being linked (13.4)
ld: warning: object file (/Users/bytedance/workspace/cemu_android/build/vcpkg_installed/arm64-osx/lib/libglslang.a[23](intermOut.cpp.o)) was built for newer 'macOS' version (15.4) than being linked (13.4)
ld: warning: object file (/Users/bytedance/workspace/cemu_android/build/vcpkg_installed/arm64-osx/lib/libglslang.a[24](limits.cpp.o)) was built for newer 'macOS' version (15.4) than being linked (13.4)
ld: warning: object file (/Users/bytedance/workspace/cemu_android/build/vcpkg_installed/arm64-osx/lib/libglslang.a[25](linkValidate.cpp.o)) was built for newer 'macOS' version (15.4) than being linked (13.4)
ld: warning: object file (/Users/bytedance/workspace/cemu_android/build/vcpkg_installed/arm64-osx/lib/libglslang.a[26](parseConst.cpp.o)) was built for newer 'macOS' version (15.4) than being linked (13.4)
ld: warning: object file (/Users/bytedance/workspace/cemu_android/build/vcpkg_installed/arm64-osx/lib/libglslang.a[27](reflection.cpp.o)) was built for newer 'macOS' version (15.4) than being linked (13.4)
ld: warning: object file (/Users/bytedance/workspace/cemu_android/build/vcpkg_installed/arm64-osx/lib/libglslang.a[28](Pp.cpp.o)) was built for newer 'macOS' version (15.4) than being linked (13.4)
ld: warning: object file (/Users/bytedance/workspace/cemu_android/build/vcpkg_installed/arm64-osx/lib/libglslang.a[29](PpAtom.cpp.o)) was built for newer 'macOS' version (15.4) than being linked (13.4)
ld: warning: object file (/Users/bytedance/workspace/cemu_android/build/vcpkg_installed/arm64-osx/lib/libglslang.a[30](PpContext.cpp.o)) was built for newer 'macOS' version (15.4) than being linked (13.4)
ld: warning: object file (/Users/bytedance/workspace/cemu_android/build/vcpkg_installed/arm64-osx/lib/libglslang.a[31](PpScanner.cpp.o)) was built for newer 'macOS' version (15.4) than being linked (13.4)
ld: warning: object file (/Users/bytedance/workspace/cemu_android/build/vcpkg_installed/arm64-osx/lib/libglslang.a[32](PpTokens.cpp.o)) was built for newer 'macOS' version (15.4) than being linked (13.4)
ld: warning: object file (/Users/bytedance/workspace/cemu_android/build/vcpkg_installed/arm64-osx/lib/libglslang.a[33](propagateNoContraction.cpp.o)) was built for newer 'macOS' version (15.4) than being linked (13.4)
ld: warning: object file (/Users/bytedance/workspace/cemu_android/build/vcpkg_installed/arm64-osx/lib/libglslang.a[34](hlslAttributes.cpp.o)) was built for newer 'macOS' version (15.4) than being linked (13.4)
ld: warning: object file (/Users/bytedance/workspace/cemu_android/build/vcpkg_installed/arm64-osx/lib/libglslang.a[35](hlslParseHelper.cpp.o)) was built for newer 'macOS' version (15.4) than being linked (13.4)
ld: warning: object file (/Users/bytedance/workspace/cemu_android/build/vcpkg_installed/arm64-osx/lib/libglslang.a[36](hlslScanContext.cpp.o)) was built for newer 'macOS' version (15.4) than being linked (13.4)
ld: warning: object file (/Users/bytedance/workspace/cemu_android/build/vcpkg_installed/arm64-osx/lib/libglslang.a[37](hlslOpMap.cpp.o)) was built for newer 'macOS' version (15.4) than being linked (13.4)
ld: warning: object file (/Users/bytedance/workspace/cemu_android/build/vcpkg_installed/arm64-osx/lib/libglslang.a[38](hlslTokenStream.cpp.o)) was built for newer 'macOS' version (15.4) than being linked (13.4)
ld: warning: object file (/Users/bytedance/workspace/cemu_android/build/vcpkg_installed/arm64-osx/lib/libglslang.a[39](hlslGrammar.cpp.o)) was built for newer 'macOS' version (15.4) than being linked (13.4)
ld: warning: object file (/Users/bytedance/workspace/cemu_android/build/vcpkg_installed/arm64-osx/lib/libglslang.a[40](hlslParseables.cpp.o)) was built for newer 'macOS' version (15.4) than being linked (13.4)
ld: warning: object file (/Users/bytedance/workspace/cemu_android/build/vcpkg_installed/arm64-osx/lib/libglslang.a[41](GlslangToSpv.cpp.o)) was built for newer 'macOS' version (15.4) than being linked (13.4)
ld: warning: object file (/Users/bytedance/workspace/cemu_android/build/vcpkg_installed/arm64-osx/lib/libglslang.a[42](InReadableOrder.cpp.o)) was built for newer 'macOS' version (15.4) than being linked (13.4)
ld: warning: object file (/Users/bytedance/workspace/cemu_android/build/vcpkg_installed/arm64-osx/lib/libglslang.a[43](Logger.cpp.o)) was built for newer 'macOS' version (15.4) than being linked (13.4)
ld: warning: object file (/Users/bytedance/workspace/cemu_android/build/vcpkg_installed/arm64-osx/lib/libglslang.a[44](SpvBuilder.cpp.o)) was built for newer 'macOS' version (15.4) than being linked (13.4)
ld: warning: object file (/Users/bytedance/workspace/cemu_android/build/vcpkg_installed/arm64-osx/lib/libglslang.a[45](SpvPostProcess.cpp.o)) was built for newer 'macOS' version (15.4) than being linked (13.4)
ld: warning: object file (/Users/bytedance/workspace/cemu_android/build/vcpkg_installed/arm64-osx/lib/libzstd.a[3](entropy_common.c.o)) was built for newer 'macOS' version (15.4) than being linked (13.4)
ld: warning: object file (/Users/bytedance/workspace/cemu_android/build/vcpkg_installed/arm64-osx/lib/libzstd.a[4](error_private.c.o)) was built for newer 'macOS' version (15.4) than being linked (13.4)
ld: warning: object file (/Users/bytedance/workspace/cemu_android/build/vcpkg_installed/arm64-osx/lib/libzstd.a[5](fse_decompress.c.o)) was built for newer 'macOS' version (15.4) than being linked (13.4)
ld: warning: object file (/Users/bytedance/workspace/cemu_android/build/vcpkg_installed/arm64-osx/lib/libzstd.a[6](pool.c.o)) was built for newer 'macOS' version (15.4) than being linked (13.4)
ld: warning: object file (/Users/bytedance/workspace/cemu_android/build/vcpkg_installed/arm64-osx/lib/libzstd.a[8](xxhash.c.o)) was built for newer 'macOS' version (15.4) than being linked (13.4)
ld: warning: object file (/Users/bytedance/workspace/cemu_android/build/vcpkg_installed/arm64-osx/lib/libzstd.a[9](zstd_common.c.o)) was built for newer 'macOS' version (15.4) than being linked (13.4)
ld: warning: object file (/Users/bytedance/workspace/cemu_android/build/vcpkg_installed/arm64-osx/lib/libzstd.a[10](fse_compress.c.o)) was built for newer 'macOS' version (15.4) than being linked (13.4)
ld: warning: object file (/Users/bytedance/workspace/cemu_android/build/vcpkg_installed/arm64-osx/lib/libzstd.a[11](hist.c.o)) was built for newer 'macOS' version (15.4) than being linked (13.4)
ld: warning: object file (/Users/bytedance/workspace/cemu_android/build/vcpkg_installed/arm64-osx/lib/libzstd.a[12](huf_compress.c.o)) was built for newer 'macOS' version (15.4) than being linked (13.4)
ld: warning: object file (/Users/bytedance/workspace/cemu_android/build/vcpkg_installed/arm64-osx/lib/libzstd.a[13](zstd_compress.c.o)) was built for newer 'macOS' version (15.4) than being linked (13.4)
ld: warning: object file (/Users/bytedance/workspace/cemu_android/build/vcpkg_installed/arm64-osx/lib/libzstd.a[14](zstd_compress_literals.c.o)) was built for newer 'macOS' version (15.4) than being linked (13.4)
ld: warning: object file (/Users/bytedance/workspace/cemu_android/build/vcpkg_installed/arm64-osx/lib/libzstd.a[15](zstd_compress_sequences.c.o)) was built for newer 'macOS' version (15.4) than being linked (13.4)
ld: warning: object file (/Users/bytedance/workspace/cemu_android/build/vcpkg_installed/arm64-osx/lib/libzstd.a[16](zstd_compress_superblock.c.o)) was built for newer 'macOS' version (15.4) than being linked (13.4)
ld: warning: object file (/Users/bytedance/workspace/cemu_android/build/vcpkg_installed/arm64-osx/lib/libzstd.a[17](zstd_double_fast.c.o)) was built for newer 'macOS' version (15.4) than being linked (13.4)
ld: warning: object file (/Users/bytedance/workspace/cemu_android/build/vcpkg_installed/arm64-osx/lib/libzstd.a[18](zstd_fast.c.o)) was built for newer 'macOS' version (15.4) than being linked (13.4)
ld: warning: object file (/Users/bytedance/workspace/cemu_android/build/vcpkg_installed/arm64-osx/lib/libzstd.a[19](zstd_lazy.c.o)) was built for newer 'macOS' version (15.4) than being linked (13.4)
ld: warning: object file (/Users/bytedance/workspace/cemu_android/build/vcpkg_installed/arm64-osx/lib/libzstd.a[20](zstd_ldm.c.o)) was built for newer 'macOS' version (15.4) than being linked (13.4)
ld: warning: object file (/Users/bytedance/workspace/cemu_android/build/vcpkg_installed/arm64-osx/lib/libzstd.a[21](zstd_opt.c.o)) was built for newer 'macOS' version (15.4) than being linked (13.4)
ld: warning: object file (/Users/bytedance/workspace/cemu_android/build/vcpkg_installed/arm64-osx/lib/libzstd.a[22](zstd_preSplit.c.o)) was built for newer 'macOS' version (15.4) than being linked (13.4)
ld: warning: object file (/Users/bytedance/workspace/cemu_android/build/vcpkg_installed/arm64-osx/lib/libzstd.a[23](zstdmt_compress.c.o)) was built for newer 'macOS' version (15.4) than being linked (13.4)
ld: warning: object file (/Users/bytedance/workspace/cemu_android/build/vcpkg_installed/arm64-osx/lib/libzstd.a[24](huf_decompress.c.o)) was built for newer 'macOS' version (15.4) than being linked (13.4)
ld: warning: object file (/Users/bytedance/workspace/cemu_android/build/vcpkg_installed/arm64-osx/lib/libzstd.a[25](zstd_ddict.c.o)) was built for newer 'macOS' version (15.4) than being linked (13.4)
ld: warning: object file (/Users/bytedance/workspace/cemu_android/build/vcpkg_installed/arm64-osx/lib/libzstd.a[26](zstd_decompress.c.o)) was built for newer 'macOS' version (15.4) than being linked (13.4)
ld: warning: object file (/Users/bytedance/workspace/cemu_android/build/vcpkg_installed/arm64-osx/lib/libzstd.a[27](zstd_decompress_block.c.o)) was built for newer 'macOS' version (15.4) than being linked (13.4)
ld: warning: object file (/Users/bytedance/workspace/cemu_android/build/vcpkg_installed/arm64-osx/lib/libzstd.a[36](zstd_v05.c.o)) was built for newer 'macOS' version (15.4) than being linked (13.4)
ld: warning: object file (/Users/bytedance/workspace/cemu_android/build/vcpkg_installed/arm64-osx/lib/libzstd.a[37](zstd_v06.c.o)) was built for newer 'macOS' version (15.4) than being linked (13.4)
ld: warning: object file (/Users/bytedance/workspace/cemu_android/build/vcpkg_installed/arm64-osx/lib/libzstd.a[38](zstd_v07.c.o)) was built for newer 'macOS' version (15.4) than being linked (13.4)
ld: warning: object file (/Users/bytedance/workspace/cemu_android/build/vcpkg_installed/arm64-osx/lib/libpugixml.a[2](pugixml.cpp.o)) was built for newer 'macOS' version (15.4) than being linked (13.4)
ld: warning: object file (/Users/bytedance/workspace/cemu_android/build/vcpkg_installed/arm64-osx/lib/libcurl.a[2](altsvc.c.o)) was built for newer 'macOS' version (15.4) than being linked (13.4)
ld: warning: object file (/Users/bytedance/workspace/cemu_android/build/vcpkg_installed/arm64-osx/lib/libcurl.a[5](asyn-base.c.o)) was built for newer 'macOS' version (15.4) than being linked (13.4)
ld: warning: object file (/Users/bytedance/workspace/cemu_android/build/vcpkg_installed/arm64-osx/lib/libcurl.a[6](asyn-thrdd.c.o)) was built for newer 'macOS' version (15.4) than being linked (13.4)
ld: warning: object file (/Users/bytedance/workspace/cemu_android/build/vcpkg_installed/arm64-osx/lib/libcurl.a[7](bufq.c.o)) was built for newer 'macOS' version (15.4) than being linked (13.4)
ld: warning: object file (/Users/bytedance/workspace/cemu_android/build/vcpkg_installed/arm64-osx/lib/libcurl.a[8](bufref.c.o)) was built for newer 'macOS' version (15.4) than being linked (13.4)
ld: warning: object file (/Users/bytedance/workspace/cemu_android/build/vcpkg_installed/arm64-osx/lib/libcurl.a[9](cf-h1-proxy.c.o)) was built for newer 'macOS' version (15.4) than being linked (13.4)
ld: warning: object file (/Users/bytedance/workspace/cemu_android/build/vcpkg_installed/arm64-osx/lib/libcurl.a[11](cf-haproxy.c.o)) was built for newer 'macOS' version (15.4) than being linked (13.4)
ld: warning: object file (/Users/bytedance/workspace/cemu_android/build/vcpkg_installed/arm64-osx/lib/libcurl.a[12](cf-https-connect.c.o)) was built for newer 'macOS' version (15.4) than being linked (13.4)
ld: warning: object file (/Users/bytedance/workspace/cemu_android/build/vcpkg_installed/arm64-osx/lib/libcurl.a[13](cf-socket.c.o)) was built for newer 'macOS' version (15.4) than being linked (13.4)
ld: warning: object file (/Users/bytedance/workspace/cemu_android/build/vcpkg_installed/arm64-osx/lib/libcurl.a[14](cfilters.c.o)) was built for newer 'macOS' version (15.4) than being linked (13.4)
ld: warning: object file (/Users/bytedance/workspace/cemu_android/build/vcpkg_installed/arm64-osx/lib/libcurl.a[15](conncache.c.o)) was built for newer 'macOS' version (15.4) than being linked (13.4)
ld: warning: object file (/Users/bytedance/workspace/cemu_android/build/vcpkg_installed/arm64-osx/lib/libcurl.a[16](connect.c.o)) was built for newer 'macOS' version (15.4) than being linked (13.4)
ld: warning: object file (/Users/bytedance/workspace/cemu_android/build/vcpkg_installed/arm64-osx/lib/libcurl.a[17](content_encoding.c.o)) was built for newer 'macOS' version (15.4) than being linked (13.4)
ld: warning: object file (/Users/bytedance/workspace/cemu_android/build/vcpkg_installed/arm64-osx/lib/libcurl.a[18](cookie.c.o)) was built for newer 'macOS' version (15.4) than being linked (13.4)
ld: warning: object file (/Users/bytedance/workspace/cemu_android/build/vcpkg_installed/arm64-osx/lib/libcurl.a[19](cshutdn.c.o)) was built for newer 'macOS' version (15.4) than being linked (13.4)
ld: warning: object file (/Users/bytedance/workspace/cemu_android/build/vcpkg_installed/arm64-osx/lib/libcurl.a[20](curl_addrinfo.c.o)) was built for newer 'macOS' version (15.4) than being linked (13.4)
ld: warning: object file (/Users/bytedance/workspace/cemu_android/build/vcpkg_installed/arm64-osx/lib/libcurl.a[22](curl_endian.c.o)) was built for newer 'macOS' version (15.4) than being linked (13.4)
ld: warning: object file (/Users/bytedance/workspace/cemu_android/build/vcpkg_installed/arm64-osx/lib/libcurl.a[24](curl_get_line.c.o)) was built for newer 'macOS' version (15.4) than being linked (13.4)
ld: warning: object file (/Users/bytedance/workspace/cemu_android/build/vcpkg_installed/arm64-osx/lib/libcurl.a[27](curl_memrchr.c.o)) was built for newer 'macOS' version (15.4) than being linked (13.4)
ld: warning: object file (/Users/bytedance/workspace/cemu_android/build/vcpkg_installed/arm64-osx/lib/libcurl.a[28](curl_ntlm_core.c.o)) was built for newer 'macOS' version (15.4) than being linked (13.4)
ld: warning: object file (/Users/bytedance/workspace/cemu_android/build/vcpkg_installed/arm64-osx/lib/libcurl.a[32](curl_sha512_256.c.o)) was built for newer 'macOS' version (15.4) than being linked (13.4)
ld: warning: object file (/Users/bytedance/workspace/cemu_android/build/vcpkg_installed/arm64-osx/lib/libcurl.a[34](curl_threads.c.o)) was built for newer 'macOS' version (15.4) than being linked (13.4)
ld: warning: object file (/Users/bytedance/workspace/cemu_android/build/vcpkg_installed/arm64-osx/lib/libcurl.a[35](curl_trc.c.o)) was built for newer 'macOS' version (15.4) than being linked (13.4)
ld: warning: object file (/Users/bytedance/workspace/cemu_android/build/vcpkg_installed/arm64-osx/lib/libcurl.a[36](cw-out.c.o)) was built for newer 'macOS' version (15.4) than being linked (13.4)
ld: warning: object file (/Users/bytedance/workspace/cemu_android/build/vcpkg_installed/arm64-osx/lib/libcurl.a[37](cw-pause.c.o)) was built for newer 'macOS' version (15.4) than being linked (13.4)
ld: warning: object file (/Users/bytedance/workspace/cemu_android/build/vcpkg_installed/arm64-osx/lib/libcurl.a[39](doh.c.o)) was built for newer 'macOS' version (15.4) than being linked (13.4)
ld: warning: object file (/Users/bytedance/workspace/cemu_android/build/vcpkg_installed/arm64-osx/lib/libcurl.a[40](dynhds.c.o)) was built for newer 'macOS' version (15.4) than being linked (13.4)
ld: warning: object file (/Users/bytedance/workspace/cemu_android/build/vcpkg_installed/arm64-osx/lib/libcurl.a[41](easy.c.o)) was built for newer 'macOS' version (15.4) than being linked (13.4)
ld: warning: object file (/Users/bytedance/workspace/cemu_android/build/vcpkg_installed/arm64-osx/lib/libcurl.a[44](escape.c.o)) was built for newer 'macOS' version (15.4) than being linked (13.4)
ld: warning: object file (/Users/bytedance/workspace/cemu_android/build/vcpkg_installed/arm64-osx/lib/libcurl.a[48](fopen.c.o)) was built for newer 'macOS' version (15.4) than being linked (13.4)
ld: warning: object file (/Users/bytedance/workspace/cemu_android/build/vcpkg_installed/arm64-osx/lib/libcurl.a[49](formdata.c.o)) was built for newer 'macOS' version (15.4) than being linked (13.4)
ld: warning: object file (/Users/bytedance/workspace/cemu_android/build/vcpkg_installed/arm64-osx/lib/libcurl.a[52](getenv.c.o)) was built for newer 'macOS' version (15.4) than being linked (13.4)
ld: warning: object file (/Users/bytedance/workspace/cemu_android/build/vcpkg_installed/arm64-osx/lib/libcurl.a[53](getinfo.c.o)) was built for newer 'macOS' version (15.4) than being linked (13.4)
ld: warning: object file (/Users/bytedance/workspace/cemu_android/build/vcpkg_installed/arm64-osx/lib/libcurl.a[55](hash.c.o)) was built for newer 'macOS' version (15.4) than being linked (13.4)
ld: warning: object file (/Users/bytedance/workspace/cemu_android/build/vcpkg_installed/arm64-osx/lib/libcurl.a[56](headers.c.o)) was built for newer 'macOS' version (15.4) than being linked (13.4)
ld: warning: object file (/Users/bytedance/workspace/cemu_android/build/vcpkg_installed/arm64-osx/lib/libcurl.a[57](hmac.c.o)) was built for newer 'macOS' version (15.4) than being linked (13.4)
ld: warning: object file (/Users/bytedance/workspace/cemu_android/build/vcpkg_installed/arm64-osx/lib/libcurl.a[58](hostip.c.o)) was built for newer 'macOS' version (15.4) than being linked (13.4)
ld: warning: object file (/Users/bytedance/workspace/cemu_android/build/vcpkg_installed/arm64-osx/lib/libcurl.a[61](hsts.c.o)) was built for newer 'macOS' version (15.4) than being linked (13.4)
ld: warning: object file (/Users/bytedance/workspace/cemu_android/build/vcpkg_installed/arm64-osx/lib/libcurl.a[62](http.c.o)) was built for newer 'macOS' version (15.4) than being linked (13.4)
ld: warning: object file (/Users/bytedance/workspace/cemu_android/build/vcpkg_installed/arm64-osx/lib/libcurl.a[63](http1.c.o)) was built for newer 'macOS' version (15.4) than being linked (13.4)
ld: warning: object file (/Users/bytedance/workspace/cemu_android/build/vcpkg_installed/arm64-osx/lib/libcurl.a[65](http_aws_sigv4.c.o)) was built for newer 'macOS' version (15.4) than being linked (13.4)
ld: warning: object file (/Users/bytedance/workspace/cemu_android/build/vcpkg_installed/arm64-osx/lib/libcurl.a[66](http_chunks.c.o)) was built for newer 'macOS' version (15.4) than being linked (13.4)
ld: warning: object file (/Users/bytedance/workspace/cemu_android/build/vcpkg_installed/arm64-osx/lib/libcurl.a[67](http_digest.c.o)) was built for newer 'macOS' version (15.4) than being linked (13.4)
ld: warning: object file (/Users/bytedance/workspace/cemu_android/build/vcpkg_installed/arm64-osx/lib/libcurl.a[69](http_ntlm.c.o)) was built for newer 'macOS' version (15.4) than being linked (13.4)
ld: warning: object file (/Users/bytedance/workspace/cemu_android/build/vcpkg_installed/arm64-osx/lib/libcurl.a[70](http_proxy.c.o)) was built for newer 'macOS' version (15.4) than being linked (13.4)
ld: warning: object file (/Users/bytedance/workspace/cemu_android/build/vcpkg_installed/arm64-osx/lib/libcurl.a[72](idn.c.o)) was built for newer 'macOS' version (15.4) than being linked (13.4)
ld: warning: object file (/Users/bytedance/workspace/cemu_android/build/vcpkg_installed/arm64-osx/lib/libcurl.a[73](if2ip.c.o)) was built for newer 'macOS' version (15.4) than being linked (13.4)
ld: warning: object file (/Users/bytedance/workspace/cemu_android/build/vcpkg_installed/arm64-osx/lib/libcurl.a[78](llist.c.o)) was built for newer 'macOS' version (15.4) than being linked (13.4)
ld: warning: object file (/Users/bytedance/workspace/cemu_android/build/vcpkg_installed/arm64-osx/lib/libcurl.a[79](macos.c.o)) was built for newer 'macOS' version (15.4) than being linked (13.4)
ld: warning: object file (/Users/bytedance/workspace/cemu_android/build/vcpkg_installed/arm64-osx/lib/libcurl.a[80](md4.c.o)) was built for newer 'macOS' version (15.4) than being linked (13.4)
ld: warning: object file (/Users/bytedance/workspace/cemu_android/build/vcpkg_installed/arm64-osx/lib/libcurl.a[81](md5.c.o)) was built for newer 'macOS' version (15.4) than being linked (13.4)
ld: warning: object file (/Users/bytedance/workspace/cemu_android/build/vcpkg_installed/arm64-osx/lib/libcurl.a[83](mime.c.o)) was built for newer 'macOS' version (15.4) than being linked (13.4)
ld: warning: object file (/Users/bytedance/workspace/cemu_android/build/vcpkg_installed/arm64-osx/lib/libcurl.a[84](mprintf.c.o)) was built for newer 'macOS' version (15.4) than being linked (13.4)
ld: warning: object file (/Users/bytedance/workspace/cemu_android/build/vcpkg_installed/arm64-osx/lib/libcurl.a[86](multi.c.o)) was built for newer 'macOS' version (15.4) than being linked (13.4)
ld: warning: object file (/Users/bytedance/workspace/cemu_android/build/vcpkg_installed/arm64-osx/lib/libcurl.a[87](multi_ev.c.o)) was built for newer 'macOS' version (15.4) than being linked (13.4)
ld: warning: object file (/Users/bytedance/workspace/cemu_android/build/vcpkg_installed/arm64-osx/lib/libcurl.a[88](netrc.c.o)) was built for newer 'macOS' version (15.4) than being linked (13.4)
ld: warning: object file (/Users/bytedance/workspace/cemu_android/build/vcpkg_installed/arm64-osx/lib/libcurl.a[89](noproxy.c.o)) was built for newer 'macOS' version (15.4) than being linked (13.4)
ld: warning: object file (/Users/bytedance/workspace/cemu_android/build/vcpkg_installed/arm64-osx/lib/libcurl.a[91](parsedate.c.o)) was built for newer 'macOS' version (15.4) than being linked (13.4)
ld: warning: object file (/Users/bytedance/workspace/cemu_android/build/vcpkg_installed/arm64-osx/lib/libcurl.a[94](progress.c.o)) was built for newer 'macOS' version (15.4) than being linked (13.4)
ld: warning: object file (/Users/bytedance/workspace/cemu_android/build/vcpkg_installed/arm64-osx/lib/libcurl.a[96](rand.c.o)) was built for newer 'macOS' version (15.4) than being linked (13.4)
ld: warning: object file (/Users/bytedance/workspace/cemu_android/build/vcpkg_installed/arm64-osx/lib/libcurl.a[97](rename.c.o)) was built for newer 'macOS' version (15.4) than being linked (13.4)
ld: warning: object file (/Users/bytedance/workspace/cemu_android/build/vcpkg_installed/arm64-osx/lib/libcurl.a[98](request.c.o)) was built for newer 'macOS' version (15.4) than being linked (13.4)
ld: warning: object file (/Users/bytedance/workspace/cemu_android/build/vcpkg_installed/arm64-osx/lib/libcurl.a[100](select.c.o)) was built for newer 'macOS' version (15.4) than being linked (13.4)
ld: warning: object file (/Users/bytedance/workspace/cemu_android/build/vcpkg_installed/arm64-osx/lib/libcurl.a[101](sendf.c.o)) was built for newer 'macOS' version (15.4) than being linked (13.4)
ld: warning: object file (/Users/bytedance/workspace/cemu_android/build/vcpkg_installed/arm64-osx/lib/libcurl.a[102](setopt.c.o)) was built for newer 'macOS' version (15.4) than being linked (13.4)
ld: warning: object file (/Users/bytedance/workspace/cemu_android/build/vcpkg_installed/arm64-osx/lib/libcurl.a[103](sha256.c.o)) was built for newer 'macOS' version (15.4) than being linked (13.4)
ld: warning: object file (/Users/bytedance/workspace/cemu_android/build/vcpkg_installed/arm64-osx/lib/libcurl.a[104](share.c.o)) was built for newer 'macOS' version (15.4) than being linked (13.4)
ld: warning: object file (/Users/bytedance/workspace/cemu_android/build/vcpkg_installed/arm64-osx/lib/libcurl.a[105](slist.c.o)) was built for newer 'macOS' version (15.4) than being linked (13.4)
ld: warning: object file (/Users/bytedance/workspace/cemu_android/build/vcpkg_installed/arm64-osx/lib/libcurl.a[108](socketpair.c.o)) was built for newer 'macOS' version (15.4) than being linked (13.4)
ld: warning: object file (/Users/bytedance/workspace/cemu_android/build/vcpkg_installed/arm64-osx/lib/libcurl.a[109](socks.c.o)) was built for newer 'macOS' version (15.4) than being linked (13.4)
ld: warning: object file (/Users/bytedance/workspace/cemu_android/build/vcpkg_installed/arm64-osx/lib/libcurl.a[112](speedcheck.c.o)) was built for newer 'macOS' version (15.4) than being linked (13.4)
ld: warning: object file (/Users/bytedance/workspace/cemu_android/build/vcpkg_installed/arm64-osx/lib/libcurl.a[113](splay.c.o)) was built for newer 'macOS' version (15.4) than being linked (13.4)
ld: warning: object file (/Users/bytedance/workspace/cemu_android/build/vcpkg_installed/arm64-osx/lib/libcurl.a[114](strcase.c.o)) was built for newer 'macOS' version (15.4) than being linked (13.4)
ld: warning: object file (/Users/bytedance/workspace/cemu_android/build/vcpkg_installed/arm64-osx/lib/libcurl.a[115](strdup.c.o)) was built for newer 'macOS' version (15.4) than being linked (13.4)
ld: warning: object file (/Users/bytedance/workspace/cemu_android/build/vcpkg_installed/arm64-osx/lib/libcurl.a[116](strequal.c.o)) was built for newer 'macOS' version (15.4) than being linked (13.4)
ld: warning: object file (/Users/bytedance/workspace/cemu_android/build/vcpkg_installed/arm64-osx/lib/libcurl.a[117](strerror.c.o)) was built for newer 'macOS' version (15.4) than being linked (13.4)
ld: warning: object file (/Users/bytedance/workspace/cemu_android/build/vcpkg_installed/arm64-osx/lib/libcurl.a[121](transfer.c.o)) was built for newer 'macOS' version (15.4) than being linked (13.4)
ld: warning: object file (/Users/bytedance/workspace/cemu_android/build/vcpkg_installed/arm64-osx/lib/libcurl.a[122](uint-bset.c.o)) was built for newer 'macOS' version (15.4) than being linked (13.4)
ld: warning: object file (/Users/bytedance/workspace/cemu_android/build/vcpkg_installed/arm64-osx/lib/libcurl.a[124](uint-spbset.c.o)) was built for newer 'macOS' version (15.4) than being linked (13.4)
ld: warning: object file (/Users/bytedance/workspace/cemu_android/build/vcpkg_installed/arm64-osx/lib/libcurl.a[125](uint-table.c.o)) was built for newer 'macOS' version (15.4) than being linked (13.4)
ld: warning: object file (/Users/bytedance/workspace/cemu_android/build/vcpkg_installed/arm64-osx/lib/libcurl.a[126](url.c.o)) was built for newer 'macOS' version (15.4) than being linked (13.4)
ld: warning: object file (/Users/bytedance/workspace/cemu_android/build/vcpkg_installed/arm64-osx/lib/libcurl.a[127](urlapi.c.o)) was built for newer 'macOS' version (15.4) than being linked (13.4)
ld: warning: object file (/Users/bytedance/workspace/cemu_android/build/vcpkg_installed/arm64-osx/lib/libcurl.a[132](digest.c.o)) was built for newer 'macOS' version (15.4) than being linked (13.4)
ld: warning: object file (/Users/bytedance/workspace/cemu_android/build/vcpkg_installed/arm64-osx/lib/libcurl.a[137](ntlm.c.o)) was built for newer 'macOS' version (15.4) than being linked (13.4)
ld: warning: object file (/Users/bytedance/workspace/cemu_android/build/vcpkg_installed/arm64-osx/lib/libcurl.a[142](vauth.c.o)) was built for newer 'macOS' version (15.4) than being linked (13.4)
ld: warning: object file (/Users/bytedance/workspace/cemu_android/build/vcpkg_installed/arm64-osx/lib/libcurl.a[146](hostcheck.c.o)) was built for newer 'macOS' version (15.4) than being linked (13.4)
ld: warning: object file (/Users/bytedance/workspace/cemu_android/build/vcpkg_installed/arm64-osx/lib/libcurl.a[147](keylog.c.o)) was built for newer 'macOS' version (15.4) than being linked (13.4)
ld: warning: object file (/Users/bytedance/workspace/cemu_android/build/vcpkg_installed/arm64-osx/lib/libcurl.a[150](openssl.c.o)) was built for newer 'macOS' version (15.4) than being linked (13.4)
ld: warning: object file (/Users/bytedance/workspace/cemu_android/build/vcpkg_installed/arm64-osx/lib/libcurl.a[155](vtls.c.o)) was built for newer 'macOS' version (15.4) than being linked (13.4)
ld: warning: object file (/Users/bytedance/workspace/cemu_android/build/vcpkg_installed/arm64-osx/lib/libcurl.a[156](vtls_scache.c.o)) was built for newer 'macOS' version (15.4) than being linked (13.4)
ld: warning: object file (/Users/bytedance/workspace/cemu_android/build/vcpkg_installed/arm64-osx/lib/libcurl.a[164](vquic.c.o)) was built for newer 'macOS' version (15.4) than being linked (13.4)
ld: warning: object file (/Users/bytedance/workspace/cemu_android/build/vcpkg_installed/arm64-osx/lib/libcurl.a[170](base64.c.o)) was built for newer 'macOS' version (15.4) than being linked (13.4)
ld: warning: object file (/Users/bytedance/workspace/cemu_android/build/vcpkg_installed/arm64-osx/lib/libcurl.a[171](dynbuf.c.o)) was built for newer 'macOS' version (15.4) than being linked (13.4)
ld: warning: object file (/Users/bytedance/workspace/cemu_android/build/vcpkg_installed/arm64-osx/lib/libcurl.a[174](nonblock.c.o)) was built for newer 'macOS' version (15.4) than being linked (13.4)
ld: warning: object file (/Users/bytedance/workspace/cemu_android/build/vcpkg_installed/arm64-osx/lib/libcurl.a[175](strparse.c.o)) was built for newer 'macOS' version (15.4) than being linked (13.4)
ld: warning: object file (/Users/bytedance/workspace/cemu_android/build/vcpkg_installed/arm64-osx/lib/libcurl.a[176](timediff.c.o)) was built for newer 'macOS' version (15.4) than being linked (13.4)
ld: warning: object file (/Users/bytedance/workspace/cemu_android/build/vcpkg_installed/arm64-osx/lib/libcurl.a[177](timeval.c.o)) was built for newer 'macOS' version (15.4) than being linked (13.4)
ld: warning: object file (/Users/bytedance/workspace/cemu_android/build/vcpkg_installed/arm64-osx/lib/libcurl.a[179](warnless.c.o)) was built for newer 'macOS' version (15.4) than being linked (13.4)
ld: warning: object file (/Users/bytedance/workspace/cemu_android/build/vcpkg_installed/arm64-osx/lib/libssl.a[3](libssl-lib-d1_lib.o)) was built for newer 'macOS' version (15.4) than being linked (13.4)
ld: warning: object file (/Users/bytedance/workspace/cemu_android/build/vcpkg_installed/arm64-osx/lib/libssl.a[4](libssl-lib-d1_msg.o)) was built for newer 'macOS' version (15.4) than being linked (13.4)
ld: warning: object file (/Users/bytedance/workspace/cemu_android/build/vcpkg_installed/arm64-osx/lib/libssl.a[5](libssl-lib-d1_srtp.o)) was built for newer 'macOS' version (15.4) than being linked (13.4)
ld: warning: object file (/Users/bytedance/workspace/cemu_android/build/vcpkg_installed/arm64-osx/lib/libssl.a[6](libssl-lib-methods.o)) was built for newer 'macOS' version (15.4) than being linked (13.4)
ld: warning: object file (/Users/bytedance/workspace/cemu_android/build/vcpkg_installed/arm64-osx/lib/libssl.a[7](libssl-lib-pqueue.o)) was built for newer 'macOS' version (15.4) than being linked (13.4)
ld: warning: object file (/Users/bytedance/workspace/cemu_android/build/vcpkg_installed/arm64-osx/lib/libssl.a[9](libssl-lib-s3_enc.o)) was built for newer 'macOS' version (15.4) than being linked (13.4)
ld: warning: object file (/Users/bytedance/workspace/cemu_android/build/vcpkg_installed/arm64-osx/lib/libssl.a[10](libssl-lib-s3_lib.o)) was built for newer 'macOS' version (15.4) than being linked (13.4)
ld: warning: object file (/Users/bytedance/workspace/cemu_android/build/vcpkg_installed/arm64-osx/lib/libssl.a[11](libssl-lib-s3_msg.o)) was built for newer 'macOS' version (15.4) than being linked (13.4)
ld: warning: object file (/Users/bytedance/workspace/cemu_android/build/vcpkg_installed/arm64-osx/lib/libssl.a[12](libssl-lib-ssl_asn1.o)) was built for newer 'macOS' version (15.4) than being linked (13.4)
ld: warning: object file (/Users/bytedance/workspace/cemu_android/build/vcpkg_installed/arm64-osx/lib/libssl.a[13](libssl-lib-ssl_cert.o)) was built for newer 'macOS' version (15.4) than being linked (13.4)
ld: warning: object file (/Users/bytedance/workspace/cemu_android/build/vcpkg_installed/arm64-osx/lib/libssl.a[15](libssl-lib-ssl_ciph.o)) was built for newer 'macOS' version (15.4) than being linked (13.4)
ld: warning: object file (/Users/bytedance/workspace/cemu_android/build/vcpkg_installed/arm64-osx/lib/libssl.a[16](libssl-lib-ssl_conf.o)) was built for newer 'macOS' version (15.4) than being linked (13.4)
ld: warning: object file (/Users/bytedance/workspace/cemu_android/build/vcpkg_installed/arm64-osx/lib/libssl.a[18](libssl-lib-ssl_init.o)) was built for newer 'macOS' version (15.4) than being linked (13.4)
ld: warning: object file (/Users/bytedance/workspace/cemu_android/build/vcpkg_installed/arm64-osx/lib/libssl.a[19](libssl-lib-ssl_lib.o)) was built for newer 'macOS' version (15.4) than being linked (13.4)
ld: warning: object file (/Users/bytedance/workspace/cemu_android/build/vcpkg_installed/arm64-osx/lib/libssl.a[20](libssl-lib-ssl_mcnf.o)) was built for newer 'macOS' version (15.4) than being linked (13.4)
ld: warning: object file (/Users/bytedance/workspace/cemu_android/build/vcpkg_installed/arm64-osx/lib/libssl.a[21](libssl-lib-ssl_rsa.o)) was built for newer 'macOS' version (15.4) than being linked (13.4)
ld: warning: object file (/Users/bytedance/workspace/cemu_android/build/vcpkg_installed/arm64-osx/lib/libssl.a[22](libssl-lib-ssl_rsa_legacy.o)) was built for newer 'macOS' version (15.4) than being linked (13.4)
ld: warning: object file (/Users/bytedance/workspace/cemu_android/build/vcpkg_installed/arm64-osx/lib/libssl.a[23](libssl-lib-ssl_sess.o)) was built for newer 'macOS' version (15.4) than being linked (13.4)
ld: warning: object file (/Users/bytedance/workspace/cemu_android/build/vcpkg_installed/arm64-osx/lib/libssl.a[24](libssl-lib-ssl_stat.o)) was built for newer 'macOS' version (15.4) than being linked (13.4)
ld: warning: object file (/Users/bytedance/workspace/cemu_android/build/vcpkg_installed/arm64-osx/lib/libssl.a[27](libssl-lib-t1_enc.o)) was built for newer 'macOS' version (15.4) than being linked (13.4)
ld: warning: object file (/Users/bytedance/workspace/cemu_android/build/vcpkg_installed/arm64-osx/lib/libssl.a[28](libssl-lib-t1_lib.o)) was built for newer 'macOS' version (15.4) than being linked (13.4)
ld: warning: object file (/Users/bytedance/workspace/cemu_android/build/vcpkg_installed/arm64-osx/lib/libssl.a[30](libssl-lib-tls13_enc.o)) was built for newer 'macOS' version (15.4) than being linked (13.4)
ld: warning: object file (/Users/bytedance/workspace/cemu_android/build/vcpkg_installed/arm64-osx/lib/libssl.a[31](libssl-lib-tls_depr.o)) was built for newer 'macOS' version (15.4) than being linked (13.4)
ld: warning: object file (/Users/bytedance/workspace/cemu_android/build/vcpkg_installed/arm64-osx/lib/libssl.a[32](libssl-lib-tls_srp.o)) was built for newer 'macOS' version (15.4) than being linked (13.4)
ld: warning: object file (/Users/bytedance/workspace/cemu_android/build/vcpkg_installed/arm64-osx/lib/libssl.a[33](libssl-lib-cc_newreno.o)) was built for newer 'macOS' version (15.4) than being linked (13.4)
ld: warning: object file (/Users/bytedance/workspace/cemu_android/build/vcpkg_installed/arm64-osx/lib/libssl.a[34](libssl-lib-json_enc.o)) was built for newer 'macOS' version (15.4) than being linked (13.4)
ld: warning: object file (/Users/bytedance/workspace/cemu_android/build/vcpkg_installed/arm64-osx/lib/libssl.a[35](libssl-lib-qlog.o)) was built for newer 'macOS' version (15.4) than being linked (13.4)
ld: warning: object file (/Users/bytedance/workspace/cemu_android/build/vcpkg_installed/arm64-osx/lib/libssl.a[36](libssl-lib-qlog_event_helpers.o)) was built for newer 'macOS' version (15.4) than being linked (13.4)
ld: warning: object file (/Users/bytedance/workspace/cemu_android/build/vcpkg_installed/arm64-osx/lib/libssl.a[37](libssl-lib-quic_ackm.o)) was built for newer 'macOS' version (15.4) than being linked (13.4)
ld: warning: object file (/Users/bytedance/workspace/cemu_android/build/vcpkg_installed/arm64-osx/lib/libssl.a[38](libssl-lib-quic_cfq.o)) was built for newer 'macOS' version (15.4) than being linked (13.4)
ld: warning: object file (/Users/bytedance/workspace/cemu_android/build/vcpkg_installed/arm64-osx/lib/libssl.a[39](libssl-lib-quic_channel.o)) was built for newer 'macOS' version (15.4) than being linked (13.4)
ld: warning: object file (/Users/bytedance/workspace/cemu_android/build/vcpkg_installed/arm64-osx/lib/libssl.a[40](libssl-lib-quic_demux.o)) was built for newer 'macOS' version (15.4) than being linked (13.4)
ld: warning: object file (/Users/bytedance/workspace/cemu_android/build/vcpkg_installed/arm64-osx/lib/libssl.a[41](libssl-lib-quic_engine.o)) was built for newer 'macOS' version (15.4) than being linked (13.4)
ld: warning: object file (/Users/bytedance/workspace/cemu_android/build/vcpkg_installed/arm64-osx/lib/libssl.a[42](libssl-lib-quic_fc.o)) was built for newer 'macOS' version (15.4) than being linked (13.4)
ld: warning: object file (/Users/bytedance/workspace/cemu_android/build/vcpkg_installed/arm64-osx/lib/libssl.a[43](libssl-lib-quic_fifd.o)) was built for newer 'macOS' version (15.4) than being linked (13.4)
ld: warning: object file (/Users/bytedance/workspace/cemu_android/build/vcpkg_installed/arm64-osx/lib/libssl.a[44](libssl-lib-quic_impl.o)) was built for newer 'macOS' version (15.4) than being linked (13.4)
ld: warning: object file (/Users/bytedance/workspace/cemu_android/build/vcpkg_installed/arm64-osx/lib/libssl.a[45](libssl-lib-quic_lcidm.o)) was built for newer 'macOS' version (15.4) than being linked (13.4)
ld: warning: object file (/Users/bytedance/workspace/cemu_android/build/vcpkg_installed/arm64-osx/lib/libssl.a[46](libssl-lib-quic_method.o)) was built for newer 'macOS' version (15.4) than being linked (13.4)
ld: warning: object file (/Users/bytedance/workspace/cemu_android/build/vcpkg_installed/arm64-osx/lib/libssl.a[47](libssl-lib-quic_obj.o)) was built for newer 'macOS' version (15.4) than being linked (13.4)
ld: warning: object file (/Users/bytedance/workspace/cemu_android/build/vcpkg_installed/arm64-osx/lib/libssl.a[48](libssl-lib-quic_port.o)) was built for newer 'macOS' version (15.4) than being linked (13.4)
ld: warning: object file (/Users/bytedance/workspace/cemu_android/build/vcpkg_installed/arm64-osx/lib/libssl.a[50](libssl-lib-quic_reactor.o)) was built for newer 'macOS' version (15.4) than being linked (13.4)
ld: warning: object file (/Users/bytedance/workspace/cemu_android/build/vcpkg_installed/arm64-osx/lib/libssl.a[51](libssl-lib-quic_reactor_wait_ctx.o)) was built for newer 'macOS' version (15.4) than being linked (13.4)
ld: warning: object file (/Users/bytedance/workspace/cemu_android/build/vcpkg_installed/arm64-osx/lib/libssl.a[52](libssl-lib-quic_record_rx.o)) was built for newer 'macOS' version (15.4) than being linked (13.4)
ld: warning: object file (/Users/bytedance/workspace/cemu_android/build/vcpkg_installed/arm64-osx/lib/libssl.a[53](libssl-lib-quic_record_shared.o)) was built for newer 'macOS' version (15.4) than being linked (13.4)
ld: warning: object file (/Users/bytedance/workspace/cemu_android/build/vcpkg_installed/arm64-osx/lib/libssl.a[54](libssl-lib-quic_record_tx.o)) was built for newer 'macOS' version (15.4) than being linked (13.4)
ld: warning: object file (/Users/bytedance/workspace/cemu_android/build/vcpkg_installed/arm64-osx/lib/libssl.a[55](libssl-lib-quic_record_util.o)) was built for newer 'macOS' version (15.4) than being linked (13.4)
ld: warning: object file (/Users/bytedance/workspace/cemu_android/build/vcpkg_installed/arm64-osx/lib/libssl.a[56](libssl-lib-quic_rstream.o)) was built for newer 'macOS' version (15.4) than being linked (13.4)
ld: warning: object file (/Users/bytedance/workspace/cemu_android/build/vcpkg_installed/arm64-osx/lib/libssl.a[57](libssl-lib-quic_rx_depack.o)) was built for newer 'macOS' version (15.4) than being linked (13.4)
ld: warning: object file (/Users/bytedance/workspace/cemu_android/build/vcpkg_installed/arm64-osx/lib/libssl.a[58](libssl-lib-quic_sf_list.o)) was built for newer 'macOS' version (15.4) than being linked (13.4)
ld: warning: object file (/Users/bytedance/workspace/cemu_android/build/vcpkg_installed/arm64-osx/lib/libssl.a[60](libssl-lib-quic_srtm.o)) was built for newer 'macOS' version (15.4) than being linked (13.4)
ld: warning: object file (/Users/bytedance/workspace/cemu_android/build/vcpkg_installed/arm64-osx/lib/libssl.a[61](libssl-lib-quic_sstream.o)) was built for newer 'macOS' version (15.4) than being linked (13.4)
ld: warning: object file (/Users/bytedance/workspace/cemu_android/build/vcpkg_installed/arm64-osx/lib/libssl.a[62](libssl-lib-quic_statm.o)) was built for newer 'macOS' version (15.4) than being linked (13.4)
ld: warning: object file (/Users/bytedance/workspace/cemu_android/build/vcpkg_installed/arm64-osx/lib/libssl.a[63](libssl-lib-quic_stream_map.o)) was built for newer 'macOS' version (15.4) than being linked (13.4)
ld: warning: object file (/Users/bytedance/workspace/cemu_android/build/vcpkg_installed/arm64-osx/lib/libssl.a[64](libssl-lib-quic_thread_assist.o)) was built for newer 'macOS' version (15.4) than being linked (13.4)
ld: warning: object file (/Users/bytedance/workspace/cemu_android/build/vcpkg_installed/arm64-osx/lib/libssl.a[65](libssl-lib-quic_tls.o)) was built for newer 'macOS' version (15.4) than being linked (13.4)
ld: warning: object file (/Users/bytedance/workspace/cemu_android/build/vcpkg_installed/arm64-osx/lib/libssl.a[69](libssl-lib-quic_txp.o)) was built for newer 'macOS' version (15.4) than being linked (13.4)
ld: warning: object file (/Users/bytedance/workspace/cemu_android/build/vcpkg_installed/arm64-osx/lib/libssl.a[70](libssl-lib-quic_txpim.o)) was built for newer 'macOS' version (15.4) than being linked (13.4)
ld: warning: object file (/Users/bytedance/workspace/cemu_android/build/vcpkg_installed/arm64-osx/lib/libssl.a[71](libssl-lib-quic_types.o)) was built for newer 'macOS' version (15.4) than being linked (13.4)
ld: warning: object file (/Users/bytedance/workspace/cemu_android/build/vcpkg_installed/arm64-osx/lib/libssl.a[72](libssl-lib-quic_wire.o)) was built for newer 'macOS' version (15.4) than being linked (13.4)
ld: warning: object file (/Users/bytedance/workspace/cemu_android/build/vcpkg_installed/arm64-osx/lib/libssl.a[73](libssl-lib-quic_wire_pkt.o)) was built for newer 'macOS' version (15.4) than being linked (13.4)
ld: warning: object file (/Users/bytedance/workspace/cemu_android/build/vcpkg_installed/arm64-osx/lib/libssl.a[74](libssl-lib-uint_set.o)) was built for newer 'macOS' version (15.4) than being linked (13.4)
ld: warning: object file (/Users/bytedance/workspace/cemu_android/build/vcpkg_installed/arm64-osx/lib/libssl.a[75](libssl-lib-rec_layer_d1.o)) was built for newer 'macOS' version (15.4) than being linked (13.4)
ld: warning: object file (/Users/bytedance/workspace/cemu_android/build/vcpkg_installed/arm64-osx/lib/libssl.a[76](libssl-lib-rec_layer_s3.o)) was built for newer 'macOS' version (15.4) than being linked (13.4)
ld: warning: object file (/Users/bytedance/workspace/cemu_android/build/vcpkg_installed/arm64-osx/lib/libssl.a[77](libssl-lib-dtls_meth.o)) was built for newer 'macOS' version (15.4) than being linked (13.4)
ld: warning: object file (/Users/bytedance/workspace/cemu_android/build/vcpkg_installed/arm64-osx/lib/libssl.a[78](libssl-lib-ssl3_meth.o)) was built for newer 'macOS' version (15.4) than being linked (13.4)
ld: warning: object file (/Users/bytedance/workspace/cemu_android/build/vcpkg_installed/arm64-osx/lib/libssl.a[79](libssl-lib-tls13_meth.o)) was built for newer 'macOS' version (15.4) than being linked (13.4)
ld: warning: object file (/Users/bytedance/workspace/cemu_android/build/vcpkg_installed/arm64-osx/lib/libssl.a[80](libssl-lib-tls1_meth.o)) was built for newer 'macOS' version (15.4) than being linked (13.4)
ld: warning: object file (/Users/bytedance/workspace/cemu_android/build/vcpkg_installed/arm64-osx/lib/libssl.a[81](libssl-lib-tls_common.o)) was built for newer 'macOS' version (15.4) than being linked (13.4)
ld: warning: object file (/Users/bytedance/workspace/cemu_android/build/vcpkg_installed/arm64-osx/lib/libssl.a[82](libssl-lib-tls_multib.o)) was built for newer 'macOS' version (15.4) than being linked (13.4)
ld: warning: object file (/Users/bytedance/workspace/cemu_android/build/vcpkg_installed/arm64-osx/lib/libssl.a[83](libssl-lib-tlsany_meth.o)) was built for newer 'macOS' version (15.4) than being linked (13.4)
ld: warning: object file (/Users/bytedance/workspace/cemu_android/build/vcpkg_installed/arm64-osx/lib/libssl.a[86](libssl-lib-rio_notifier.o)) was built for newer 'macOS' version (15.4) than being linked (13.4)
ld: warning: object file (/Users/bytedance/workspace/cemu_android/build/vcpkg_installed/arm64-osx/lib/libssl.a[87](libssl-lib-extensions.o)) was built for newer 'macOS' version (15.4) than being linked (13.4)
ld: warning: object file (/Users/bytedance/workspace/cemu_android/build/vcpkg_installed/arm64-osx/lib/libssl.a[88](libssl-lib-extensions_clnt.o)) was built for newer 'macOS' version (15.4) than being linked (13.4)
ld: warning: object file (/Users/bytedance/workspace/cemu_android/build/vcpkg_installed/arm64-osx/lib/libssl.a[89](libssl-lib-extensions_cust.o)) was built for newer 'macOS' version (15.4) than being linked (13.4)
ld: warning: object file (/Users/bytedance/workspace/cemu_android/build/vcpkg_installed/arm64-osx/lib/libssl.a[90](libssl-lib-extensions_srvr.o)) was built for newer 'macOS' version (15.4) than being linked (13.4)
ld: warning: object file (/Users/bytedance/workspace/cemu_android/build/vcpkg_installed/arm64-osx/lib/libssl.a[91](libssl-lib-statem.o)) was built for newer 'macOS' version (15.4) than being linked (13.4)
ld: warning: object file (/Users/bytedance/workspace/cemu_android/build/vcpkg_installed/arm64-osx/lib/libssl.a[92](libssl-lib-statem_clnt.o)) was built for newer 'macOS' version (15.4) than being linked (13.4)
ld: warning: object file (/Users/bytedance/workspace/cemu_android/build/vcpkg_installed/arm64-osx/lib/libssl.a[93](libssl-lib-statem_dtls.o)) was built for newer 'macOS' version (15.4) than being linked (13.4)
ld: warning: object file (/Users/bytedance/workspace/cemu_android/build/vcpkg_installed/arm64-osx/lib/libssl.a[94](libssl-lib-statem_lib.o)) was built for newer 'macOS' version (15.4) than being linked (13.4)
ld: warning: object file (/Users/bytedance/workspace/cemu_android/build/vcpkg_installed/arm64-osx/lib/libssl.a[95](libssl-lib-statem_srvr.o)) was built for newer 'macOS' version (15.4) than being linked (13.4)
ld: warning: object file (/Users/bytedance/workspace/cemu_android/build/vcpkg_installed/arm64-osx/lib/libcrypto.a[2](libcrypto-lib-aes_cbc.o)) was built for newer 'macOS' version (15.4) than being linked (13.4)
ld: warning: object file (/Users/bytedance/workspace/cemu_android/build/vcpkg_installed/arm64-osx/lib/libcrypto.a[4](libcrypto-lib-aes_core.o)) was built for newer 'macOS' version (15.4) than being linked (13.4)
ld: warning: object file (/Users/bytedance/workspace/cemu_android/build/vcpkg_installed/arm64-osx/lib/libcrypto.a[10](libcrypto-lib-aesv8-armx.o)) was built for newer 'macOS' version (15.4) than being linked (13.4)
ld: warning: object file (/Users/bytedance/workspace/cemu_android/build/vcpkg_installed/arm64-osx/lib/libcrypto.a[11](libcrypto-lib-bsaes-armv8.o)) was built for newer 'macOS' version (15.4) than being linked (13.4)
ld: warning: object file (/Users/bytedance/workspace/cemu_android/build/vcpkg_installed/arm64-osx/lib/libcrypto.a[12](libcrypto-lib-vpaes-armv8.o)) was built for newer 'macOS' version (15.4) than being linked (13.4)
ld: warning: object file (/Users/bytedance/workspace/cemu_android/build/vcpkg_installed/arm64-osx/lib/libcrypto.a[13](libcrypto-lib-aria.o)) was built for newer 'macOS' version (15.4) than being linked (13.4)
ld: warning: object file (/Users/bytedance/workspace/cemu_android/build/vcpkg_installed/arm64-osx/lib/libcrypto.a[14](libcrypto-lib-a_bitstr.o)) was built for newer 'macOS' version (15.4) than being linked (13.4)
ld: warning: object file (/Users/bytedance/workspace/cemu_android/build/vcpkg_installed/arm64-osx/lib/libcrypto.a[15](libcrypto-lib-a_d2i_fp.o)) was built for newer 'macOS' version (15.4) than being linked (13.4)
ld: warning: object file (/Users/bytedance/workspace/cemu_android/build/vcpkg_installed/arm64-osx/lib/libcrypto.a[16](libcrypto-lib-a_digest.o)) was built for newer 'macOS' version (15.4) than being linked (13.4)
ld: warning: object file (/Users/bytedance/workspace/cemu_android/build/vcpkg_installed/arm64-osx/lib/libcrypto.a[17](libcrypto-lib-a_dup.o)) was built for newer 'macOS' version (15.4) than being linked (13.4)
ld: warning: object file (/Users/bytedance/workspace/cemu_android/build/vcpkg_installed/arm64-osx/lib/libcrypto.a[18](libcrypto-lib-a_gentm.o)) was built for newer 'macOS' version (15.4) than being linked (13.4)
ld: warning: object file (/Users/bytedance/workspace/cemu_android/build/vcpkg_installed/arm64-osx/lib/libcrypto.a[19](libcrypto-lib-a_i2d_fp.o)) was built for newer 'macOS' version (15.4) than being linked (13.4)
ld: warning: object file (/Users/bytedance/workspace/cemu_android/build/vcpkg_installed/arm64-osx/lib/libcrypto.a[20](libcrypto-lib-a_int.o)) was built for newer 'macOS' version (15.4) than being linked (13.4)
ld: warning: object file (/Users/bytedance/workspace/cemu_android/build/vcpkg_installed/arm64-osx/lib/libcrypto.a[21](libcrypto-lib-a_mbstr.o)) was built for newer 'macOS' version (15.4) than being linked (13.4)
ld: warning: object file (/Users/bytedance/workspace/cemu_android/build/vcpkg_installed/arm64-osx/lib/libcrypto.a[22](libcrypto-lib-a_object.o)) was built for newer 'macOS' version (15.4) than being linked (13.4)
ld: warning: object file (/Users/bytedance/workspace/cemu_android/build/vcpkg_installed/arm64-osx/lib/libcrypto.a[23](libcrypto-lib-a_octet.o)) was built for newer 'macOS' version (15.4) than being linked (13.4)
ld: warning: object file (/Users/bytedance/workspace/cemu_android/build/vcpkg_installed/arm64-osx/lib/libcrypto.a[24](libcrypto-lib-a_print.o)) was built for newer 'macOS' version (15.4) than being linked (13.4)
ld: warning: object file (/Users/bytedance/workspace/cemu_android/build/vcpkg_installed/arm64-osx/lib/libcrypto.a[25](libcrypto-lib-a_sign.o)) was built for newer 'macOS' version (15.4) than being linked (13.4)
ld: warning: object file (/Users/bytedance/workspace/cemu_android/build/vcpkg_installed/arm64-osx/lib/libcrypto.a[26](libcrypto-lib-a_strex.o)) was built for newer 'macOS' version (15.4) than being linked (13.4)
ld: warning: object file (/Users/bytedance/workspace/cemu_android/build/vcpkg_installed/arm64-osx/lib/libcrypto.a[27](libcrypto-lib-a_strnid.o)) was built for newer 'macOS' version (15.4) than being linked (13.4)
ld: warning: object file (/Users/bytedance/workspace/cemu_android/build/vcpkg_installed/arm64-osx/lib/libcrypto.a[28](libcrypto-lib-a_time.o)) was built for newer 'macOS' version (15.4) than being linked (13.4)
ld: warning: object file (/Users/bytedance/workspace/cemu_android/build/vcpkg_installed/arm64-osx/lib/libcrypto.a[29](libcrypto-lib-a_type.o)) was built for newer 'macOS' version (15.4) than being linked (13.4)
ld: warning: object file (/Users/bytedance/workspace/cemu_android/build/vcpkg_installed/arm64-osx/lib/libcrypto.a[30](libcrypto-lib-a_utctm.o)) was built for newer 'macOS' version (15.4) than being linked (13.4)
ld: warning: object file (/Users/bytedance/workspace/cemu_android/build/vcpkg_installed/arm64-osx/lib/libcrypto.a[31](libcrypto-lib-a_utf8.o)) was built for newer 'macOS' version (15.4) than being linked (13.4)
ld: warning: object file (/Users/bytedance/workspace/cemu_android/build/vcpkg_installed/arm64-osx/lib/libcrypto.a[32](libcrypto-lib-a_verify.o)) was built for newer 'macOS' version (15.4) than being linked (13.4)
ld: warning: object file (/Users/bytedance/workspace/cemu_android/build/vcpkg_installed/arm64-osx/lib/libcrypto.a[33](libcrypto-lib-ameth_lib.o)) was built for newer 'macOS' version (15.4) than being linked (13.4)
ld: warning: object file (/Users/bytedance/workspace/cemu_android/build/vcpkg_installed/arm64-osx/lib/libcrypto.a[34](libcrypto-lib-asn1_err.o)) was built for newer 'macOS' version (15.4) than being linked (13.4)
ld: warning: object file (/Users/bytedance/workspace/cemu_android/build/vcpkg_installed/arm64-osx/lib/libcrypto.a[35](libcrypto-lib-asn1_gen.o)) was built for newer 'macOS' version (15.4) than being linked (13.4)
ld: warning: object file (/Users/bytedance/workspace/cemu_android/build/vcpkg_installed/arm64-osx/lib/libcrypto.a[37](libcrypto-lib-asn1_lib.o)) was built for newer 'macOS' version (15.4) than being linked (13.4)
ld: warning: object file (/Users/bytedance/workspace/cemu_android/build/vcpkg_installed/arm64-osx/lib/libcrypto.a[38](libcrypto-lib-asn1_parse.o)) was built for newer 'macOS' version (15.4) than being linked (13.4)
ld: warning: object file (/Users/bytedance/workspace/cemu_android/build/vcpkg_installed/arm64-osx/lib/libcrypto.a[40](libcrypto-lib-asn_moid.o)) was built for newer 'macOS' version (15.4) than being linked (13.4)
ld: warning: object file (/Users/bytedance/workspace/cemu_android/build/vcpkg_installed/arm64-osx/lib/libcrypto.a[41](libcrypto-lib-asn_mstbl.o)) was built for newer 'macOS' version (15.4) than being linked (13.4)
ld: warning: object file (/Users/bytedance/workspace/cemu_android/build/vcpkg_installed/arm64-osx/lib/libcrypto.a[42](libcrypto-lib-asn_pack.o)) was built for newer 'macOS' version (15.4) than being linked (13.4)
ld: warning: object file (/Users/bytedance/workspace/cemu_android/build/vcpkg_installed/arm64-osx/lib/libcrypto.a[46](libcrypto-lib-d2i_pr.o)) was built for newer 'macOS' version (15.4) than being linked (13.4)
ld: warning: object file (/Users/bytedance/workspace/cemu_android/build/vcpkg_installed/arm64-osx/lib/libcrypto.a[48](libcrypto-lib-evp_asn1.o)) was built for newer 'macOS' version (15.4) than being linked (13.4)
ld: warning: object file (/Users/bytedance/workspace/cemu_android/build/vcpkg_installed/arm64-osx/lib/libcrypto.a[49](libcrypto-lib-f_int.o)) was built for newer 'macOS' version (15.4) than being linked (13.4)
ld: warning: object file (/Users/bytedance/workspace/cemu_android/build/vcpkg_installed/arm64-osx/lib/libcrypto.a[50](libcrypto-lib-f_string.o)) was built for newer 'macOS' version (15.4) than being linked (13.4)
ld: warning: object file (/Users/bytedance/workspace/cemu_android/build/vcpkg_installed/arm64-osx/lib/libcrypto.a[51](libcrypto-lib-i2d_evp.o)) was built for newer 'macOS' version (15.4) than being linked (13.4)
ld: warning: object file (/Users/bytedance/workspace/cemu_android/build/vcpkg_installed/arm64-osx/lib/libcrypto.a[53](libcrypto-lib-nsseq.o)) was built for newer 'macOS' version (15.4) than being linked (13.4)
ld: warning: object file (/Users/bytedance/workspace/cemu_android/build/vcpkg_installed/arm64-osx/lib/libcrypto.a[54](libcrypto-lib-p5_pbe.o)) was built for newer 'macOS' version (15.4) than being linked (13.4)
ld: warning: object file (/Users/bytedance/workspace/cemu_android/build/vcpkg_installed/arm64-osx/lib/libcrypto.a[55](libcrypto-lib-p5_pbev2.o)) was built for newer 'macOS' version (15.4) than being linked (13.4)
ld: warning: object file (/Users/bytedance/workspace/cemu_android/build/vcpkg_installed/arm64-osx/lib/libcrypto.a[56](libcrypto-lib-p5_scrypt.o)) was built for newer 'macOS' version (15.4) than being linked (13.4)
ld: warning: object file (/Users/bytedance/workspace/cemu_android/build/vcpkg_installed/arm64-osx/lib/libcrypto.a[57](libcrypto-lib-p8_pkey.o)) was built for newer 'macOS' version (15.4) than being linked (13.4)
ld: warning: object file (/Users/bytedance/workspace/cemu_android/build/vcpkg_installed/arm64-osx/lib/libcrypto.a[59](libcrypto-lib-t_pkey.o)) was built for newer 'macOS' version (15.4) than being linked (13.4)
ld: warning: object file (/Users/bytedance/workspace/cemu_android/build/vcpkg_installed/arm64-osx/lib/libcrypto.a[61](libcrypto-lib-tasn_dec.o)) was built for newer 'macOS' version (15.4) than being linked (13.4)
ld: warning: object file (/Users/bytedance/workspace/cemu_android/build/vcpkg_installed/arm64-osx/lib/libcrypto.a[62](libcrypto-lib-tasn_enc.o)) was built for newer 'macOS' version (15.4) than being linked (13.4)
ld: warning: object file (/Users/bytedance/workspace/cemu_android/build/vcpkg_installed/arm64-osx/lib/libcrypto.a[63](libcrypto-lib-tasn_fre.o)) was built for newer 'macOS' version (15.4) than being linked (13.4)
ld: warning: object file (/Users/bytedance/workspace/cemu_android/build/vcpkg_installed/arm64-osx/lib/libcrypto.a[64](libcrypto-lib-tasn_new.o)) was built for newer 'macOS' version (15.4) than being linked (13.4)
ld: warning: object file (/Users/bytedance/workspace/cemu_android/build/vcpkg_installed/arm64-osx/lib/libcrypto.a[65](libcrypto-lib-tasn_prn.o)) was built for newer 'macOS' version (15.4) than being linked (13.4)
ld: warning: object file (/Users/bytedance/workspace/cemu_android/build/vcpkg_installed/arm64-osx/lib/libcrypto.a[67](libcrypto-lib-tasn_typ.o)) was built for newer 'macOS' version (15.4) than being linked (13.4)
ld: warning: object file (/Users/bytedance/workspace/cemu_android/build/vcpkg_installed/arm64-osx/lib/libcrypto.a[68](libcrypto-lib-tasn_utl.o)) was built for newer 'macOS' version (15.4) than being linked (13.4)
ld: warning: object file (/Users/bytedance/workspace/cemu_android/build/vcpkg_installed/arm64-osx/lib/libcrypto.a[69](libcrypto-lib-x_algor.o)) was built for newer 'macOS' version (15.4) than being linked (13.4)
ld: warning: object file (/Users/bytedance/workspace/cemu_android/build/vcpkg_installed/arm64-osx/lib/libcrypto.a[70](libcrypto-lib-x_bignum.o)) was built for newer 'macOS' version (15.4) than being linked (13.4)
ld: warning: object file (/Users/bytedance/workspace/cemu_android/build/vcpkg_installed/arm64-osx/lib/libcrypto.a[71](libcrypto-lib-x_info.o)) was built for newer 'macOS' version (15.4) than being linked (13.4)
ld: warning: object file (/Users/bytedance/workspace/cemu_android/build/vcpkg_installed/arm64-osx/lib/libcrypto.a[72](libcrypto-lib-x_int64.o)) was built for newer 'macOS' version (15.4) than being linked (13.4)
ld: warning: object file (/Users/bytedance/workspace/cemu_android/build/vcpkg_installed/arm64-osx/lib/libcrypto.a[74](libcrypto-lib-x_pkey.o)) was built for newer 'macOS' version (15.4) than being linked (13.4)
ld: warning: object file (/Users/bytedance/workspace/cemu_android/build/vcpkg_installed/arm64-osx/lib/libcrypto.a[75](libcrypto-lib-x_sig.o)) was built for newer 'macOS' version (15.4) than being linked (13.4)
ld: warning: object file (/Users/bytedance/workspace/cemu_android/build/vcpkg_installed/arm64-osx/lib/libcrypto.a[76](libcrypto-lib-x_spki.o)) was built for newer 'macOS' version (15.4) than being linked (13.4)
ld: warning: object file (/Users/bytedance/workspace/cemu_android/build/vcpkg_installed/arm64-osx/lib/libcrypto.a[77](libcrypto-lib-x_val.o)) was built for newer 'macOS' version (15.4) than being linked (13.4)
ld: warning: object file (/Users/bytedance/workspace/cemu_android/build/vcpkg_installed/arm64-osx/lib/libcrypto.a[79](libcrypto-lib-async_posix.o)) was built for newer 'macOS' version (15.4) than being linked (13.4)
ld: warning: object file (/Users/bytedance/workspace/cemu_android/build/vcpkg_installed/arm64-osx/lib/libcrypto.a[81](libcrypto-lib-async.o)) was built for newer 'macOS' version (15.4) than being linked (13.4)
ld: warning: object file (/Users/bytedance/workspace/cemu_android/build/vcpkg_installed/arm64-osx/lib/libcrypto.a[82](libcrypto-lib-async_err.o)) was built for newer 'macOS' version (15.4) than being linked (13.4)
ld: warning: object file (/Users/bytedance/workspace/cemu_android/build/vcpkg_installed/arm64-osx/lib/libcrypto.a[83](libcrypto-lib-async_wait.o)) was built for newer 'macOS' version (15.4) than being linked (13.4)
ld: warning: object file (/Users/bytedance/workspace/cemu_android/build/vcpkg_installed/arm64-osx/lib/libcrypto.a[84](libcrypto-lib-bf_cfb64.o)) was built for newer 'macOS' version (15.4) than being linked (13.4)
ld: warning: object file (/Users/bytedance/workspace/cemu_android/build/vcpkg_installed/arm64-osx/lib/libcrypto.a[85](libcrypto-lib-bf_ecb.o)) was built for newer 'macOS' version (15.4) than being linked (13.4)
ld: warning: object file (/Users/bytedance/workspace/cemu_android/build/vcpkg_installed/arm64-osx/lib/libcrypto.a[86](libcrypto-lib-bf_enc.o)) was built for newer 'macOS' version (15.4) than being linked (13.4)
ld: warning: object file (/Users/bytedance/workspace/cemu_android/build/vcpkg_installed/arm64-osx/lib/libcrypto.a[87](libcrypto-lib-bf_ofb64.o)) was built for newer 'macOS' version (15.4) than being linked (13.4)
ld: warning: object file (/Users/bytedance/workspace/cemu_android/build/vcpkg_installed/arm64-osx/lib/libcrypto.a[88](libcrypto-lib-bf_skey.o)) was built for newer 'macOS' version (15.4) than being linked (13.4)
ld: warning: object file (/Users/bytedance/workspace/cemu_android/build/vcpkg_installed/arm64-osx/lib/libcrypto.a[89](libcrypto-lib-bf_buff.o)) was built for newer 'macOS' version (15.4) than being linked (13.4)
ld: warning: object file (/Users/bytedance/workspace/cemu_android/build/vcpkg_installed/arm64-osx/lib/libcrypto.a[93](libcrypto-lib-bf_prefix.o)) was built for newer 'macOS' version (15.4) than being linked (13.4)
ld: warning: object file (/Users/bytedance/workspace/cemu_android/build/vcpkg_installed/arm64-osx/lib/libcrypto.a[94](libcrypto-lib-bf_readbuff.o)) was built for newer 'macOS' version (15.4) than being linked (13.4)
ld: warning: object file (/Users/bytedance/workspace/cemu_android/build/vcpkg_installed/arm64-osx/lib/libcrypto.a[95](libcrypto-lib-bio_addr.o)) was built for newer 'macOS' version (15.4) than being linked (13.4)
ld: warning: object file (/Users/bytedance/workspace/cemu_android/build/vcpkg_installed/arm64-osx/lib/libcrypto.a[97](libcrypto-lib-bio_dump.o)) was built for newer 'macOS' version (15.4) than being linked (13.4)
ld: warning: object file (/Users/bytedance/workspace/cemu_android/build/vcpkg_installed/arm64-osx/lib/libcrypto.a[98](libcrypto-lib-bio_err.o)) was built for newer 'macOS' version (15.4) than being linked (13.4)
ld: warning: object file (/Users/bytedance/workspace/cemu_android/build/vcpkg_installed/arm64-osx/lib/libcrypto.a[99](libcrypto-lib-bio_lib.o)) was built for newer 'macOS' version (15.4) than being linked (13.4)
ld: warning: object file (/Users/bytedance/workspace/cemu_android/build/vcpkg_installed/arm64-osx/lib/libcrypto.a[100](libcrypto-lib-bio_meth.o)) was built for newer 'macOS' version (15.4) than being linked (13.4)
ld: warning: object file (/Users/bytedance/workspace/cemu_android/build/vcpkg_installed/arm64-osx/lib/libcrypto.a[101](libcrypto-lib-bio_print.o)) was built for newer 'macOS' version (15.4) than being linked (13.4)
ld: warning: object file (/Users/bytedance/workspace/cemu_android/build/vcpkg_installed/arm64-osx/lib/libcrypto.a[102](libcrypto-lib-bio_sock.o)) was built for newer 'macOS' version (15.4) than being linked (13.4)
ld: warning: object file (/Users/bytedance/workspace/cemu_android/build/vcpkg_installed/arm64-osx/lib/libcrypto.a[103](libcrypto-lib-bio_sock2.o)) was built for newer 'macOS' version (15.4) than being linked (13.4)
ld: warning: object file (/Users/bytedance/workspace/cemu_android/build/vcpkg_installed/arm64-osx/lib/libcrypto.a[106](libcrypto-lib-bss_conn.o)) was built for newer 'macOS' version (15.4) than being linked (13.4)
ld: warning: object file (/Users/bytedance/workspace/cemu_android/build/vcpkg_installed/arm64-osx/lib/libcrypto.a[107](libcrypto-lib-bss_core.o)) was built for newer 'macOS' version (15.4) than being linked (13.4)
ld: warning: object file (/Users/bytedance/workspace/cemu_android/build/vcpkg_installed/arm64-osx/lib/libcrypto.a[108](libcrypto-lib-bss_dgram.o)) was built for newer 'macOS' version (15.4) than being linked (13.4)
ld: warning: object file (/Users/bytedance/workspace/cemu_android/build/vcpkg_installed/arm64-osx/lib/libcrypto.a[109](libcrypto-lib-bss_dgram_pair.o)) was built for newer 'macOS' version (15.4) than being linked (13.4)
ld: warning: object file (/Users/bytedance/workspace/cemu_android/build/vcpkg_installed/arm64-osx/lib/libcrypto.a[110](libcrypto-lib-bss_fd.o)) was built for newer 'macOS' version (15.4) than being linked (13.4)
ld: warning: object file (/Users/bytedance/workspace/cemu_android/build/vcpkg_installed/arm64-osx/lib/libcrypto.a[111](libcrypto-lib-bss_file.o)) was built for newer 'macOS' version (15.4) than being linked (13.4)
ld: warning: object file (/Users/bytedance/workspace/cemu_android/build/vcpkg_installed/arm64-osx/lib/libcrypto.a[113](libcrypto-lib-bss_mem.o)) was built for newer 'macOS' version (15.4) than being linked (13.4)
ld: warning: object file (/Users/bytedance/workspace/cemu_android/build/vcpkg_installed/arm64-osx/lib/libcrypto.a[114](libcrypto-lib-bss_null.o)) was built for newer 'macOS' version (15.4) than being linked (13.4)
ld: warning: object file (/Users/bytedance/workspace/cemu_android/build/vcpkg_installed/arm64-osx/lib/libcrypto.a[115](libcrypto-lib-bss_sock.o)) was built for newer 'macOS' version (15.4) than being linked (13.4)
ld: warning: object file (/Users/bytedance/workspace/cemu_android/build/vcpkg_installed/arm64-osx/lib/libcrypto.a[116](libcrypto-lib-ossl_core_bio.o)) was built for newer 'macOS' version (15.4) than being linked (13.4)
ld: warning: object file (/Users/bytedance/workspace/cemu_android/build/vcpkg_installed/arm64-osx/lib/libcrypto.a[117](libcrypto-lib-armv8-mont.o)) was built for newer 'macOS' version (15.4) than being linked (13.4)
ld: warning: object file (/Users/bytedance/workspace/cemu_android/build/vcpkg_installed/arm64-osx/lib/libcrypto.a[118](libcrypto-lib-bn_add.o)) was built for newer 'macOS' version (15.4) than being linked (13.4)
ld: warning: object file (/Users/bytedance/workspace/cemu_android/build/vcpkg_installed/arm64-osx/lib/libcrypto.a[119](libcrypto-lib-bn_asm.o)) was built for newer 'macOS' version (15.4) than being linked (13.4)
ld: warning: object file (/Users/bytedance/workspace/cemu_android/build/vcpkg_installed/arm64-osx/lib/libcrypto.a[120](libcrypto-lib-bn_blind.o)) was built for newer 'macOS' version (15.4) than being linked (13.4)
ld: warning: object file (/Users/bytedance/workspace/cemu_android/build/vcpkg_installed/arm64-osx/lib/libcrypto.a[121](libcrypto-lib-bn_const.o)) was built for newer 'macOS' version (15.4) than being linked (13.4)
ld: warning: object file (/Users/bytedance/workspace/cemu_android/build/vcpkg_installed/arm64-osx/lib/libcrypto.a[122](libcrypto-lib-bn_conv.o)) was built for newer 'macOS' version (15.4) than being linked (13.4)
ld: warning: object file (/Users/bytedance/workspace/cemu_android/build/vcpkg_installed/arm64-osx/lib/libcrypto.a[123](libcrypto-lib-bn_ctx.o)) was built for newer 'macOS' version (15.4) than being linked (13.4)
ld: warning: object file (/Users/bytedance/workspace/cemu_android/build/vcpkg_installed/arm64-osx/lib/libcrypto.a[125](libcrypto-lib-bn_dh.o)) was built for newer 'macOS' version (15.4) than being linked (13.4)
ld: warning: object file (/Users/bytedance/workspace/cemu_android/build/vcpkg_installed/arm64-osx/lib/libcrypto.a[126](libcrypto-lib-bn_div.o)) was built for newer 'macOS' version (15.4) than being linked (13.4)
ld: warning: object file (/Users/bytedance/workspace/cemu_android/build/vcpkg_installed/arm64-osx/lib/libcrypto.a[127](libcrypto-lib-bn_err.o)) was built for newer 'macOS' version (15.4) than being linked (13.4)
ld: warning: object file (/Users/bytedance/workspace/cemu_android/build/vcpkg_installed/arm64-osx/lib/libcrypto.a[128](libcrypto-lib-bn_exp.o)) was built for newer 'macOS' version (15.4) than being linked (13.4)
ld: warning: object file (/Users/bytedance/workspace/cemu_android/build/vcpkg_installed/arm64-osx/lib/libcrypto.a[129](libcrypto-lib-bn_exp2.o)) was built for newer 'macOS' version (15.4) than being linked (13.4)
ld: warning: object file (/Users/bytedance/workspace/cemu_android/build/vcpkg_installed/arm64-osx/lib/libcrypto.a[130](libcrypto-lib-bn_gcd.o)) was built for newer 'macOS' version (15.4) than being linked (13.4)
ld: warning: object file (/Users/bytedance/workspace/cemu_android/build/vcpkg_installed/arm64-osx/lib/libcrypto.a[131](libcrypto-lib-bn_gf2m.o)) was built for newer 'macOS' version (15.4) than being linked (13.4)
ld: warning: object file (/Users/bytedance/workspace/cemu_android/build/vcpkg_installed/arm64-osx/lib/libcrypto.a[132](libcrypto-lib-bn_intern.o)) was built for newer 'macOS' version (15.4) than being linked (13.4)
ld: warning: object file (/Users/bytedance/workspace/cemu_android/build/vcpkg_installed/arm64-osx/lib/libcrypto.a[133](libcrypto-lib-bn_kron.o)) was built for newer 'macOS' version (15.4) than being linked (13.4)
ld: warning: object file (/Users/bytedance/workspace/cemu_android/build/vcpkg_installed/arm64-osx/lib/libcrypto.a[134](libcrypto-lib-bn_lib.o)) was built for newer 'macOS' version (15.4) than being linked (13.4)
ld: warning: object file (/Users/bytedance/workspace/cemu_android/build/vcpkg_installed/arm64-osx/lib/libcrypto.a[135](libcrypto-lib-bn_mod.o)) was built for newer 'macOS' version (15.4) than being linked (13.4)
ld: warning: object file (/Users/bytedance/workspace/cemu_android/build/vcpkg_installed/arm64-osx/lib/libcrypto.a[136](libcrypto-lib-bn_mont.o)) was built for newer 'macOS' version (15.4) than being linked (13.4)
ld: warning: object file (/Users/bytedance/workspace/cemu_android/build/vcpkg_installed/arm64-osx/lib/libcrypto.a[138](libcrypto-lib-bn_mul.o)) was built for newer 'macOS' version (15.4) than being linked (13.4)
ld: warning: object file (/Users/bytedance/workspace/cemu_android/build/vcpkg_installed/arm64-osx/lib/libcrypto.a[140](libcrypto-lib-bn_prime.o)) was built for newer 'macOS' version (15.4) than being linked (13.4)
ld: warning: object file (/Users/bytedance/workspace/cemu_android/build/vcpkg_installed/arm64-osx/lib/libcrypto.a[141](libcrypto-lib-bn_print.o)) was built for newer 'macOS' version (15.4) than being linked (13.4)
ld: warning: object file (/Users/bytedance/workspace/cemu_android/build/vcpkg_installed/arm64-osx/lib/libcrypto.a[142](libcrypto-lib-bn_rand.o)) was built for newer 'macOS' version (15.4) than being linked (13.4)
ld: warning: object file (/Users/bytedance/workspace/cemu_android/build/vcpkg_installed/arm64-osx/lib/libcrypto.a[143](libcrypto-lib-bn_recp.o)) was built for newer 'macOS' version (15.4) than being linked (13.4)
ld: warning: object file (/Users/bytedance/workspace/cemu_android/build/vcpkg_installed/arm64-osx/lib/libcrypto.a[144](libcrypto-lib-bn_rsa_fips186_4.o)) was built for newer 'macOS' version (15.4) than being linked (13.4)
ld: warning: object file (/Users/bytedance/workspace/cemu_android/build/vcpkg_installed/arm64-osx/lib/libcrypto.a[145](libcrypto-lib-bn_shift.o)) was built for newer 'macOS' version (15.4) than being linked (13.4)
ld: warning: object file (/Users/bytedance/workspace/cemu_android/build/vcpkg_installed/arm64-osx/lib/libcrypto.a[146](libcrypto-lib-bn_sqr.o)) was built for newer 'macOS' version (15.4) than being linked (13.4)
ld: warning: object file (/Users/bytedance/workspace/cemu_android/build/vcpkg_installed/arm64-osx/lib/libcrypto.a[147](libcrypto-lib-bn_sqrt.o)) was built for newer 'macOS' version (15.4) than being linked (13.4)
ld: warning: object file (/Users/bytedance/workspace/cemu_android/build/vcpkg_installed/arm64-osx/lib/libcrypto.a[148](libcrypto-lib-bn_srp.o)) was built for newer 'macOS' version (15.4) than being linked (13.4)
ld: warning: object file (/Users/bytedance/workspace/cemu_android/build/vcpkg_installed/arm64-osx/lib/libcrypto.a[149](libcrypto-lib-bn_word.o)) was built for newer 'macOS' version (15.4) than being linked (13.4)
ld: warning: object file (/Users/bytedance/workspace/cemu_android/build/vcpkg_installed/arm64-osx/lib/libcrypto.a[151](libcrypto-lib-buf_err.o)) was built for newer 'macOS' version (15.4) than being linked (13.4)
ld: warning: object file (/Users/bytedance/workspace/cemu_android/build/vcpkg_installed/arm64-osx/lib/libcrypto.a[152](libcrypto-lib-buffer.o)) was built for newer 'macOS' version (15.4) than being linked (13.4)
ld: warning: object file (/Users/bytedance/workspace/cemu_android/build/vcpkg_installed/arm64-osx/lib/libcrypto.a[153](libcrypto-lib-camellia.o)) was built for newer 'macOS' version (15.4) than being linked (13.4)
ld: warning: object file (/Users/bytedance/workspace/cemu_android/build/vcpkg_installed/arm64-osx/lib/libcrypto.a[154](libcrypto-lib-cmll_cbc.o)) was built for newer 'macOS' version (15.4) than being linked (13.4)
ld: warning: object file (/Users/bytedance/workspace/cemu_android/build/vcpkg_installed/arm64-osx/lib/libcrypto.a[158](libcrypto-lib-cmll_misc.o)) was built for newer 'macOS' version (15.4) than being linked (13.4)
ld: warning: object file (/Users/bytedance/workspace/cemu_android/build/vcpkg_installed/arm64-osx/lib/libcrypto.a[160](libcrypto-lib-c_cfb64.o)) was built for newer 'macOS' version (15.4) than being linked (13.4)
ld: warning: object file (/Users/bytedance/workspace/cemu_android/build/vcpkg_installed/arm64-osx/lib/libcrypto.a[161](libcrypto-lib-c_ecb.o)) was built for newer 'macOS' version (15.4) than being linked (13.4)
ld: warning: object file (/Users/bytedance/workspace/cemu_android/build/vcpkg_installed/arm64-osx/lib/libcrypto.a[162](libcrypto-lib-c_enc.o)) was built for newer 'macOS' version (15.4) than being linked (13.4)
ld: warning: object file (/Users/bytedance/workspace/cemu_android/build/vcpkg_installed/arm64-osx/lib/libcrypto.a[163](libcrypto-lib-c_ofb64.o)) was built for newer 'macOS' version (15.4) than being linked (13.4)
ld: warning: object file (/Users/bytedance/workspace/cemu_android/build/vcpkg_installed/arm64-osx/lib/libcrypto.a[164](libcrypto-lib-c_skey.o)) was built for newer 'macOS' version (15.4) than being linked (13.4)
ld: warning: object file (/Users/bytedance/workspace/cemu_android/build/vcpkg_installed/arm64-osx/lib/libcrypto.a[165](libcrypto-lib-chacha-armv8-sve.o)) was built for newer 'macOS' version (15.4) than being linked (13.4)
ld: warning: object file (/Users/bytedance/workspace/cemu_android/build/vcpkg_installed/arm64-osx/lib/libcrypto.a[166](libcrypto-lib-chacha-armv8.o)) was built for newer 'macOS' version (15.4) than being linked (13.4)
ld: warning: object file (/Users/bytedance/workspace/cemu_android/build/vcpkg_installed/arm64-osx/lib/libcrypto.a[167](libcrypto-lib-cmac.o)) was built for newer 'macOS' version (15.4) than being linked (13.4)
ld: warning: object file (/Users/bytedance/workspace/cemu_android/build/vcpkg_installed/arm64-osx/lib/libcrypto.a[171](libcrypto-lib-cmp_err.o)) was built for newer 'macOS' version (15.4) than being linked (13.4)
ld: warning: object file (/Users/bytedance/workspace/cemu_android/build/vcpkg_installed/arm64-osx/lib/libcrypto.a[179](libcrypto-lib-cmp_util.o)) was built for newer 'macOS' version (15.4) than being linked (13.4)
ld: warning: object file (/Users/bytedance/workspace/cemu_android/build/vcpkg_installed/arm64-osx/lib/libcrypto.a[189](libcrypto-lib-cms_err.o)) was built for newer 'macOS' version (15.4) than being linked (13.4)
ld: warning: object file (/Users/bytedance/workspace/cemu_android/build/vcpkg_installed/arm64-osx/lib/libcrypto.a[198](libcrypto-lib-c_brotli.o)) was built for newer 'macOS' version (15.4) than being linked (13.4)
ld: warning: object file (/Users/bytedance/workspace/cemu_android/build/vcpkg_installed/arm64-osx/lib/libcrypto.a[199](libcrypto-lib-c_zlib.o)) was built for newer 'macOS' version (15.4) than being linked (13.4)
ld: warning: object file (/Users/bytedance/workspace/cemu_android/build/vcpkg_installed/arm64-osx/lib/libcrypto.a[200](libcrypto-lib-c_zstd.o)) was built for newer 'macOS' version (15.4) than being linked (13.4)
ld: warning: object file (/Users/bytedance/workspace/cemu_android/build/vcpkg_installed/arm64-osx/lib/libcrypto.a[201](libcrypto-lib-comp_err.o)) was built for newer 'macOS' version (15.4) than being linked (13.4)
ld: warning: object file (/Users/bytedance/workspace/cemu_android/build/vcpkg_installed/arm64-osx/lib/libcrypto.a[202](libcrypto-lib-comp_lib.o)) was built for newer 'macOS' version (15.4) than being linked (13.4)
ld: warning: object file (/Users/bytedance/workspace/cemu_android/build/vcpkg_installed/arm64-osx/lib/libcrypto.a[203](libcrypto-lib-conf_api.o)) was built for newer 'macOS' version (15.4) than being linked (13.4)
ld: warning: object file (/Users/bytedance/workspace/cemu_android/build/vcpkg_installed/arm64-osx/lib/libcrypto.a[204](libcrypto-lib-conf_def.o)) was built for newer 'macOS' version (15.4) than being linked (13.4)
ld: warning: object file (/Users/bytedance/workspace/cemu_android/build/vcpkg_installed/arm64-osx/lib/libcrypto.a[205](libcrypto-lib-conf_err.o)) was built for newer 'macOS' version (15.4) than being linked (13.4)
ld: warning: object file (/Users/bytedance/workspace/cemu_android/build/vcpkg_installed/arm64-osx/lib/libcrypto.a[206](libcrypto-lib-conf_lib.o)) was built for newer 'macOS' version (15.4) than being linked (13.4)
ld: warning: object file (/Users/bytedance/workspace/cemu_android/build/vcpkg_installed/arm64-osx/lib/libcrypto.a[207](libcrypto-lib-conf_mall.o)) was built for newer 'macOS' version (15.4) than being linked (13.4)
ld: warning: object file (/Users/bytedance/workspace/cemu_android/build/vcpkg_installed/arm64-osx/lib/libcrypto.a[208](libcrypto-lib-conf_mod.o)) was built for newer 'macOS' version (15.4) than being linked (13.4)
ld: warning: object file (/Users/bytedance/workspace/cemu_android/build/vcpkg_installed/arm64-osx/lib/libcrypto.a[209](libcrypto-lib-conf_sap.o)) was built for newer 'macOS' version (15.4) than being linked (13.4)
ld: warning: object file (/Users/bytedance/workspace/cemu_android/build/vcpkg_installed/arm64-osx/lib/libcrypto.a[210](libcrypto-lib-conf_ssl.o)) was built for newer 'macOS' version (15.4) than being linked (13.4)
ld: warning: object file (/Users/bytedance/workspace/cemu_android/build/vcpkg_installed/arm64-osx/lib/libcrypto.a[212](libcrypto-lib-crmf_err.o)) was built for newer 'macOS' version (15.4) than being linked (13.4)
ld: warning: object file (/Users/bytedance/workspace/cemu_android/build/vcpkg_installed/arm64-osx/lib/libcrypto.a[215](libcrypto-lib-ct_b64.o)) was built for newer 'macOS' version (15.4) than being linked (13.4)
ld: warning: object file (/Users/bytedance/workspace/cemu_android/build/vcpkg_installed/arm64-osx/lib/libcrypto.a[216](libcrypto-lib-ct_err.o)) was built for newer 'macOS' version (15.4) than being linked (13.4)
ld: warning: object file (/Users/bytedance/workspace/cemu_android/build/vcpkg_installed/arm64-osx/lib/libcrypto.a[217](libcrypto-lib-ct_log.o)) was built for newer 'macOS' version (15.4) than being linked (13.4)
ld: warning: object file (/Users/bytedance/workspace/cemu_android/build/vcpkg_installed/arm64-osx/lib/libcrypto.a[218](libcrypto-lib-ct_oct.o)) was built for newer 'macOS' version (15.4) than being linked (13.4)
ld: warning: object file (/Users/bytedance/workspace/cemu_android/build/vcpkg_installed/arm64-osx/lib/libcrypto.a[219](libcrypto-lib-ct_policy.o)) was built for newer 'macOS' version (15.4) than being linked (13.4)
ld: warning: object file (/Users/bytedance/workspace/cemu_android/build/vcpkg_installed/arm64-osx/lib/libcrypto.a[220](libcrypto-lib-ct_prn.o)) was built for newer 'macOS' version (15.4) than being linked (13.4)
ld: warning: object file (/Users/bytedance/workspace/cemu_android/build/vcpkg_installed/arm64-osx/lib/libcrypto.a[221](libcrypto-lib-ct_sct.o)) was built for newer 'macOS' version (15.4) than being linked (13.4)
ld: warning: object file (/Users/bytedance/workspace/cemu_android/build/vcpkg_installed/arm64-osx/lib/libcrypto.a[222](libcrypto-lib-ct_sct_ctx.o)) was built for newer 'macOS' version (15.4) than being linked (13.4)
ld: warning: object file (/Users/bytedance/workspace/cemu_android/build/vcpkg_installed/arm64-osx/lib/libcrypto.a[223](libcrypto-lib-ct_vfy.o)) was built for newer 'macOS' version (15.4) than being linked (13.4)
ld: warning: object file (/Users/bytedance/workspace/cemu_android/build/vcpkg_installed/arm64-osx/lib/libcrypto.a[224](libcrypto-lib-ct_x509v3.o)) was built for newer 'macOS' version (15.4) than being linked (13.4)
ld: warning: object file (/Users/bytedance/workspace/cemu_android/build/vcpkg_installed/arm64-osx/lib/libcrypto.a[227](libcrypto-lib-cfb64ede.o)) was built for newer 'macOS' version (15.4) than being linked (13.4)
ld: warning: object file (/Users/bytedance/workspace/cemu_android/build/vcpkg_installed/arm64-osx/lib/libcrypto.a[228](libcrypto-lib-cfb64enc.o)) was built for newer 'macOS' version (15.4) than being linked (13.4)
ld: warning: object file (/Users/bytedance/workspace/cemu_android/build/vcpkg_installed/arm64-osx/lib/libcrypto.a[229](libcrypto-lib-cfb_enc.o)) was built for newer 'macOS' version (15.4) than being linked (13.4)
ld: warning: object file (/Users/bytedance/workspace/cemu_android/build/vcpkg_installed/arm64-osx/lib/libcrypto.a[230](libcrypto-lib-des_enc.o)) was built for newer 'macOS' version (15.4) than being linked (13.4)
ld: warning: object file (/Users/bytedance/workspace/cemu_android/build/vcpkg_installed/arm64-osx/lib/libcrypto.a[231](libcrypto-lib-ecb3_enc.o)) was built for newer 'macOS' version (15.4) than being linked (13.4)
ld: warning: object file (/Users/bytedance/workspace/cemu_android/build/vcpkg_installed/arm64-osx/lib/libcrypto.a[232](libcrypto-lib-ecb_enc.o)) was built for newer 'macOS' version (15.4) than being linked (13.4)
ld: warning: object file (/Users/bytedance/workspace/cemu_android/build/vcpkg_installed/arm64-osx/lib/libcrypto.a[235](libcrypto-lib-ofb64ede.o)) was built for newer 'macOS' version (15.4) than being linked (13.4)
ld: warning: object file (/Users/bytedance/workspace/cemu_android/build/vcpkg_installed/arm64-osx/lib/libcrypto.a[236](libcrypto-lib-ofb64enc.o)) was built for newer 'macOS' version (15.4) than being linked (13.4)
ld: warning: object file (/Users/bytedance/workspace/cemu_android/build/vcpkg_installed/arm64-osx/lib/libcrypto.a[241](libcrypto-lib-set_key.o)) was built for newer 'macOS' version (15.4) than being linked (13.4)
ld: warning: object file (/Users/bytedance/workspace/cemu_android/build/vcpkg_installed/arm64-osx/lib/libcrypto.a[243](libcrypto-lib-xcbc_enc.o)) was built for newer 'macOS' version (15.4) than being linked (13.4)
ld: warning: object file (/Users/bytedance/workspace/cemu_android/build/vcpkg_installed/arm64-osx/lib/libcrypto.a[244](libcrypto-lib-dh_ameth.o)) was built for newer 'macOS' version (15.4) than being linked (13.4)
ld: warning: object file (/Users/bytedance/workspace/cemu_android/build/vcpkg_installed/arm64-osx/lib/libcrypto.a[245](libcrypto-lib-dh_asn1.o)) was built for newer 'macOS' version (15.4) than being linked (13.4)
ld: warning: object file (/Users/bytedance/workspace/cemu_android/build/vcpkg_installed/arm64-osx/lib/libcrypto.a[246](libcrypto-lib-dh_backend.o)) was built for newer 'macOS' version (15.4) than being linked (13.4)
ld: warning: object file (/Users/bytedance/workspace/cemu_android/build/vcpkg_installed/arm64-osx/lib/libcrypto.a[247](libcrypto-lib-dh_check.o)) was built for newer 'macOS' version (15.4) than being linked (13.4)
ld: warning: object file (/Users/bytedance/workspace/cemu_android/build/vcpkg_installed/arm64-osx/lib/libcrypto.a[249](libcrypto-lib-dh_err.o)) was built for newer 'macOS' version (15.4) than being linked (13.4)
ld: warning: object file (/Users/bytedance/workspace/cemu_android/build/vcpkg_installed/arm64-osx/lib/libcrypto.a[250](libcrypto-lib-dh_gen.o)) was built for newer 'macOS' version (15.4) than being linked (13.4)
ld: warning: object file (/Users/bytedance/workspace/cemu_android/build/vcpkg_installed/arm64-osx/lib/libcrypto.a[251](libcrypto-lib-dh_group_params.o)) was built for newer 'macOS' version (15.4) than being linked (13.4)
ld: warning: object file (/Users/bytedance/workspace/cemu_android/build/vcpkg_installed/arm64-osx/lib/libcrypto.a[252](libcrypto-lib-dh_kdf.o)) was built for newer 'macOS' version (15.4) than being linked (13.4)
ld: warning: object file (/Users/bytedance/workspace/cemu_android/build/vcpkg_installed/arm64-osx/lib/libcrypto.a[253](libcrypto-lib-dh_key.o)) was built for newer 'macOS' version (15.4) than being linked (13.4)
ld: warning: object file (/Users/bytedance/workspace/cemu_android/build/vcpkg_installed/arm64-osx/lib/libcrypto.a[254](libcrypto-lib-dh_lib.o)) was built for newer 'macOS' version (15.4) than being linked (13.4)
ld: warning: object file (/Users/bytedance/workspace/cemu_android/build/vcpkg_installed/arm64-osx/lib/libcrypto.a[256](libcrypto-lib-dh_pmeth.o)) was built for newer 'macOS' version (15.4) than being linked (13.4)
ld: warning: object file (/Users/bytedance/workspace/cemu_android/build/vcpkg_installed/arm64-osx/lib/libcrypto.a[259](libcrypto-lib-dsa_ameth.o)) was built for newer 'macOS' version (15.4) than being linked (13.4)
ld: warning: object file (/Users/bytedance/workspace/cemu_android/build/vcpkg_installed/arm64-osx/lib/libcrypto.a[260](libcrypto-lib-dsa_asn1.o)) was built for newer 'macOS' version (15.4) than being linked (13.4)
ld: warning: object file (/Users/bytedance/workspace/cemu_android/build/vcpkg_installed/arm64-osx/lib/libcrypto.a[261](libcrypto-lib-dsa_backend.o)) was built for newer 'macOS' version (15.4) than being linked (13.4)
ld: warning: object file (/Users/bytedance/workspace/cemu_android/build/vcpkg_installed/arm64-osx/lib/libcrypto.a[262](libcrypto-lib-dsa_check.o)) was built for newer 'macOS' version (15.4) than being linked (13.4)
ld: warning: object file (/Users/bytedance/workspace/cemu_android/build/vcpkg_installed/arm64-osx/lib/libcrypto.a[264](libcrypto-lib-dsa_err.o)) was built for newer 'macOS' version (15.4) than being linked (13.4)
ld: warning: object file (/Users/bytedance/workspace/cemu_android/build/vcpkg_installed/arm64-osx/lib/libcrypto.a[265](libcrypto-lib-dsa_gen.o)) was built for newer 'macOS' version (15.4) than being linked (13.4)
ld: warning: object file (/Users/bytedance/workspace/cemu_android/build/vcpkg_installed/arm64-osx/lib/libcrypto.a[266](libcrypto-lib-dsa_key.o)) was built for newer 'macOS' version (15.4) than being linked (13.4)
ld: warning: object file (/Users/bytedance/workspace/cemu_android/build/vcpkg_installed/arm64-osx/lib/libcrypto.a[267](libcrypto-lib-dsa_lib.o)) was built for newer 'macOS' version (15.4) than being linked (13.4)
ld: warning: object file (/Users/bytedance/workspace/cemu_android/build/vcpkg_installed/arm64-osx/lib/libcrypto.a[269](libcrypto-lib-dsa_ossl.o)) was built for newer 'macOS' version (15.4) than being linked (13.4)
ld: warning: object file (/Users/bytedance/workspace/cemu_android/build/vcpkg_installed/arm64-osx/lib/libcrypto.a[270](libcrypto-lib-dsa_pmeth.o)) was built for newer 'macOS' version (15.4) than being linked (13.4)
ld: warning: object file (/Users/bytedance/workspace/cemu_android/build/vcpkg_installed/arm64-osx/lib/libcrypto.a[272](libcrypto-lib-dsa_sign.o)) was built for newer 'macOS' version (15.4) than being linked (13.4)
ld: warning: object file (/Users/bytedance/workspace/cemu_android/build/vcpkg_installed/arm64-osx/lib/libcrypto.a[273](libcrypto-lib-dsa_vrf.o)) was built for newer 'macOS' version (15.4) than being linked (13.4)
ld: warning: object file (/Users/bytedance/workspace/cemu_android/build/vcpkg_installed/arm64-osx/lib/libcrypto.a[275](libcrypto-lib-dso_dlfcn.o)) was built for newer 'macOS' version (15.4) than being linked (13.4)
ld: warning: object file (/Users/bytedance/workspace/cemu_android/build/vcpkg_installed/arm64-osx/lib/libcrypto.a[276](libcrypto-lib-dso_err.o)) was built for newer 'macOS' version (15.4) than being linked (13.4)
ld: warning: object file (/Users/bytedance/workspace/cemu_android/build/vcpkg_installed/arm64-osx/lib/libcrypto.a[277](libcrypto-lib-dso_lib.o)) was built for newer 'macOS' version (15.4) than being linked (13.4)
ld: warning: object file (/Users/bytedance/workspace/cemu_android/build/vcpkg_installed/arm64-osx/lib/libcrypto.a[282](libcrypto-lib-f_impl64.o)) was built for newer 'macOS' version (15.4) than being linked (13.4)
ld: warning: object file (/Users/bytedance/workspace/cemu_android/build/vcpkg_installed/arm64-osx/lib/libcrypto.a[283](libcrypto-lib-curve448.o)) was built for newer 'macOS' version (15.4) than being linked (13.4)
ld: warning: object file (/Users/bytedance/workspace/cemu_android/build/vcpkg_installed/arm64-osx/lib/libcrypto.a[284](libcrypto-lib-curve448_tables.o)) was built for newer 'macOS' version (15.4) than being linked (13.4)
ld: warning: object file (/Users/bytedance/workspace/cemu_android/build/vcpkg_installed/arm64-osx/lib/libcrypto.a[285](libcrypto-lib-eddsa.o)) was built for newer 'macOS' version (15.4) than being linked (13.4)
ld: warning: object file (/Users/bytedance/workspace/cemu_android/build/vcpkg_installed/arm64-osx/lib/libcrypto.a[286](libcrypto-lib-f_generic.o)) was built for newer 'macOS' version (15.4) than being linked (13.4)
ld: warning: object file (/Users/bytedance/workspace/cemu_android/build/vcpkg_installed/arm64-osx/lib/libcrypto.a[287](libcrypto-lib-scalar.o)) was built for newer 'macOS' version (15.4) than being linked (13.4)
ld: warning: object file (/Users/bytedance/workspace/cemu_android/build/vcpkg_installed/arm64-osx/lib/libcrypto.a[288](libcrypto-lib-curve25519.o)) was built for newer 'macOS' version (15.4) than being linked (13.4)
ld: warning: object file (/Users/bytedance/workspace/cemu_android/build/vcpkg_installed/arm64-osx/lib/libcrypto.a[289](libcrypto-lib-ec2_oct.o)) was built for newer 'macOS' version (15.4) than being linked (13.4)
ld: warning: object file (/Users/bytedance/workspace/cemu_android/build/vcpkg_installed/arm64-osx/lib/libcrypto.a[290](libcrypto-lib-ec2_smpl.o)) was built for newer 'macOS' version (15.4) than being linked (13.4)
ld: warning: object file (/Users/bytedance/workspace/cemu_android/build/vcpkg_installed/arm64-osx/lib/libcrypto.a[291](libcrypto-lib-ec_ameth.o)) was built for newer 'macOS' version (15.4) than being linked (13.4)
ld: warning: object file (/Users/bytedance/workspace/cemu_android/build/vcpkg_installed/arm64-osx/lib/libcrypto.a[292](libcrypto-lib-ec_asn1.o)) was built for newer 'macOS' version (15.4) than being linked (13.4)
ld: warning: object file (/Users/bytedance/workspace/cemu_android/build/vcpkg_installed/arm64-osx/lib/libcrypto.a[293](libcrypto-lib-ec_backend.o)) was built for newer 'macOS' version (15.4) than being linked (13.4)
ld: warning: object file (/Users/bytedance/workspace/cemu_android/build/vcpkg_installed/arm64-osx/lib/libcrypto.a[294](libcrypto-lib-ec_check.o)) was built for newer 'macOS' version (15.4) than being linked (13.4)
ld: warning: object file (/Users/bytedance/workspace/cemu_android/build/vcpkg_installed/arm64-osx/lib/libcrypto.a[295](libcrypto-lib-ec_curve.o)) was built for newer 'macOS' version (15.4) than being linked (13.4)
ld: warning: object file (/Users/bytedance/workspace/cemu_android/build/vcpkg_installed/arm64-osx/lib/libcrypto.a[296](libcrypto-lib-ec_cvt.o)) was built for newer 'macOS' version (15.4) than being linked (13.4)
ld: warning: object file (/Users/bytedance/workspace/cemu_android/build/vcpkg_installed/arm64-osx/lib/libcrypto.a[298](libcrypto-lib-ec_err.o)) was built for newer 'macOS' version (15.4) than being linked (13.4)
ld: warning: object file (/Users/bytedance/workspace/cemu_android/build/vcpkg_installed/arm64-osx/lib/libcrypto.a[299](libcrypto-lib-ec_key.o)) was built for newer 'macOS' version (15.4) than being linked (13.4)
ld: warning: object file (/Users/bytedance/workspace/cemu_android/build/vcpkg_installed/arm64-osx/lib/libcrypto.a[300](libcrypto-lib-ec_kmeth.o)) was built for newer 'macOS' version (15.4) than being linked (13.4)
ld: warning: object file (/Users/bytedance/workspace/cemu_android/build/vcpkg_installed/arm64-osx/lib/libcrypto.a[301](libcrypto-lib-ec_lib.o)) was built for newer 'macOS' version (15.4) than being linked (13.4)
ld: warning: object file (/Users/bytedance/workspace/cemu_android/build/vcpkg_installed/arm64-osx/lib/libcrypto.a[302](libcrypto-lib-ec_mult.o)) was built for newer 'macOS' version (15.4) than being linked (13.4)
ld: warning: object file (/Users/bytedance/workspace/cemu_android/build/vcpkg_installed/arm64-osx/lib/libcrypto.a[303](libcrypto-lib-ec_oct.o)) was built for newer 'macOS' version (15.4) than being linked (13.4)
ld: warning: object file (/Users/bytedance/workspace/cemu_android/build/vcpkg_installed/arm64-osx/lib/libcrypto.a[304](libcrypto-lib-ec_pmeth.o)) was built for newer 'macOS' version (15.4) than being linked (13.4)
ld: warning: object file (/Users/bytedance/workspace/cemu_android/build/vcpkg_installed/arm64-osx/lib/libcrypto.a[306](libcrypto-lib-ecdh_kdf.o)) was built for newer 'macOS' version (15.4) than being linked (13.4)
ld: warning: object file (/Users/bytedance/workspace/cemu_android/build/vcpkg_installed/arm64-osx/lib/libcrypto.a[307](libcrypto-lib-ecdh_ossl.o)) was built for newer 'macOS' version (15.4) than being linked (13.4)
ld: warning: object file (/Users/bytedance/workspace/cemu_android/build/vcpkg_installed/arm64-osx/lib/libcrypto.a[308](libcrypto-lib-ecdsa_ossl.o)) was built for newer 'macOS' version (15.4) than being linked (13.4)
ld: warning: object file (/Users/bytedance/workspace/cemu_android/build/vcpkg_installed/arm64-osx/lib/libcrypto.a[309](libcrypto-lib-ecdsa_sign.o)) was built for newer 'macOS' version (15.4) than being linked (13.4)
ld: warning: object file (/Users/bytedance/workspace/cemu_android/build/vcpkg_installed/arm64-osx/lib/libcrypto.a[310](libcrypto-lib-ecdsa_vrf.o)) was built for newer 'macOS' version (15.4) than being linked (13.4)
ld: warning: object file (/Users/bytedance/workspace/cemu_android/build/vcpkg_installed/arm64-osx/lib/libcrypto.a[311](libcrypto-lib-eck_prn.o)) was built for newer 'macOS' version (15.4) than being linked (13.4)
ld: warning: object file (/Users/bytedance/workspace/cemu_android/build/vcpkg_installed/arm64-osx/lib/libcrypto.a[312](libcrypto-lib-ecp_mont.o)) was built for newer 'macOS' version (15.4) than being linked (13.4)
ld: warning: object file (/Users/bytedance/workspace/cemu_android/build/vcpkg_installed/arm64-osx/lib/libcrypto.a[314](libcrypto-lib-ecp_nistz256-armv8.o)) was built for newer 'macOS' version (15.4) than being linked (13.4)
ld: warning: object file (/Users/bytedance/workspace/cemu_android/build/vcpkg_installed/arm64-osx/lib/libcrypto.a[315](libcrypto-lib-ecp_nistz256.o)) was built for newer 'macOS' version (15.4) than being linked (13.4)
ld: warning: object file (/Users/bytedance/workspace/cemu_android/build/vcpkg_installed/arm64-osx/lib/libcrypto.a[316](libcrypto-lib-ecp_oct.o)) was built for newer 'macOS' version (15.4) than being linked (13.4)
ld: warning: object file (/Users/bytedance/workspace/cemu_android/build/vcpkg_installed/arm64-osx/lib/libcrypto.a[317](libcrypto-lib-ecp_sm2p256-armv8.o)) was built for newer 'macOS' version (15.4) than being linked (13.4)
ld: warning: object file (/Users/bytedance/workspace/cemu_android/build/vcpkg_installed/arm64-osx/lib/libcrypto.a[318](libcrypto-lib-ecp_sm2p256.o)) was built for newer 'macOS' version (15.4) than being linked (13.4)
ld: warning: object file (/Users/bytedance/workspace/cemu_android/build/vcpkg_installed/arm64-osx/lib/libcrypto.a[319](libcrypto-lib-ecp_sm2p256_table.o)) was built for newer 'macOS' version (15.4) than being linked (13.4)
ld: warning: object file (/Users/bytedance/workspace/cemu_android/build/vcpkg_installed/arm64-osx/lib/libcrypto.a[320](libcrypto-lib-ecp_smpl.o)) was built for newer 'macOS' version (15.4) than being linked (13.4)
ld: warning: object file (/Users/bytedance/workspace/cemu_android/build/vcpkg_installed/arm64-osx/lib/libcrypto.a[321](libcrypto-lib-ecx_backend.o)) was built for newer 'macOS' version (15.4) than being linked (13.4)
ld: warning: object file (/Users/bytedance/workspace/cemu_android/build/vcpkg_installed/arm64-osx/lib/libcrypto.a[322](libcrypto-lib-ecx_key.o)) was built for newer 'macOS' version (15.4) than being linked (13.4)
ld: warning: object file (/Users/bytedance/workspace/cemu_android/build/vcpkg_installed/arm64-osx/lib/libcrypto.a[323](libcrypto-lib-ecx_meth.o)) was built for newer 'macOS' version (15.4) than being linked (13.4)
ld: warning: object file (/Users/bytedance/workspace/cemu_android/build/vcpkg_installed/arm64-osx/lib/libcrypto.a[325](libcrypto-lib-decoder_lib.o)) was built for newer 'macOS' version (15.4) than being linked (13.4)
ld: warning: object file (/Users/bytedance/workspace/cemu_android/build/vcpkg_installed/arm64-osx/lib/libcrypto.a[326](libcrypto-lib-decoder_meth.o)) was built for newer 'macOS' version (15.4) than being linked (13.4)
ld: warning: object file (/Users/bytedance/workspace/cemu_android/build/vcpkg_installed/arm64-osx/lib/libcrypto.a[327](libcrypto-lib-decoder_pkey.o)) was built for newer 'macOS' version (15.4) than being linked (13.4)
ld: warning: object file (/Users/bytedance/workspace/cemu_android/build/vcpkg_installed/arm64-osx/lib/libcrypto.a[329](libcrypto-lib-encoder_lib.o)) was built for newer 'macOS' version (15.4) than being linked (13.4)
ld: warning: object file (/Users/bytedance/workspace/cemu_android/build/vcpkg_installed/arm64-osx/lib/libcrypto.a[330](libcrypto-lib-encoder_meth.o)) was built for newer 'macOS' version (15.4) than being linked (13.4)
ld: warning: object file (/Users/bytedance/workspace/cemu_android/build/vcpkg_installed/arm64-osx/lib/libcrypto.a[331](libcrypto-lib-encoder_pkey.o)) was built for newer 'macOS' version (15.4) than being linked (13.4)
ld: warning: object file (/Users/bytedance/workspace/cemu_android/build/vcpkg_installed/arm64-osx/lib/libcrypto.a[332](libcrypto-lib-eng_all.o)) was built for newer 'macOS' version (15.4) than being linked (13.4)
ld: warning: object file (/Users/bytedance/workspace/cemu_android/build/vcpkg_installed/arm64-osx/lib/libcrypto.a[333](libcrypto-lib-eng_cnf.o)) was built for newer 'macOS' version (15.4) than being linked (13.4)
ld: warning: object file (/Users/bytedance/workspace/cemu_android/build/vcpkg_installed/arm64-osx/lib/libcrypto.a[334](libcrypto-lib-eng_ctrl.o)) was built for newer 'macOS' version (15.4) than being linked (13.4)
ld: warning: object file (/Users/bytedance/workspace/cemu_android/build/vcpkg_installed/arm64-osx/lib/libcrypto.a[335](libcrypto-lib-eng_dyn.o)) was built for newer 'macOS' version (15.4) than being linked (13.4)
ld: warning: object file (/Users/bytedance/workspace/cemu_android/build/vcpkg_installed/arm64-osx/lib/libcrypto.a[336](libcrypto-lib-eng_err.o)) was built for newer 'macOS' version (15.4) than being linked (13.4)
ld: warning: object file (/Users/bytedance/workspace/cemu_android/build/vcpkg_installed/arm64-osx/lib/libcrypto.a[337](libcrypto-lib-eng_fat.o)) was built for newer 'macOS' version (15.4) than being linked (13.4)
ld: warning: object file (/Users/bytedance/workspace/cemu_android/build/vcpkg_installed/arm64-osx/lib/libcrypto.a[338](libcrypto-lib-eng_init.o)) was built for newer 'macOS' version (15.4) than being linked (13.4)
ld: warning: object file (/Users/bytedance/workspace/cemu_android/build/vcpkg_installed/arm64-osx/lib/libcrypto.a[339](libcrypto-lib-eng_lib.o)) was built for newer 'macOS' version (15.4) than being linked (13.4)
ld: warning: object file (/Users/bytedance/workspace/cemu_android/build/vcpkg_installed/arm64-osx/lib/libcrypto.a[340](libcrypto-lib-eng_list.o)) was built for newer 'macOS' version (15.4) than being linked (13.4)
ld: warning: object file (/Users/bytedance/workspace/cemu_android/build/vcpkg_installed/arm64-osx/lib/libcrypto.a[341](libcrypto-lib-eng_openssl.o)) was built for newer 'macOS' version (15.4) than being linked (13.4)
ld: warning: object file (/Users/bytedance/workspace/cemu_android/build/vcpkg_installed/arm64-osx/lib/libcrypto.a[342](libcrypto-lib-eng_pkey.o)) was built for newer 'macOS' version (15.4) than being linked (13.4)
ld: warning: object file (/Users/bytedance/workspace/cemu_android/build/vcpkg_installed/arm64-osx/lib/libcrypto.a[343](libcrypto-lib-eng_rdrand.o)) was built for newer 'macOS' version (15.4) than being linked (13.4)
ld: warning: object file (/Users/bytedance/workspace/cemu_android/build/vcpkg_installed/arm64-osx/lib/libcrypto.a[344](libcrypto-lib-eng_table.o)) was built for newer 'macOS' version (15.4) than being linked (13.4)
ld: warning: object file (/Users/bytedance/workspace/cemu_android/build/vcpkg_installed/arm64-osx/lib/libcrypto.a[345](libcrypto-lib-tb_asnmth.o)) was built for newer 'macOS' version (15.4) than being linked (13.4)
ld: warning: object file (/Users/bytedance/workspace/cemu_android/build/vcpkg_installed/arm64-osx/lib/libcrypto.a[346](libcrypto-lib-tb_cipher.o)) was built for newer 'macOS' version (15.4) than being linked (13.4)
ld: warning: object file (/Users/bytedance/workspace/cemu_android/build/vcpkg_installed/arm64-osx/lib/libcrypto.a[347](libcrypto-lib-tb_dh.o)) was built for newer 'macOS' version (15.4) than being linked (13.4)
ld: warning: object file (/Users/bytedance/workspace/cemu_android/build/vcpkg_installed/arm64-osx/lib/libcrypto.a[348](libcrypto-lib-tb_digest.o)) was built for newer 'macOS' version (15.4) than being linked (13.4)
ld: warning: object file (/Users/bytedance/workspace/cemu_android/build/vcpkg_installed/arm64-osx/lib/libcrypto.a[349](libcrypto-lib-tb_dsa.o)) was built for newer 'macOS' version (15.4) than being linked (13.4)
ld: warning: object file (/Users/bytedance/workspace/cemu_android/build/vcpkg_installed/arm64-osx/lib/libcrypto.a[350](libcrypto-lib-tb_eckey.o)) was built for newer 'macOS' version (15.4) than being linked (13.4)
ld: warning: object file (/Users/bytedance/workspace/cemu_android/build/vcpkg_installed/arm64-osx/lib/libcrypto.a[351](libcrypto-lib-tb_pkmeth.o)) was built for newer 'macOS' version (15.4) than being linked (13.4)
ld: warning: object file (/Users/bytedance/workspace/cemu_android/build/vcpkg_installed/arm64-osx/lib/libcrypto.a[352](libcrypto-lib-tb_rand.o)) was built for newer 'macOS' version (15.4) than being linked (13.4)
ld: warning: object file (/Users/bytedance/workspace/cemu_android/build/vcpkg_installed/arm64-osx/lib/libcrypto.a[353](libcrypto-lib-tb_rsa.o)) was built for newer 'macOS' version (15.4) than being linked (13.4)
ld: warning: object file (/Users/bytedance/workspace/cemu_android/build/vcpkg_installed/arm64-osx/lib/libcrypto.a[354](libcrypto-lib-err.o)) was built for newer 'macOS' version (15.4) than being linked (13.4)
ld: warning: object file (/Users/bytedance/workspace/cemu_android/build/vcpkg_installed/arm64-osx/lib/libcrypto.a[355](libcrypto-lib-err_all.o)) was built for newer 'macOS' version (15.4) than being linked (13.4)
ld: warning: object file (/Users/bytedance/workspace/cemu_android/build/vcpkg_installed/arm64-osx/lib/libcrypto.a[357](libcrypto-lib-err_blocks.o)) was built for newer 'macOS' version (15.4) than being linked (13.4)
ld: warning: object file (/Users/bytedance/workspace/cemu_android/build/vcpkg_installed/arm64-osx/lib/libcrypto.a[358](libcrypto-lib-err_mark.o)) was built for newer 'macOS' version (15.4) than being linked (13.4)
ld: warning: object file (/Users/bytedance/workspace/cemu_android/build/vcpkg_installed/arm64-osx/lib/libcrypto.a[359](libcrypto-lib-err_prn.o)) was built for newer 'macOS' version (15.4) than being linked (13.4)
ld: warning: object file (/Users/bytedance/workspace/cemu_android/build/vcpkg_installed/arm64-osx/lib/libcrypto.a[360](libcrypto-lib-err_save.o)) was built for newer 'macOS' version (15.4) than being linked (13.4)
ld: warning: object file (/Users/bytedance/workspace/cemu_android/build/vcpkg_installed/arm64-osx/lib/libcrypto.a[362](libcrypto-lib-ess_err.o)) was built for newer 'macOS' version (15.4) than being linked (13.4)
ld: warning: object file (/Users/bytedance/workspace/cemu_android/build/vcpkg_installed/arm64-osx/lib/libcrypto.a[364](libcrypto-lib-asymcipher.o)) was built for newer 'macOS' version (15.4) than being linked (13.4)
ld: warning: object file (/Users/bytedance/workspace/cemu_android/build/vcpkg_installed/arm64-osx/lib/libcrypto.a[366](libcrypto-lib-bio_enc.o)) was built for newer 'macOS' version (15.4) than being linked (13.4)
ld: warning: object file (/Users/bytedance/workspace/cemu_android/build/vcpkg_installed/arm64-osx/lib/libcrypto.a[367](libcrypto-lib-bio_md.o)) was built for newer 'macOS' version (15.4) than being linked (13.4)
ld: warning: object file (/Users/bytedance/workspace/cemu_android/build/vcpkg_installed/arm64-osx/lib/libcrypto.a[369](libcrypto-lib-c_allc.o)) was built for newer 'macOS' version (15.4) than being linked (13.4)
ld: warning: object file (/Users/bytedance/workspace/cemu_android/build/vcpkg_installed/arm64-osx/lib/libcrypto.a[370](libcrypto-lib-c_alld.o)) was built for newer 'macOS' version (15.4) than being linked (13.4)
ld: warning: object file (/Users/bytedance/workspace/cemu_android/build/vcpkg_installed/arm64-osx/lib/libcrypto.a[371](libcrypto-lib-cmeth_lib.o)) was built for newer 'macOS' version (15.4) than being linked (13.4)
ld: warning: object file (/Users/bytedance/workspace/cemu_android/build/vcpkg_installed/arm64-osx/lib/libcrypto.a[372](libcrypto-lib-ctrl_params_translate.o)) was built for newer 'macOS' version (15.4) than being linked (13.4)
ld: warning: object file (/Users/bytedance/workspace/cemu_android/build/vcpkg_installed/arm64-osx/lib/libcrypto.a[373](libcrypto-lib-dh_ctrl.o)) was built for newer 'macOS' version (15.4) than being linked (13.4)
ld: warning: object file (/Users/bytedance/workspace/cemu_android/build/vcpkg_installed/arm64-osx/lib/libcrypto.a[374](libcrypto-lib-dh_support.o)) was built for newer 'macOS' version (15.4) than being linked (13.4)
ld: warning: object file (/Users/bytedance/workspace/cemu_android/build/vcpkg_installed/arm64-osx/lib/libcrypto.a[375](libcrypto-lib-digest.o)) was built for newer 'macOS' version (15.4) than being linked (13.4)
ld: warning: object file (/Users/bytedance/workspace/cemu_android/build/vcpkg_installed/arm64-osx/lib/libcrypto.a[376](libcrypto-lib-dsa_ctrl.o)) was built for newer 'macOS' version (15.4) than being linked (13.4)
ld: warning: object file (/Users/bytedance/workspace/cemu_android/build/vcpkg_installed/arm64-osx/lib/libcrypto.a[377](libcrypto-lib-e_aes.o)) was built for newer 'macOS' version (15.4) than being linked (13.4)
ld: warning: object file (/Users/bytedance/workspace/cemu_android/build/vcpkg_installed/arm64-osx/lib/libcrypto.a[378](libcrypto-lib-e_aes_cbc_hmac_sha1.o)) was built for newer 'macOS' version (15.4) than being linked (13.4)
ld: warning: object file (/Users/bytedance/workspace/cemu_android/build/vcpkg_installed/arm64-osx/lib/libcrypto.a[379](libcrypto-lib-e_aes_cbc_hmac_sha256.o)) was built for newer 'macOS' version (15.4) than being linked (13.4)
ld: warning: object file (/Users/bytedance/workspace/cemu_android/build/vcpkg_installed/arm64-osx/lib/libcrypto.a[380](libcrypto-lib-e_aria.o)) was built for newer 'macOS' version (15.4) than being linked (13.4)
ld: warning: object file (/Users/bytedance/workspace/cemu_android/build/vcpkg_installed/arm64-osx/lib/libcrypto.a[381](libcrypto-lib-e_bf.o)) was built for newer 'macOS' version (15.4) than being linked (13.4)
ld: warning: object file (/Users/bytedance/workspace/cemu_android/build/vcpkg_installed/arm64-osx/lib/libcrypto.a[382](libcrypto-lib-e_camellia.o)) was built for newer 'macOS' version (15.4) than being linked (13.4)
ld: warning: object file (/Users/bytedance/workspace/cemu_android/build/vcpkg_installed/arm64-osx/lib/libcrypto.a[383](libcrypto-lib-e_cast.o)) was built for newer 'macOS' version (15.4) than being linked (13.4)
ld: warning: object file (/Users/bytedance/workspace/cemu_android/build/vcpkg_installed/arm64-osx/lib/libcrypto.a[384](libcrypto-lib-e_chacha20_poly1305.o)) was built for newer 'macOS' version (15.4) than being linked (13.4)
ld: warning: object file (/Users/bytedance/workspace/cemu_android/build/vcpkg_installed/arm64-osx/lib/libcrypto.a[385](libcrypto-lib-e_des.o)) was built for newer 'macOS' version (15.4) than being linked (13.4)
ld: warning: object file (/Users/bytedance/workspace/cemu_android/build/vcpkg_installed/arm64-osx/lib/libcrypto.a[386](libcrypto-lib-e_des3.o)) was built for newer 'macOS' version (15.4) than being linked (13.4)
ld: warning: object file (/Users/bytedance/workspace/cemu_android/build/vcpkg_installed/arm64-osx/lib/libcrypto.a[387](libcrypto-lib-e_idea.o)) was built for newer 'macOS' version (15.4) than being linked (13.4)
ld: warning: object file (/Users/bytedance/workspace/cemu_android/build/vcpkg_installed/arm64-osx/lib/libcrypto.a[390](libcrypto-lib-e_rc2.o)) was built for newer 'macOS' version (15.4) than being linked (13.4)
ld: warning: object file (/Users/bytedance/workspace/cemu_android/build/vcpkg_installed/arm64-osx/lib/libcrypto.a[391](libcrypto-lib-e_rc4.o)) was built for newer 'macOS' version (15.4) than being linked (13.4)
ld: warning: object file (/Users/bytedance/workspace/cemu_android/build/vcpkg_installed/arm64-osx/lib/libcrypto.a[392](libcrypto-lib-e_rc4_hmac_md5.o)) was built for newer 'macOS' version (15.4) than being linked (13.4)
ld: warning: object file (/Users/bytedance/workspace/cemu_android/build/vcpkg_installed/arm64-osx/lib/libcrypto.a[394](libcrypto-lib-e_seed.o)) was built for newer 'macOS' version (15.4) than being linked (13.4)
ld: warning: object file (/Users/bytedance/workspace/cemu_android/build/vcpkg_installed/arm64-osx/lib/libcrypto.a[395](libcrypto-lib-e_sm4.o)) was built for newer 'macOS' version (15.4) than being linked (13.4)
ld: warning: object file (/Users/bytedance/workspace/cemu_android/build/vcpkg_installed/arm64-osx/lib/libcrypto.a[396](libcrypto-lib-e_xcbc_d.o)) was built for newer 'macOS' version (15.4) than being linked (13.4)
ld: warning: object file (/Users/bytedance/workspace/cemu_android/build/vcpkg_installed/arm64-osx/lib/libcrypto.a[397](libcrypto-lib-ec_ctrl.o)) was built for newer 'macOS' version (15.4) than being linked (13.4)
ld: warning: object file (/Users/bytedance/workspace/cemu_android/build/vcpkg_installed/arm64-osx/lib/libcrypto.a[398](libcrypto-lib-ec_support.o)) was built for newer 'macOS' version (15.4) than being linked (13.4)
ld: warning: object file (/Users/bytedance/workspace/cemu_android/build/vcpkg_installed/arm64-osx/lib/libcrypto.a[399](libcrypto-lib-encode.o)) was built for newer 'macOS' version (15.4) than being linked (13.4)
ld: warning: object file (/Users/bytedance/workspace/cemu_android/build/vcpkg_installed/arm64-osx/lib/libcrypto.a[400](libcrypto-lib-evp_cnf.o)) was built for newer 'macOS' version (15.4) than being linked (13.4)
ld: warning: object file (/Users/bytedance/workspace/cemu_android/build/vcpkg_installed/arm64-osx/lib/libcrypto.a[401](libcrypto-lib-evp_enc.o)) was built for newer 'macOS' version (15.4) than being linked (13.4)
ld: warning: object file (/Users/bytedance/workspace/cemu_android/build/vcpkg_installed/arm64-osx/lib/libcrypto.a[402](libcrypto-lib-evp_err.o)) was built for newer 'macOS' version (15.4) than being linked (13.4)
ld: warning: object file (/Users/bytedance/workspace/cemu_android/build/vcpkg_installed/arm64-osx/lib/libcrypto.a[403](libcrypto-lib-evp_fetch.o)) was built for newer 'macOS' version (15.4) than being linked (13.4)
ld: warning: object file (/Users/bytedance/workspace/cemu_android/build/vcpkg_installed/arm64-osx/lib/libcrypto.a[404](libcrypto-lib-evp_key.o)) was built for newer 'macOS' version (15.4) than being linked (13.4)
ld: warning: object file (/Users/bytedance/workspace/cemu_android/build/vcpkg_installed/arm64-osx/lib/libcrypto.a[405](libcrypto-lib-evp_lib.o)) was built for newer 'macOS' version (15.4) than being linked (13.4)
ld: warning: object file (/Users/bytedance/workspace/cemu_android/build/vcpkg_installed/arm64-osx/lib/libcrypto.a[406](libcrypto-lib-evp_pbe.o)) was built for newer 'macOS' version (15.4) than being linked (13.4)
ld: warning: object file (/Users/bytedance/workspace/cemu_android/build/vcpkg_installed/arm64-osx/lib/libcrypto.a[407](libcrypto-lib-evp_pkey.o)) was built for newer 'macOS' version (15.4) than being linked (13.4)
ld: warning: object file (/Users/bytedance/workspace/cemu_android/build/vcpkg_installed/arm64-osx/lib/libcrypto.a[408](libcrypto-lib-evp_rand.o)) was built for newer 'macOS' version (15.4) than being linked (13.4)
ld: warning: object file (/Users/bytedance/workspace/cemu_android/build/vcpkg_installed/arm64-osx/lib/libcrypto.a[409](libcrypto-lib-evp_utils.o)) was built for newer 'macOS' version (15.4) than being linked (13.4)
ld: warning: object file (/Users/bytedance/workspace/cemu_android/build/vcpkg_installed/arm64-osx/lib/libcrypto.a[410](libcrypto-lib-exchange.o)) was built for newer 'macOS' version (15.4) than being linked (13.4)
ld: warning: object file (/Users/bytedance/workspace/cemu_android/build/vcpkg_installed/arm64-osx/lib/libcrypto.a[411](libcrypto-lib-kdf_lib.o)) was built for newer 'macOS' version (15.4) than being linked (13.4)
ld: warning: object file (/Users/bytedance/workspace/cemu_android/build/vcpkg_installed/arm64-osx/lib/libcrypto.a[412](libcrypto-lib-kdf_meth.o)) was built for newer 'macOS' version (15.4) than being linked (13.4)
ld: warning: object file (/Users/bytedance/workspace/cemu_android/build/vcpkg_installed/arm64-osx/lib/libcrypto.a[413](libcrypto-lib-kem.o)) was built for newer 'macOS' version (15.4) than being linked (13.4)
ld: warning: object file (/Users/bytedance/workspace/cemu_android/build/vcpkg_installed/arm64-osx/lib/libcrypto.a[414](libcrypto-lib-keymgmt_lib.o)) was built for newer 'macOS' version (15.4) than being linked (13.4)
ld: warning: object file (/Users/bytedance/workspace/cemu_android/build/vcpkg_installed/arm64-osx/lib/libcrypto.a[415](libcrypto-lib-keymgmt_meth.o)) was built for newer 'macOS' version (15.4) than being linked (13.4)
ld: warning: object file (/Users/bytedance/workspace/cemu_android/build/vcpkg_installed/arm64-osx/lib/libcrypto.a[416](libcrypto-lib-legacy_blake2.o)) was built for newer 'macOS' version (15.4) than being linked (13.4)
ld: warning: object file (/Users/bytedance/workspace/cemu_android/build/vcpkg_installed/arm64-osx/lib/libcrypto.a[417](libcrypto-lib-legacy_md4.o)) was built for newer 'macOS' version (15.4) than being linked (13.4)
ld: warning: object file (/Users/bytedance/workspace/cemu_android/build/vcpkg_installed/arm64-osx/lib/libcrypto.a[418](libcrypto-lib-legacy_md5.o)) was built for newer 'macOS' version (15.4) than being linked (13.4)
ld: warning: object file (/Users/bytedance/workspace/cemu_android/build/vcpkg_installed/arm64-osx/lib/libcrypto.a[419](libcrypto-lib-legacy_md5_sha1.o)) was built for newer 'macOS' version (15.4) than being linked (13.4)
ld: warning: object file (/Users/bytedance/workspace/cemu_android/build/vcpkg_installed/arm64-osx/lib/libcrypto.a[420](libcrypto-lib-legacy_mdc2.o)) was built for newer 'macOS' version (15.4) than being linked (13.4)
ld: warning: object file (/Users/bytedance/workspace/cemu_android/build/vcpkg_installed/arm64-osx/lib/libcrypto.a[421](libcrypto-lib-legacy_ripemd.o)) was built for newer 'macOS' version (15.4) than being linked (13.4)
ld: warning: object file (/Users/bytedance/workspace/cemu_android/build/vcpkg_installed/arm64-osx/lib/libcrypto.a[422](libcrypto-lib-legacy_sha.o)) was built for newer 'macOS' version (15.4) than being linked (13.4)
ld: warning: object file (/Users/bytedance/workspace/cemu_android/build/vcpkg_installed/arm64-osx/lib/libcrypto.a[423](libcrypto-lib-legacy_wp.o)) was built for newer 'macOS' version (15.4) than being linked (13.4)
ld: warning: object file (/Users/bytedance/workspace/cemu_android/build/vcpkg_installed/arm64-osx/lib/libcrypto.a[424](libcrypto-lib-m_null.o)) was built for newer 'macOS' version (15.4) than being linked (13.4)
ld: warning: object file (/Users/bytedance/workspace/cemu_android/build/vcpkg_installed/arm64-osx/lib/libcrypto.a[425](libcrypto-lib-m_sigver.o)) was built for newer 'macOS' version (15.4) than being linked (13.4)
ld: warning: object file (/Users/bytedance/workspace/cemu_android/build/vcpkg_installed/arm64-osx/lib/libcrypto.a[426](libcrypto-lib-mac_lib.o)) was built for newer 'macOS' version (15.4) than being linked (13.4)
ld: warning: object file (/Users/bytedance/workspace/cemu_android/build/vcpkg_installed/arm64-osx/lib/libcrypto.a[427](libcrypto-lib-mac_meth.o)) was built for newer 'macOS' version (15.4) than being linked (13.4)
ld: warning: object file (/Users/bytedance/workspace/cemu_android/build/vcpkg_installed/arm64-osx/lib/libcrypto.a[428](libcrypto-lib-names.o)) was built for newer 'macOS' version (15.4) than being linked (13.4)
ld: warning: object file (/Users/bytedance/workspace/cemu_android/build/vcpkg_installed/arm64-osx/lib/libcrypto.a[429](libcrypto-lib-p5_crpt.o)) was built for newer 'macOS' version (15.4) than being linked (13.4)
ld: warning: object file (/Users/bytedance/workspace/cemu_android/build/vcpkg_installed/arm64-osx/lib/libcrypto.a[430](libcrypto-lib-p5_crpt2.o)) was built for newer 'macOS' version (15.4) than being linked (13.4)
ld: warning: object file (/Users/bytedance/workspace/cemu_android/build/vcpkg_installed/arm64-osx/lib/libcrypto.a[433](libcrypto-lib-p_legacy.o)) was built for newer 'macOS' version (15.4) than being linked (13.4)
ld: warning: object file (/Users/bytedance/workspace/cemu_android/build/vcpkg_installed/arm64-osx/lib/libcrypto.a[434](libcrypto-lib-p_lib.o)) was built for newer 'macOS' version (15.4) than being linked (13.4)
ld: warning: object file (/Users/bytedance/workspace/cemu_android/build/vcpkg_installed/arm64-osx/lib/libcrypto.a[437](libcrypto-lib-p_sign.o)) was built for newer 'macOS' version (15.4) than being linked (13.4)
ld: warning: object file (/Users/bytedance/workspace/cemu_android/build/vcpkg_installed/arm64-osx/lib/libcrypto.a[438](libcrypto-lib-p_verify.o)) was built for newer 'macOS' version (15.4) than being linked (13.4)
ld: warning: object file (/Users/bytedance/workspace/cemu_android/build/vcpkg_installed/arm64-osx/lib/libcrypto.a[439](libcrypto-lib-pbe_scrypt.o)) was built for newer 'macOS' version (15.4) than being linked (13.4)
ld: warning: object file (/Users/bytedance/workspace/cemu_android/build/vcpkg_installed/arm64-osx/lib/libcrypto.a[440](libcrypto-lib-pmeth_check.o)) was built for newer 'macOS' version (15.4) than being linked (13.4)
ld: warning: object file (/Users/bytedance/workspace/cemu_android/build/vcpkg_installed/arm64-osx/lib/libcrypto.a[441](libcrypto-lib-pmeth_gn.o)) was built for newer 'macOS' version (15.4) than being linked (13.4)
ld: warning: object file (/Users/bytedance/workspace/cemu_android/build/vcpkg_installed/arm64-osx/lib/libcrypto.a[442](libcrypto-lib-pmeth_lib.o)) was built for newer 'macOS' version (15.4) than being linked (13.4)
ld: warning: object file (/Users/bytedance/workspace/cemu_android/build/vcpkg_installed/arm64-osx/lib/libcrypto.a[443](libcrypto-lib-s_lib.o)) was built for newer 'macOS' version (15.4) than being linked (13.4)
ld: warning: object file (/Users/bytedance/workspace/cemu_android/build/vcpkg_installed/arm64-osx/lib/libcrypto.a[444](libcrypto-lib-signature.o)) was built for newer 'macOS' version (15.4) than being linked (13.4)
ld: warning: object file (/Users/bytedance/workspace/cemu_android/build/vcpkg_installed/arm64-osx/lib/libcrypto.a[445](libcrypto-lib-skeymgmt_meth.o)) was built for newer 'macOS' version (15.4) than being linked (13.4)
ld: warning: object file (/Users/bytedance/workspace/cemu_android/build/vcpkg_installed/arm64-osx/lib/libcrypto.a[446](libcrypto-lib-ffc_backend.o)) was built for newer 'macOS' version (15.4) than being linked (13.4)
ld: warning: object file (/Users/bytedance/workspace/cemu_android/build/vcpkg_installed/arm64-osx/lib/libcrypto.a[447](libcrypto-lib-ffc_dh.o)) was built for newer 'macOS' version (15.4) than being linked (13.4)
ld: warning: object file (/Users/bytedance/workspace/cemu_android/build/vcpkg_installed/arm64-osx/lib/libcrypto.a[448](libcrypto-lib-ffc_key_generate.o)) was built for newer 'macOS' version (15.4) than being linked (13.4)
ld: warning: object file (/Users/bytedance/workspace/cemu_android/build/vcpkg_installed/arm64-osx/lib/libcrypto.a[449](libcrypto-lib-ffc_key_validate.o)) was built for newer 'macOS' version (15.4) than being linked (13.4)
ld: warning: object file (/Users/bytedance/workspace/cemu_android/build/vcpkg_installed/arm64-osx/lib/libcrypto.a[450](libcrypto-lib-ffc_params.o)) was built for newer 'macOS' version (15.4) than being linked (13.4)
ld: warning: object file (/Users/bytedance/workspace/cemu_android/build/vcpkg_installed/arm64-osx/lib/libcrypto.a[451](libcrypto-lib-ffc_params_generate.o)) was built for newer 'macOS' version (15.4) than being linked (13.4)
ld: warning: object file (/Users/bytedance/workspace/cemu_android/build/vcpkg_installed/arm64-osx/lib/libcrypto.a[452](libcrypto-lib-ffc_params_validate.o)) was built for newer 'macOS' version (15.4) than being linked (13.4)
ld: warning: object file (/Users/bytedance/workspace/cemu_android/build/vcpkg_installed/arm64-osx/lib/libcrypto.a[453](libcrypto-lib-hashfunc.o)) was built for newer 'macOS' version (15.4) than being linked (13.4)
ld: warning: object file (/Users/bytedance/workspace/cemu_android/build/vcpkg_installed/arm64-osx/lib/libcrypto.a[454](libcrypto-lib-hashtable.o)) was built for newer 'macOS' version (15.4) than being linked (13.4)
ld: warning: object file (/Users/bytedance/workspace/cemu_android/build/vcpkg_installed/arm64-osx/lib/libcrypto.a[455](libcrypto-lib-hmac.o)) was built for newer 'macOS' version (15.4) than being linked (13.4)
ld: warning: object file (/Users/bytedance/workspace/cemu_android/build/vcpkg_installed/arm64-osx/lib/libcrypto.a[457](libcrypto-lib-hpke_util.o)) was built for newer 'macOS' version (15.4) than being linked (13.4)
ld: warning: object file (/Users/bytedance/workspace/cemu_android/build/vcpkg_installed/arm64-osx/lib/libcrypto.a[458](libcrypto-lib-http_client.o)) was built for newer 'macOS' version (15.4) than being linked (13.4)
ld: warning: object file (/Users/bytedance/workspace/cemu_android/build/vcpkg_installed/arm64-osx/lib/libcrypto.a[459](libcrypto-lib-http_err.o)) was built for newer 'macOS' version (15.4) than being linked (13.4)
ld: warning: object file (/Users/bytedance/workspace/cemu_android/build/vcpkg_installed/arm64-osx/lib/libcrypto.a[460](libcrypto-lib-http_lib.o)) was built for newer 'macOS' version (15.4) than being linked (13.4)
ld: warning: object file (/Users/bytedance/workspace/cemu_android/build/vcpkg_installed/arm64-osx/lib/libcrypto.a[461](libcrypto-lib-i_cbc.o)) was built for newer 'macOS' version (15.4) than being linked (13.4)
ld: warning: object file (/Users/bytedance/workspace/cemu_android/build/vcpkg_installed/arm64-osx/lib/libcrypto.a[462](libcrypto-lib-i_cfb64.o)) was built for newer 'macOS' version (15.4) than being linked (13.4)
ld: warning: object file (/Users/bytedance/workspace/cemu_android/build/vcpkg_installed/arm64-osx/lib/libcrypto.a[463](libcrypto-lib-i_ecb.o)) was built for newer 'macOS' version (15.4) than being linked (13.4)
ld: warning: object file (/Users/bytedance/workspace/cemu_android/build/vcpkg_installed/arm64-osx/lib/libcrypto.a[464](libcrypto-lib-i_ofb64.o)) was built for newer 'macOS' version (15.4) than being linked (13.4)
ld: warning: object file (/Users/bytedance/workspace/cemu_android/build/vcpkg_installed/arm64-osx/lib/libcrypto.a[465](libcrypto-lib-i_skey.o)) was built for newer 'macOS' version (15.4) than being linked (13.4)
ld: warning: object file (/Users/bytedance/workspace/cemu_android/build/vcpkg_installed/arm64-osx/lib/libcrypto.a[468](libcrypto-lib-lhash.o)) was built for newer 'macOS' version (15.4) than being linked (13.4)
ld: warning: object file (/Users/bytedance/workspace/cemu_android/build/vcpkg_installed/arm64-osx/lib/libcrypto.a[469](libcrypto-lib-arm64cpuid.o)) was built for newer 'macOS' version (15.4) than being linked (13.4)
ld: warning: object file (/Users/bytedance/workspace/cemu_android/build/vcpkg_installed/arm64-osx/lib/libcrypto.a[470](libcrypto-lib-armcap.o)) was built for newer 'macOS' version (15.4) than being linked (13.4)
ld: warning: object file (/Users/bytedance/workspace/cemu_android/build/vcpkg_installed/arm64-osx/lib/libcrypto.a[471](libcrypto-lib-asn1_dsa.o)) was built for newer 'macOS' version (15.4) than being linked (13.4)
ld: warning: object file (/Users/bytedance/workspace/cemu_android/build/vcpkg_installed/arm64-osx/lib/libcrypto.a[472](libcrypto-lib-bsearch.o)) was built for newer 'macOS' version (15.4) than being linked (13.4)
ld: warning: object file (/Users/bytedance/workspace/cemu_android/build/vcpkg_installed/arm64-osx/lib/libcrypto.a[473](libcrypto-lib-comp_methods.o)) was built for newer 'macOS' version (15.4) than being linked (13.4)
ld: warning: object file (/Users/bytedance/workspace/cemu_android/build/vcpkg_installed/arm64-osx/lib/libcrypto.a[474](libcrypto-lib-context.o)) was built for newer 'macOS' version (15.4) than being linked (13.4)
ld: warning: object file (/Users/bytedance/workspace/cemu_android/build/vcpkg_installed/arm64-osx/lib/libcrypto.a[475](libcrypto-lib-core_algorithm.o)) was built for newer 'macOS' version (15.4) than being linked (13.4)
ld: warning: object file (/Users/bytedance/workspace/cemu_android/build/vcpkg_installed/arm64-osx/lib/libcrypto.a[476](libcrypto-lib-core_fetch.o)) was built for newer 'macOS' version (15.4) than being linked (13.4)
ld: warning: object file (/Users/bytedance/workspace/cemu_android/build/vcpkg_installed/arm64-osx/lib/libcrypto.a[477](libcrypto-lib-core_namemap.o)) was built for newer 'macOS' version (15.4) than being linked (13.4)
ld: warning: object file (/Users/bytedance/workspace/cemu_android/build/vcpkg_installed/arm64-osx/lib/libcrypto.a[478](libcrypto-lib-cpt_err.o)) was built for newer 'macOS' version (15.4) than being linked (13.4)
ld: warning: object file (/Users/bytedance/workspace/cemu_android/build/vcpkg_installed/arm64-osx/lib/libcrypto.a[480](libcrypto-lib-cryptlib.o)) was built for newer 'macOS' version (15.4) than being linked (13.4)
ld: warning: object file (/Users/bytedance/workspace/cemu_android/build/vcpkg_installed/arm64-osx/lib/libcrypto.a[481](libcrypto-lib-ctype.o)) was built for newer 'macOS' version (15.4) than being linked (13.4)
ld: warning: object file (/Users/bytedance/workspace/cemu_android/build/vcpkg_installed/arm64-osx/lib/libcrypto.a[482](libcrypto-lib-cversion.o)) was built for newer 'macOS' version (15.4) than being linked (13.4)
ld: warning: object file (/Users/bytedance/workspace/cemu_android/build/vcpkg_installed/arm64-osx/lib/libcrypto.a[483](libcrypto-lib-defaults.o)) was built for newer 'macOS' version (15.4) than being linked (13.4)
ld: warning: object file (/Users/bytedance/workspace/cemu_android/build/vcpkg_installed/arm64-osx/lib/libcrypto.a[484](libcrypto-lib-der_writer.o)) was built for newer 'macOS' version (15.4) than being linked (13.4)
ld: warning: object file (/Users/bytedance/workspace/cemu_android/build/vcpkg_installed/arm64-osx/lib/libcrypto.a[485](libcrypto-lib-deterministic_nonce.o)) was built for newer 'macOS' version (15.4) than being linked (13.4)
ld: warning: object file (/Users/bytedance/workspace/cemu_android/build/vcpkg_installed/arm64-osx/lib/libcrypto.a[487](libcrypto-lib-ex_data.o)) was built for newer 'macOS' version (15.4) than being linked (13.4)
ld: warning: object file (/Users/bytedance/workspace/cemu_android/build/vcpkg_installed/arm64-osx/lib/libcrypto.a[488](libcrypto-lib-getenv.o)) was built for newer 'macOS' version (15.4) than being linked (13.4)
ld: warning: object file (/Users/bytedance/workspace/cemu_android/build/vcpkg_installed/arm64-osx/lib/libcrypto.a[489](libcrypto-lib-indicator_core.o)) was built for newer 'macOS' version (15.4) than being linked (13.4)
ld: warning: object file (/Users/bytedance/workspace/cemu_android/build/vcpkg_installed/arm64-osx/lib/libcrypto.a[490](libcrypto-lib-info.o)) was built for newer 'macOS' version (15.4) than being linked (13.4)
ld: warning: object file (/Users/bytedance/workspace/cemu_android/build/vcpkg_installed/arm64-osx/lib/libcrypto.a[491](libcrypto-lib-init.o)) was built for newer 'macOS' version (15.4) than being linked (13.4)
ld: warning: object file (/Users/bytedance/workspace/cemu_android/build/vcpkg_installed/arm64-osx/lib/libcrypto.a[492](libcrypto-lib-initthread.o)) was built for newer 'macOS' version (15.4) than being linked (13.4)
ld: warning: object file (/Users/bytedance/workspace/cemu_android/build/vcpkg_installed/arm64-osx/lib/libcrypto.a[493](libcrypto-lib-mem.o)) was built for newer 'macOS' version (15.4) than being linked (13.4)
ld: warning: object file (/Users/bytedance/workspace/cemu_android/build/vcpkg_installed/arm64-osx/lib/libcrypto.a[494](libcrypto-lib-mem_sec.o)) was built for newer 'macOS' version (15.4) than being linked (13.4)
ld: warning: object file (/Users/bytedance/workspace/cemu_android/build/vcpkg_installed/arm64-osx/lib/libcrypto.a[495](libcrypto-lib-o_dir.o)) was built for newer 'macOS' version (15.4) than being linked (13.4)
ld: warning: object file (/Users/bytedance/workspace/cemu_android/build/vcpkg_installed/arm64-osx/lib/libcrypto.a[496](libcrypto-lib-o_fopen.o)) was built for newer 'macOS' version (15.4) than being linked (13.4)
ld: warning: object file (/Users/bytedance/workspace/cemu_android/build/vcpkg_installed/arm64-osx/lib/libcrypto.a[498](libcrypto-lib-o_str.o)) was built for newer 'macOS' version (15.4) than being linked (13.4)
ld: warning: object file (/Users/bytedance/workspace/cemu_android/build/vcpkg_installed/arm64-osx/lib/libcrypto.a[499](libcrypto-lib-o_time.o)) was built for newer 'macOS' version (15.4) than being linked (13.4)
ld: warning: object file (/Users/bytedance/workspace/cemu_android/build/vcpkg_installed/arm64-osx/lib/libcrypto.a[500](libcrypto-lib-packet.o)) was built for newer 'macOS' version (15.4) than being linked (13.4)
ld: warning: object file (/Users/bytedance/workspace/cemu_android/build/vcpkg_installed/arm64-osx/lib/libcrypto.a[501](libcrypto-lib-param_build.o)) was built for newer 'macOS' version (15.4) than being linked (13.4)
ld: warning: object file (/Users/bytedance/workspace/cemu_android/build/vcpkg_installed/arm64-osx/lib/libcrypto.a[502](libcrypto-lib-param_build_set.o)) was built for newer 'macOS' version (15.4) than being linked (13.4)
ld: warning: object file (/Users/bytedance/workspace/cemu_android/build/vcpkg_installed/arm64-osx/lib/libcrypto.a[503](libcrypto-lib-params.o)) was built for newer 'macOS' version (15.4) than being linked (13.4)
ld: warning: object file (/Users/bytedance/workspace/cemu_android/build/vcpkg_installed/arm64-osx/lib/libcrypto.a[504](libcrypto-lib-params_dup.o)) was built for newer 'macOS' version (15.4) than being linked (13.4)
ld: warning: object file (/Users/bytedance/workspace/cemu_android/build/vcpkg_installed/arm64-osx/lib/libcrypto.a[505](libcrypto-lib-params_from_text.o)) was built for newer 'macOS' version (15.4) than being linked (13.4)
ld: warning: object file (/Users/bytedance/workspace/cemu_android/build/vcpkg_installed/arm64-osx/lib/libcrypto.a[506](libcrypto-lib-params_idx.o)) was built for newer 'macOS' version (15.4) than being linked (13.4)
ld: warning: object file (/Users/bytedance/workspace/cemu_android/build/vcpkg_installed/arm64-osx/lib/libcrypto.a[507](libcrypto-lib-passphrase.o)) was built for newer 'macOS' version (15.4) than being linked (13.4)
ld: warning: object file (/Users/bytedance/workspace/cemu_android/build/vcpkg_installed/arm64-osx/lib/libcrypto.a[508](libcrypto-lib-provider.o)) was built for newer 'macOS' version (15.4) than being linked (13.4)
ld: warning: object file (/Users/bytedance/workspace/cemu_android/build/vcpkg_installed/arm64-osx/lib/libcrypto.a[509](libcrypto-lib-provider_child.o)) was built for newer 'macOS' version (15.4) than being linked (13.4)
ld: warning: object file (/Users/bytedance/workspace/cemu_android/build/vcpkg_installed/arm64-osx/lib/libcrypto.a[510](libcrypto-lib-provider_conf.o)) was built for newer 'macOS' version (15.4) than being linked (13.4)
ld: warning: object file (/Users/bytedance/workspace/cemu_android/build/vcpkg_installed/arm64-osx/lib/libcrypto.a[511](libcrypto-lib-provider_core.o)) was built for newer 'macOS' version (15.4) than being linked (13.4)
ld: warning: object file (/Users/bytedance/workspace/cemu_android/build/vcpkg_installed/arm64-osx/lib/libcrypto.a[512](libcrypto-lib-provider_predefined.o)) was built for newer 'macOS' version (15.4) than being linked (13.4)
ld: warning: object file (/Users/bytedance/workspace/cemu_android/build/vcpkg_installed/arm64-osx/lib/libcrypto.a[513](libcrypto-lib-punycode.o)) was built for newer 'macOS' version (15.4) than being linked (13.4)
ld: warning: object file (/Users/bytedance/workspace/cemu_android/build/vcpkg_installed/arm64-osx/lib/libcrypto.a[514](libcrypto-lib-quic_vlint.o)) was built for newer 'macOS' version (15.4) than being linked (13.4)
ld: warning: object file (/Users/bytedance/workspace/cemu_android/build/vcpkg_installed/arm64-osx/lib/libcrypto.a[515](libcrypto-lib-self_test_core.o)) was built for newer 'macOS' version (15.4) than being linked (13.4)
ld: warning: object file (/Users/bytedance/workspace/cemu_android/build/vcpkg_installed/arm64-osx/lib/libcrypto.a[516](libcrypto-lib-sleep.o)) was built for newer 'macOS' version (15.4) than being linked (13.4)
ld: warning: object file (/Users/bytedance/workspace/cemu_android/build/vcpkg_installed/arm64-osx/lib/libcrypto.a[517](libcrypto-lib-sparse_array.o)) was built for newer 'macOS' version (15.4) than being linked (13.4)
ld: warning: object file (/Users/bytedance/workspace/cemu_android/build/vcpkg_installed/arm64-osx/lib/libcrypto.a[518](libcrypto-lib-ssl_err.o)) was built for newer 'macOS' version (15.4) than being linked (13.4)
ld: warning: object file (/Users/bytedance/workspace/cemu_android/build/vcpkg_installed/arm64-osx/lib/libcrypto.a[521](libcrypto-lib-threads_pthread.o)) was built for newer 'macOS' version (15.4) than being linked (13.4)
ld: warning: object file (/Users/bytedance/workspace/cemu_android/build/vcpkg_installed/arm64-osx/lib/libcrypto.a[523](libcrypto-lib-time.o)) was built for newer 'macOS' version (15.4) than being linked (13.4)
ld: warning: object file (/Users/bytedance/workspace/cemu_android/build/vcpkg_installed/arm64-osx/lib/libcrypto.a[524](libcrypto-lib-trace.o)) was built for newer 'macOS' version (15.4) than being linked (13.4)
ld: warning: object file (/Users/bytedance/workspace/cemu_android/build/vcpkg_installed/arm64-osx/lib/libcrypto.a[525](libcrypto-lib-uid.o)) was built for newer 'macOS' version (15.4) than being linked (13.4)
ld: warning: object file (/Users/bytedance/workspace/cemu_android/build/vcpkg_installed/arm64-osx/lib/libcrypto.a[526](libcrypto-lib-md4_dgst.o)) was built for newer 'macOS' version (15.4) than being linked (13.4)
ld: warning: object file (/Users/bytedance/workspace/cemu_android/build/vcpkg_installed/arm64-osx/lib/libcrypto.a[528](libcrypto-lib-md5-aarch64.o)) was built for newer 'macOS' version (15.4) than being linked (13.4)
ld: warning: object file (/Users/bytedance/workspace/cemu_android/build/vcpkg_installed/arm64-osx/lib/libcrypto.a[529](libcrypto-lib-md5_dgst.o)) was built for newer 'macOS' version (15.4) than being linked (13.4)
ld: warning: object file (/Users/bytedance/workspace/cemu_android/build/vcpkg_installed/arm64-osx/lib/libcrypto.a[531](libcrypto-lib-md5_sha1.o)) was built for newer 'macOS' version (15.4) than being linked (13.4)
ld: warning: object file (/Users/bytedance/workspace/cemu_android/build/vcpkg_installed/arm64-osx/lib/libcrypto.a[533](libcrypto-lib-mdc2dgst.o)) was built for newer 'macOS' version (15.4) than being linked (13.4)
ld: warning: object file (/Users/bytedance/workspace/cemu_android/build/vcpkg_installed/arm64-osx/lib/libcrypto.a[534](libcrypto-lib-ml_dsa_encoders.o)) was built for newer 'macOS' version (15.4) than being linked (13.4)
ld: warning: object file (/Users/bytedance/workspace/cemu_android/build/vcpkg_installed/arm64-osx/lib/libcrypto.a[535](libcrypto-lib-ml_dsa_key.o)) was built for newer 'macOS' version (15.4) than being linked (13.4)
ld: warning: object file (/Users/bytedance/workspace/cemu_android/build/vcpkg_installed/arm64-osx/lib/libcrypto.a[536](libcrypto-lib-ml_dsa_key_compress.o)) was built for newer 'macOS' version (15.4) than being linked (13.4)
ld: warning: object file (/Users/bytedance/workspace/cemu_android/build/vcpkg_installed/arm64-osx/lib/libcrypto.a[537](libcrypto-lib-ml_dsa_matrix.o)) was built for newer 'macOS' version (15.4) than being linked (13.4)
ld: warning: object file (/Users/bytedance/workspace/cemu_android/build/vcpkg_installed/arm64-osx/lib/libcrypto.a[538](libcrypto-lib-ml_dsa_ntt.o)) was built for newer 'macOS' version (15.4) than being linked (13.4)
ld: warning: object file (/Users/bytedance/workspace/cemu_android/build/vcpkg_installed/arm64-osx/lib/libcrypto.a[539](libcrypto-lib-ml_dsa_params.o)) was built for newer 'macOS' version (15.4) than being linked (13.4)
ld: warning: object file (/Users/bytedance/workspace/cemu_android/build/vcpkg_installed/arm64-osx/lib/libcrypto.a[540](libcrypto-lib-ml_dsa_sample.o)) was built for newer 'macOS' version (15.4) than being linked (13.4)
ld: warning: object file (/Users/bytedance/workspace/cemu_android/build/vcpkg_installed/arm64-osx/lib/libcrypto.a[541](libcrypto-lib-ml_dsa_sign.o)) was built for newer 'macOS' version (15.4) than being linked (13.4)
ld: warning: object file (/Users/bytedance/workspace/cemu_android/build/vcpkg_installed/arm64-osx/lib/libcrypto.a[542](libcrypto-lib-ml_kem.o)) was built for newer 'macOS' version (15.4) than being linked (13.4)
ld: warning: object file (/Users/bytedance/workspace/cemu_android/build/vcpkg_installed/arm64-osx/lib/libcrypto.a[543](libcrypto-lib-aes-gcm-armv8-unroll8_64.o)) was built for newer 'macOS' version (15.4) than being linked (13.4)
ld: warning: object file (/Users/bytedance/workspace/cemu_android/build/vcpkg_installed/arm64-osx/lib/libcrypto.a[544](libcrypto-lib-aes-gcm-armv8_64.o)) was built for newer 'macOS' version (15.4) than being linked (13.4)
ld: warning: object file (/Users/bytedance/workspace/cemu_android/build/vcpkg_installed/arm64-osx/lib/libcrypto.a[545](libcrypto-lib-cbc128.o)) was built for newer 'macOS' version (15.4) than being linked (13.4)
ld: warning: object file (/Users/bytedance/workspace/cemu_android/build/vcpkg_installed/arm64-osx/lib/libcrypto.a[546](libcrypto-lib-ccm128.o)) was built for newer 'macOS' version (15.4) than being linked (13.4)
ld: warning: object file (/Users/bytedance/workspace/cemu_android/build/vcpkg_installed/arm64-osx/lib/libcrypto.a[547](libcrypto-lib-cfb128.o)) was built for newer 'macOS' version (15.4) than being linked (13.4)
ld: warning: object file (/Users/bytedance/workspace/cemu_android/build/vcpkg_installed/arm64-osx/lib/libcrypto.a[548](libcrypto-lib-ctr128.o)) was built for newer 'macOS' version (15.4) than being linked (13.4)
ld: warning: object file (/Users/bytedance/workspace/cemu_android/build/vcpkg_installed/arm64-osx/lib/libcrypto.a[550](libcrypto-lib-gcm128.o)) was built for newer 'macOS' version (15.4) than being linked (13.4)
ld: warning: object file (/Users/bytedance/workspace/cemu_android/build/vcpkg_installed/arm64-osx/lib/libcrypto.a[551](libcrypto-lib-ghashv8-armx.o)) was built for newer 'macOS' version (15.4) than being linked (13.4)
ld: warning: object file (/Users/bytedance/workspace/cemu_android/build/vcpkg_installed/arm64-osx/lib/libcrypto.a[552](libcrypto-lib-ocb128.o)) was built for newer 'macOS' version (15.4) than being linked (13.4)
ld: warning: object file (/Users/bytedance/workspace/cemu_android/build/vcpkg_installed/arm64-osx/lib/libcrypto.a[553](libcrypto-lib-ofb128.o)) was built for newer 'macOS' version (15.4) than being linked (13.4)
ld: warning: object file (/Users/bytedance/workspace/cemu_android/build/vcpkg_installed/arm64-osx/lib/libcrypto.a[554](libcrypto-lib-siv128.o)) was built for newer 'macOS' version (15.4) than being linked (13.4)
ld: warning: object file (/Users/bytedance/workspace/cemu_android/build/vcpkg_installed/arm64-osx/lib/libcrypto.a[555](libcrypto-lib-wrap128.o)) was built for newer 'macOS' version (15.4) than being linked (13.4)
ld: warning: object file (/Users/bytedance/workspace/cemu_android/build/vcpkg_installed/arm64-osx/lib/libcrypto.a[556](libcrypto-lib-xts128.o)) was built for newer 'macOS' version (15.4) than being linked (13.4)
ld: warning: object file (/Users/bytedance/workspace/cemu_android/build/vcpkg_installed/arm64-osx/lib/libcrypto.a[557](libcrypto-lib-xts128gb.o)) was built for newer 'macOS' version (15.4) than being linked (13.4)
ld: warning: object file (/Users/bytedance/workspace/cemu_android/build/vcpkg_installed/arm64-osx/lib/libcrypto.a[558](libcrypto-lib-o_names.o)) was built for newer 'macOS' version (15.4) than being linked (13.4)
ld: warning: object file (/Users/bytedance/workspace/cemu_android/build/vcpkg_installed/arm64-osx/lib/libcrypto.a[559](libcrypto-lib-obj_dat.o)) was built for newer 'macOS' version (15.4) than being linked (13.4)
ld: warning: object file (/Users/bytedance/workspace/cemu_android/build/vcpkg_installed/arm64-osx/lib/libcrypto.a[560](libcrypto-lib-obj_err.o)) was built for newer 'macOS' version (15.4) than being linked (13.4)
ld: warning: object file (/Users/bytedance/workspace/cemu_android/build/vcpkg_installed/arm64-osx/lib/libcrypto.a[561](libcrypto-lib-obj_lib.o)) was built for newer 'macOS' version (15.4) than being linked (13.4)
ld: warning: object file (/Users/bytedance/workspace/cemu_android/build/vcpkg_installed/arm64-osx/lib/libcrypto.a[562](libcrypto-lib-obj_xref.o)) was built for newer 'macOS' version (15.4) than being linked (13.4)
ld: warning: object file (/Users/bytedance/workspace/cemu_android/build/vcpkg_installed/arm64-osx/lib/libcrypto.a[563](libcrypto-lib-ocsp_asn.o)) was built for newer 'macOS' version (15.4) than being linked (13.4)
ld: warning: object file (/Users/bytedance/workspace/cemu_android/build/vcpkg_installed/arm64-osx/lib/libcrypto.a[564](libcrypto-lib-ocsp_cl.o)) was built for newer 'macOS' version (15.4) than being linked (13.4)
ld: warning: object file (/Users/bytedance/workspace/cemu_android/build/vcpkg_installed/arm64-osx/lib/libcrypto.a[565](libcrypto-lib-ocsp_err.o)) was built for newer 'macOS' version (15.4) than being linked (13.4)
ld: warning: object file (/Users/bytedance/workspace/cemu_android/build/vcpkg_installed/arm64-osx/lib/libcrypto.a[566](libcrypto-lib-ocsp_ext.o)) was built for newer 'macOS' version (15.4) than being linked (13.4)
ld: warning: object file (/Users/bytedance/workspace/cemu_android/build/vcpkg_installed/arm64-osx/lib/libcrypto.a[568](libcrypto-lib-ocsp_lib.o)) was built for newer 'macOS' version (15.4) than being linked (13.4)
ld: warning: object file (/Users/bytedance/workspace/cemu_android/build/vcpkg_installed/arm64-osx/lib/libcrypto.a[569](libcrypto-lib-ocsp_prn.o)) was built for newer 'macOS' version (15.4) than being linked (13.4)
ld: warning: object file (/Users/bytedance/workspace/cemu_android/build/vcpkg_installed/arm64-osx/lib/libcrypto.a[571](libcrypto-lib-ocsp_vfy.o)) was built for newer 'macOS' version (15.4) than being linked (13.4)
ld: warning: object file (/Users/bytedance/workspace/cemu_android/build/vcpkg_installed/arm64-osx/lib/libcrypto.a[572](libcrypto-lib-v3_ocsp.o)) was built for newer 'macOS' version (15.4) than being linked (13.4)
ld: warning: object file (/Users/bytedance/workspace/cemu_android/build/vcpkg_installed/arm64-osx/lib/libcrypto.a[573](libcrypto-lib-pem_all.o)) was built for newer 'macOS' version (15.4) than being linked (13.4)
ld: warning: object file (/Users/bytedance/workspace/cemu_android/build/vcpkg_installed/arm64-osx/lib/libcrypto.a[574](libcrypto-lib-pem_err.o)) was built for newer 'macOS' version (15.4) than being linked (13.4)
ld: warning: object file (/Users/bytedance/workspace/cemu_android/build/vcpkg_installed/arm64-osx/lib/libcrypto.a[575](libcrypto-lib-pem_info.o)) was built for newer 'macOS' version (15.4) than being linked (13.4)
ld: warning: object file (/Users/bytedance/workspace/cemu_android/build/vcpkg_installed/arm64-osx/lib/libcrypto.a[576](libcrypto-lib-pem_lib.o)) was built for newer 'macOS' version (15.4) than being linked (13.4)
ld: warning: object file (/Users/bytedance/workspace/cemu_android/build/vcpkg_installed/arm64-osx/lib/libcrypto.a[577](libcrypto-lib-pem_oth.o)) was built for newer 'macOS' version (15.4) than being linked (13.4)
ld: warning: object file (/Users/bytedance/workspace/cemu_android/build/vcpkg_installed/arm64-osx/lib/libcrypto.a[578](libcrypto-lib-pem_pk8.o)) was built for newer 'macOS' version (15.4) than being linked (13.4)
ld: warning: object file (/Users/bytedance/workspace/cemu_android/build/vcpkg_installed/arm64-osx/lib/libcrypto.a[579](libcrypto-lib-pem_pkey.o)) was built for newer 'macOS' version (15.4) than being linked (13.4)
ld: warning: object file (/Users/bytedance/workspace/cemu_android/build/vcpkg_installed/arm64-osx/lib/libcrypto.a[581](libcrypto-lib-pem_x509.o)) was built for newer 'macOS' version (15.4) than being linked (13.4)
ld: warning: object file (/Users/bytedance/workspace/cemu_android/build/vcpkg_installed/arm64-osx/lib/libcrypto.a[582](libcrypto-lib-pem_xaux.o)) was built for newer 'macOS' version (15.4) than being linked (13.4)
ld: warning: object file (/Users/bytedance/workspace/cemu_android/build/vcpkg_installed/arm64-osx/lib/libcrypto.a[583](libcrypto-lib-pvkfmt.o)) was built for newer 'macOS' version (15.4) than being linked (13.4)
ld: warning: object file (/Users/bytedance/workspace/cemu_android/build/vcpkg_installed/arm64-osx/lib/libcrypto.a[584](libcrypto-lib-p12_add.o)) was built for newer 'macOS' version (15.4) than being linked (13.4)
ld: warning: object file (/Users/bytedance/workspace/cemu_android/build/vcpkg_installed/arm64-osx/lib/libcrypto.a[585](libcrypto-lib-p12_asn.o)) was built for newer 'macOS' version (15.4) than being linked (13.4)
ld: warning: object file (/Users/bytedance/workspace/cemu_android/build/vcpkg_installed/arm64-osx/lib/libcrypto.a[586](libcrypto-lib-p12_attr.o)) was built for newer 'macOS' version (15.4) than being linked (13.4)
ld: warning: object file (/Users/bytedance/workspace/cemu_android/build/vcpkg_installed/arm64-osx/lib/libcrypto.a[587](libcrypto-lib-p12_crpt.o)) was built for newer 'macOS' version (15.4) than being linked (13.4)
ld: warning: object file (/Users/bytedance/workspace/cemu_android/build/vcpkg_installed/arm64-osx/lib/libcrypto.a[589](libcrypto-lib-p12_decr.o)) was built for newer 'macOS' version (15.4) than being linked (13.4)
ld: warning: object file (/Users/bytedance/workspace/cemu_android/build/vcpkg_installed/arm64-osx/lib/libcrypto.a[590](libcrypto-lib-p12_init.o)) was built for newer 'macOS' version (15.4) than being linked (13.4)
ld: warning: object file (/Users/bytedance/workspace/cemu_android/build/vcpkg_installed/arm64-osx/lib/libcrypto.a[591](libcrypto-lib-p12_key.o)) was built for newer 'macOS' version (15.4) than being linked (13.4)
ld: warning: object file (/Users/bytedance/workspace/cemu_android/build/vcpkg_installed/arm64-osx/lib/libcrypto.a[592](libcrypto-lib-p12_kiss.o)) was built for newer 'macOS' version (15.4) than being linked (13.4)
ld: warning: object file (/Users/bytedance/workspace/cemu_android/build/vcpkg_installed/arm64-osx/lib/libcrypto.a[593](libcrypto-lib-p12_mutl.o)) was built for newer 'macOS' version (15.4) than being linked (13.4)
ld: warning: object file (/Users/bytedance/workspace/cemu_android/build/vcpkg_installed/arm64-osx/lib/libcrypto.a[595](libcrypto-lib-p12_p8d.o)) was built for newer 'macOS' version (15.4) than being linked (13.4)
ld: warning: object file (/Users/bytedance/workspace/cemu_android/build/vcpkg_installed/arm64-osx/lib/libcrypto.a[596](libcrypto-lib-p12_p8e.o)) was built for newer 'macOS' version (15.4) than being linked (13.4)
ld: warning: object file (/Users/bytedance/workspace/cemu_android/build/vcpkg_installed/arm64-osx/lib/libcrypto.a[597](libcrypto-lib-p12_sbag.o)) was built for newer 'macOS' version (15.4) than being linked (13.4)
ld: warning: object file (/Users/bytedance/workspace/cemu_android/build/vcpkg_installed/arm64-osx/lib/libcrypto.a[598](libcrypto-lib-p12_utl.o)) was built for newer 'macOS' version (15.4) than being linked (13.4)
ld: warning: object file (/Users/bytedance/workspace/cemu_android/build/vcpkg_installed/arm64-osx/lib/libcrypto.a[599](libcrypto-lib-pk12err.o)) was built for newer 'macOS' version (15.4) than being linked (13.4)
ld: warning: object file (/Users/bytedance/workspace/cemu_android/build/vcpkg_installed/arm64-osx/lib/libcrypto.a[601](libcrypto-lib-pk7_asn1.o)) was built for newer 'macOS' version (15.4) than being linked (13.4)
ld: warning: object file (/Users/bytedance/workspace/cemu_android/build/vcpkg_installed/arm64-osx/lib/libcrypto.a[602](libcrypto-lib-pk7_attr.o)) was built for newer 'macOS' version (15.4) than being linked (13.4)
ld: warning: object file (/Users/bytedance/workspace/cemu_android/build/vcpkg_installed/arm64-osx/lib/libcrypto.a[603](libcrypto-lib-pk7_doit.o)) was built for newer 'macOS' version (15.4) than being linked (13.4)
ld: warning: object file (/Users/bytedance/workspace/cemu_android/build/vcpkg_installed/arm64-osx/lib/libcrypto.a[604](libcrypto-lib-pk7_lib.o)) was built for newer 'macOS' version (15.4) than being linked (13.4)
ld: warning: object file (/Users/bytedance/workspace/cemu_android/build/vcpkg_installed/arm64-osx/lib/libcrypto.a[607](libcrypto-lib-pkcs7err.o)) was built for newer 'macOS' version (15.4) than being linked (13.4)
ld: warning: object file (/Users/bytedance/workspace/cemu_android/build/vcpkg_installed/arm64-osx/lib/libcrypto.a[608](libcrypto-lib-poly1305-armv8.o)) was built for newer 'macOS' version (15.4) than being linked (13.4)
ld: warning: object file (/Users/bytedance/workspace/cemu_android/build/vcpkg_installed/arm64-osx/lib/libcrypto.a[609](libcrypto-lib-poly1305.o)) was built for newer 'macOS' version (15.4) than being linked (13.4)
ld: warning: object file (/Users/bytedance/workspace/cemu_android/build/vcpkg_installed/arm64-osx/lib/libcrypto.a[610](libcrypto-lib-defn_cache.o)) was built for newer 'macOS' version (15.4) than being linked (13.4)
ld: warning: object file (/Users/bytedance/workspace/cemu_android/build/vcpkg_installed/arm64-osx/lib/libcrypto.a[611](libcrypto-lib-property.o)) was built for newer 'macOS' version (15.4) than being linked (13.4)
ld: warning: object file (/Users/bytedance/workspace/cemu_android/build/vcpkg_installed/arm64-osx/lib/libcrypto.a[612](libcrypto-lib-property_err.o)) was built for newer 'macOS' version (15.4) than being linked (13.4)
ld: warning: object file (/Users/bytedance/workspace/cemu_android/build/vcpkg_installed/arm64-osx/lib/libcrypto.a[613](libcrypto-lib-property_parse.o)) was built for newer 'macOS' version (15.4) than being linked (13.4)
ld: warning: object file (/Users/bytedance/workspace/cemu_android/build/vcpkg_installed/arm64-osx/lib/libcrypto.a[614](libcrypto-lib-property_query.o)) was built for newer 'macOS' version (15.4) than being linked (13.4)
ld: warning: object file (/Users/bytedance/workspace/cemu_android/build/vcpkg_installed/arm64-osx/lib/libcrypto.a[615](libcrypto-lib-property_string.o)) was built for newer 'macOS' version (15.4) than being linked (13.4)
ld: warning: object file (/Users/bytedance/workspace/cemu_android/build/vcpkg_installed/arm64-osx/lib/libcrypto.a[616](libcrypto-lib-prov_seed.o)) was built for newer 'macOS' version (15.4) than being linked (13.4)
ld: warning: object file (/Users/bytedance/workspace/cemu_android/build/vcpkg_installed/arm64-osx/lib/libcrypto.a[618](libcrypto-lib-rand_err.o)) was built for newer 'macOS' version (15.4) than being linked (13.4)
ld: warning: object file (/Users/bytedance/workspace/cemu_android/build/vcpkg_installed/arm64-osx/lib/libcrypto.a[619](libcrypto-lib-rand_lib.o)) was built for newer 'macOS' version (15.4) than being linked (13.4)
ld: warning: object file (/Users/bytedance/workspace/cemu_android/build/vcpkg_installed/arm64-osx/lib/libcrypto.a[620](libcrypto-lib-rand_meth.o)) was built for newer 'macOS' version (15.4) than being linked (13.4)
ld: warning: object file (/Users/bytedance/workspace/cemu_android/build/vcpkg_installed/arm64-osx/lib/libcrypto.a[621](libcrypto-lib-rand_pool.o)) was built for newer 'macOS' version (15.4) than being linked (13.4)
ld: warning: object file (/Users/bytedance/workspace/cemu_android/build/vcpkg_installed/arm64-osx/lib/libcrypto.a[622](libcrypto-lib-rand_uniform.o)) was built for newer 'macOS' version (15.4) than being linked (13.4)
ld: warning: object file (/Users/bytedance/workspace/cemu_android/build/vcpkg_installed/arm64-osx/lib/libcrypto.a[624](libcrypto-lib-rc2_cbc.o)) was built for newer 'macOS' version (15.4) than being linked (13.4)
ld: warning: object file (/Users/bytedance/workspace/cemu_android/build/vcpkg_installed/arm64-osx/lib/libcrypto.a[625](libcrypto-lib-rc2_ecb.o)) was built for newer 'macOS' version (15.4) than being linked (13.4)
ld: warning: object file (/Users/bytedance/workspace/cemu_android/build/vcpkg_installed/arm64-osx/lib/libcrypto.a[626](libcrypto-lib-rc2_skey.o)) was built for newer 'macOS' version (15.4) than being linked (13.4)
ld: warning: object file (/Users/bytedance/workspace/cemu_android/build/vcpkg_installed/arm64-osx/lib/libcrypto.a[627](libcrypto-lib-rc2cfb64.o)) was built for newer 'macOS' version (15.4) than being linked (13.4)
ld: warning: object file (/Users/bytedance/workspace/cemu_android/build/vcpkg_installed/arm64-osx/lib/libcrypto.a[628](libcrypto-lib-rc2ofb64.o)) was built for newer 'macOS' version (15.4) than being linked (13.4)
ld: warning: object file (/Users/bytedance/workspace/cemu_android/build/vcpkg_installed/arm64-osx/lib/libcrypto.a[629](libcrypto-lib-rc4_enc.o)) was built for newer 'macOS' version (15.4) than being linked (13.4)
ld: warning: object file (/Users/bytedance/workspace/cemu_android/build/vcpkg_installed/arm64-osx/lib/libcrypto.a[630](libcrypto-lib-rc4_skey.o)) was built for newer 'macOS' version (15.4) than being linked (13.4)
ld: warning: object file (/Users/bytedance/workspace/cemu_android/build/vcpkg_installed/arm64-osx/lib/libcrypto.a[631](libcrypto-lib-rmd_dgst.o)) was built for newer 'macOS' version (15.4) than being linked (13.4)
ld: warning: object file (/Users/bytedance/workspace/cemu_android/build/vcpkg_installed/arm64-osx/lib/libcrypto.a[633](libcrypto-lib-rsa_ameth.o)) was built for newer 'macOS' version (15.4) than being linked (13.4)
ld: warning: object file (/Users/bytedance/workspace/cemu_android/build/vcpkg_installed/arm64-osx/lib/libcrypto.a[634](libcrypto-lib-rsa_asn1.o)) was built for newer 'macOS' version (15.4) than being linked (13.4)
ld: warning: object file (/Users/bytedance/workspace/cemu_android/build/vcpkg_installed/arm64-osx/lib/libcrypto.a[635](libcrypto-lib-rsa_backend.o)) was built for newer 'macOS' version (15.4) than being linked (13.4)
ld: warning: object file (/Users/bytedance/workspace/cemu_android/build/vcpkg_installed/arm64-osx/lib/libcrypto.a[636](libcrypto-lib-rsa_chk.o)) was built for newer 'macOS' version (15.4) than being linked (13.4)
ld: warning: object file (/Users/bytedance/workspace/cemu_android/build/vcpkg_installed/arm64-osx/lib/libcrypto.a[637](libcrypto-lib-rsa_crpt.o)) was built for newer 'macOS' version (15.4) than being linked (13.4)
ld: warning: object file (/Users/bytedance/workspace/cemu_android/build/vcpkg_installed/arm64-osx/lib/libcrypto.a[639](libcrypto-lib-rsa_err.o)) was built for newer 'macOS' version (15.4) than being linked (13.4)
ld: warning: object file (/Users/bytedance/workspace/cemu_android/build/vcpkg_installed/arm64-osx/lib/libcrypto.a[640](libcrypto-lib-rsa_gen.o)) was built for newer 'macOS' version (15.4) than being linked (13.4)
ld: warning: object file (/Users/bytedance/workspace/cemu_android/build/vcpkg_installed/arm64-osx/lib/libcrypto.a[641](libcrypto-lib-rsa_lib.o)) was built for newer 'macOS' version (15.4) than being linked (13.4)
ld: warning: object file (/Users/bytedance/workspace/cemu_android/build/vcpkg_installed/arm64-osx/lib/libcrypto.a[643](libcrypto-lib-rsa_mp.o)) was built for newer 'macOS' version (15.4) than being linked (13.4)
ld: warning: object file (/Users/bytedance/workspace/cemu_android/build/vcpkg_installed/arm64-osx/lib/libcrypto.a[644](libcrypto-lib-rsa_mp_names.o)) was built for newer 'macOS' version (15.4) than being linked (13.4)
ld: warning: object file (/Users/bytedance/workspace/cemu_android/build/vcpkg_installed/arm64-osx/lib/libcrypto.a[645](libcrypto-lib-rsa_none.o)) was built for newer 'macOS' version (15.4) than being linked (13.4)
ld: warning: object file (/Users/bytedance/workspace/cemu_android/build/vcpkg_installed/arm64-osx/lib/libcrypto.a[646](libcrypto-lib-rsa_oaep.o)) was built for newer 'macOS' version (15.4) than being linked (13.4)
ld: warning: object file (/Users/bytedance/workspace/cemu_android/build/vcpkg_installed/arm64-osx/lib/libcrypto.a[647](libcrypto-lib-rsa_ossl.o)) was built for newer 'macOS' version (15.4) than being linked (13.4)
ld: warning: object file (/Users/bytedance/workspace/cemu_android/build/vcpkg_installed/arm64-osx/lib/libcrypto.a[648](libcrypto-lib-rsa_pk1.o)) was built for newer 'macOS' version (15.4) than being linked (13.4)
ld: warning: object file (/Users/bytedance/workspace/cemu_android/build/vcpkg_installed/arm64-osx/lib/libcrypto.a[649](libcrypto-lib-rsa_pmeth.o)) was built for newer 'macOS' version (15.4) than being linked (13.4)
ld: warning: object file (/Users/bytedance/workspace/cemu_android/build/vcpkg_installed/arm64-osx/lib/libcrypto.a[651](libcrypto-lib-rsa_pss.o)) was built for newer 'macOS' version (15.4) than being linked (13.4)
ld: warning: object file (/Users/bytedance/workspace/cemu_android/build/vcpkg_installed/arm64-osx/lib/libcrypto.a[652](libcrypto-lib-rsa_saos.o)) was built for newer 'macOS' version (15.4) than being linked (13.4)
ld: warning: object file (/Users/bytedance/workspace/cemu_android/build/vcpkg_installed/arm64-osx/lib/libcrypto.a[653](libcrypto-lib-rsa_schemes.o)) was built for newer 'macOS' version (15.4) than being linked (13.4)
ld: warning: object file (/Users/bytedance/workspace/cemu_android/build/vcpkg_installed/arm64-osx/lib/libcrypto.a[654](libcrypto-lib-rsa_sign.o)) was built for newer 'macOS' version (15.4) than being linked (13.4)
ld: warning: object file (/Users/bytedance/workspace/cemu_android/build/vcpkg_installed/arm64-osx/lib/libcrypto.a[655](libcrypto-lib-rsa_sp800_56b_check.o)) was built for newer 'macOS' version (15.4) than being linked (13.4)
ld: warning: object file (/Users/bytedance/workspace/cemu_android/build/vcpkg_installed/arm64-osx/lib/libcrypto.a[656](libcrypto-lib-rsa_sp800_56b_gen.o)) was built for newer 'macOS' version (15.4) than being linked (13.4)
ld: warning: object file (/Users/bytedance/workspace/cemu_android/build/vcpkg_installed/arm64-osx/lib/libcrypto.a[657](libcrypto-lib-rsa_x931.o)) was built for newer 'macOS' version (15.4) than being linked (13.4)
ld: warning: object file (/Users/bytedance/workspace/cemu_android/build/vcpkg_installed/arm64-osx/lib/libcrypto.a[659](libcrypto-lib-seed.o)) was built for newer 'macOS' version (15.4) than being linked (13.4)
ld: warning: object file (/Users/bytedance/workspace/cemu_android/build/vcpkg_installed/arm64-osx/lib/libcrypto.a[660](libcrypto-lib-seed_cbc.o)) was built for newer 'macOS' version (15.4) than being linked (13.4)
ld: warning: object file (/Users/bytedance/workspace/cemu_android/build/vcpkg_installed/arm64-osx/lib/libcrypto.a[661](libcrypto-lib-seed_cfb.o)) was built for newer 'macOS' version (15.4) than being linked (13.4)
ld: warning: object file (/Users/bytedance/workspace/cemu_android/build/vcpkg_installed/arm64-osx/lib/libcrypto.a[662](libcrypto-lib-seed_ecb.o)) was built for newer 'macOS' version (15.4) than being linked (13.4)
ld: warning: object file (/Users/bytedance/workspace/cemu_android/build/vcpkg_installed/arm64-osx/lib/libcrypto.a[663](libcrypto-lib-seed_ofb.o)) was built for newer 'macOS' version (15.4) than being linked (13.4)
ld: warning: object file (/Users/bytedance/workspace/cemu_android/build/vcpkg_installed/arm64-osx/lib/libcrypto.a[664](libcrypto-lib-keccak1600-armv8.o)) was built for newer 'macOS' version (15.4) than being linked (13.4)
ld: warning: object file (/Users/bytedance/workspace/cemu_android/build/vcpkg_installed/arm64-osx/lib/libcrypto.a[665](libcrypto-lib-sha1-armv8.o)) was built for newer 'macOS' version (15.4) than being linked (13.4)
ld: warning: object file (/Users/bytedance/workspace/cemu_android/build/vcpkg_installed/arm64-osx/lib/libcrypto.a[666](libcrypto-lib-sha1_one.o)) was built for newer 'macOS' version (15.4) than being linked (13.4)
ld: warning: object file (/Users/bytedance/workspace/cemu_android/build/vcpkg_installed/arm64-osx/lib/libcrypto.a[667](libcrypto-lib-sha1dgst.o)) was built for newer 'macOS' version (15.4) than being linked (13.4)
ld: warning: object file (/Users/bytedance/workspace/cemu_android/build/vcpkg_installed/arm64-osx/lib/libcrypto.a[668](libcrypto-lib-sha256-armv8.o)) was built for newer 'macOS' version (15.4) than being linked (13.4)
ld: warning: object file (/Users/bytedance/workspace/cemu_android/build/vcpkg_installed/arm64-osx/lib/libcrypto.a[669](libcrypto-lib-sha256.o)) was built for newer 'macOS' version (15.4) than being linked (13.4)
ld: warning: object file (/Users/bytedance/workspace/cemu_android/build/vcpkg_installed/arm64-osx/lib/libcrypto.a[670](libcrypto-lib-sha3.o)) was built for newer 'macOS' version (15.4) than being linked (13.4)
ld: warning: object file (/Users/bytedance/workspace/cemu_android/build/vcpkg_installed/arm64-osx/lib/libcrypto.a[671](libcrypto-lib-sha512-armv8.o)) was built for newer 'macOS' version (15.4) than being linked (13.4)
ld: warning: object file (/Users/bytedance/workspace/cemu_android/build/vcpkg_installed/arm64-osx/lib/libcrypto.a[672](libcrypto-lib-sha512.o)) was built for newer 'macOS' version (15.4) than being linked (13.4)
ld: warning: object file (/Users/bytedance/workspace/cemu_android/build/vcpkg_installed/arm64-osx/lib/libcrypto.a[673](libcrypto-lib-siphash.o)) was built for newer 'macOS' version (15.4) than being linked (13.4)
ld: warning: object file (/Users/bytedance/workspace/cemu_android/build/vcpkg_installed/arm64-osx/lib/libcrypto.a[674](libcrypto-lib-slh_adrs.o)) was built for newer 'macOS' version (15.4) than being linked (13.4)
ld: warning: object file (/Users/bytedance/workspace/cemu_android/build/vcpkg_installed/arm64-osx/lib/libcrypto.a[675](libcrypto-lib-slh_dsa.o)) was built for newer 'macOS' version (15.4) than being linked (13.4)
ld: warning: object file (/Users/bytedance/workspace/cemu_android/build/vcpkg_installed/arm64-osx/lib/libcrypto.a[676](libcrypto-lib-slh_dsa_hash_ctx.o)) was built for newer 'macOS' version (15.4) than being linked (13.4)
ld: warning: object file (/Users/bytedance/workspace/cemu_android/build/vcpkg_installed/arm64-osx/lib/libcrypto.a[677](libcrypto-lib-slh_dsa_key.o)) was built for newer 'macOS' version (15.4) than being linked (13.4)
ld: warning: object file (/Users/bytedance/workspace/cemu_android/build/vcpkg_installed/arm64-osx/lib/libcrypto.a[678](libcrypto-lib-slh_fors.o)) was built for newer 'macOS' version (15.4) than being linked (13.4)
ld: warning: object file (/Users/bytedance/workspace/cemu_android/build/vcpkg_installed/arm64-osx/lib/libcrypto.a[679](libcrypto-lib-slh_hash.o)) was built for newer 'macOS' version (15.4) than being linked (13.4)
ld: warning: object file (/Users/bytedance/workspace/cemu_android/build/vcpkg_installed/arm64-osx/lib/libcrypto.a[680](libcrypto-lib-slh_hypertree.o)) was built for newer 'macOS' version (15.4) than being linked (13.4)
ld: warning: object file (/Users/bytedance/workspace/cemu_android/build/vcpkg_installed/arm64-osx/lib/libcrypto.a[681](libcrypto-lib-slh_params.o)) was built for newer 'macOS' version (15.4) than being linked (13.4)
ld: warning: object file (/Users/bytedance/workspace/cemu_android/build/vcpkg_installed/arm64-osx/lib/libcrypto.a[682](libcrypto-lib-slh_wots.o)) was built for newer 'macOS' version (15.4) than being linked (13.4)
ld: warning: object file (/Users/bytedance/workspace/cemu_android/build/vcpkg_installed/arm64-osx/lib/libcrypto.a[683](libcrypto-lib-slh_xmss.o)) was built for newer 'macOS' version (15.4) than being linked (13.4)
ld: warning: object file (/Users/bytedance/workspace/cemu_android/build/vcpkg_installed/arm64-osx/lib/libcrypto.a[684](libcrypto-lib-sm2_crypt.o)) was built for newer 'macOS' version (15.4) than being linked (13.4)
ld: warning: object file (/Users/bytedance/workspace/cemu_android/build/vcpkg_installed/arm64-osx/lib/libcrypto.a[686](libcrypto-lib-sm2_key.o)) was built for newer 'macOS' version (15.4) than being linked (13.4)
ld: warning: object file (/Users/bytedance/workspace/cemu_android/build/vcpkg_installed/arm64-osx/lib/libcrypto.a[687](libcrypto-lib-sm2_sign.o)) was built for newer 'macOS' version (15.4) than being linked (13.4)
ld: warning: object file (/Users/bytedance/workspace/cemu_android/build/vcpkg_installed/arm64-osx/lib/libcrypto.a[688](libcrypto-lib-legacy_sm3.o)) was built for newer 'macOS' version (15.4) than being linked (13.4)
ld: warning: object file (/Users/bytedance/workspace/cemu_android/build/vcpkg_installed/arm64-osx/lib/libcrypto.a[689](libcrypto-lib-sm3-armv8.o)) was built for newer 'macOS' version (15.4) than being linked (13.4)
ld: warning: object file (/Users/bytedance/workspace/cemu_android/build/vcpkg_installed/arm64-osx/lib/libcrypto.a[690](libcrypto-lib-sm3.o)) was built for newer 'macOS' version (15.4) than being linked (13.4)
ld: warning: object file (/Users/bytedance/workspace/cemu_android/build/vcpkg_installed/arm64-osx/lib/libcrypto.a[691](libcrypto-lib-sm4-armv8.o)) was built for newer 'macOS' version (15.4) than being linked (13.4)
ld: warning: object file (/Users/bytedance/workspace/cemu_android/build/vcpkg_installed/arm64-osx/lib/libcrypto.a[692](libcrypto-lib-sm4.o)) was built for newer 'macOS' version (15.4) than being linked (13.4)
ld: warning: object file (/Users/bytedance/workspace/cemu_android/build/vcpkg_installed/arm64-osx/lib/libcrypto.a[693](libcrypto-lib-vpsm4-armv8.o)) was built for newer 'macOS' version (15.4) than being linked (13.4)
ld: warning: object file (/Users/bytedance/workspace/cemu_android/build/vcpkg_installed/arm64-osx/lib/libcrypto.a[694](libcrypto-lib-vpsm4_ex-armv8.o)) was built for newer 'macOS' version (15.4) than being linked (13.4)
ld: warning: object file (/Users/bytedance/workspace/cemu_android/build/vcpkg_installed/arm64-osx/lib/libcrypto.a[695](libcrypto-lib-srp_lib.o)) was built for newer 'macOS' version (15.4) than being linked (13.4)
ld: warning: object file (/Users/bytedance/workspace/cemu_android/build/vcpkg_installed/arm64-osx/lib/libcrypto.a[696](libcrypto-lib-srp_vfy.o)) was built for newer 'macOS' version (15.4) than being linked (13.4)
ld: warning: object file (/Users/bytedance/workspace/cemu_android/build/vcpkg_installed/arm64-osx/lib/libcrypto.a[697](libcrypto-lib-stack.o)) was built for newer 'macOS' version (15.4) than being linked (13.4)
ld: warning: object file (/Users/bytedance/workspace/cemu_android/build/vcpkg_installed/arm64-osx/lib/libcrypto.a[698](libcrypto-lib-store_err.o)) was built for newer 'macOS' version (15.4) than being linked (13.4)
ld: warning: object file (/Users/bytedance/workspace/cemu_android/build/vcpkg_installed/arm64-osx/lib/libcrypto.a[699](libcrypto-lib-store_init.o)) was built for newer 'macOS' version (15.4) than being linked (13.4)
ld: warning: object file (/Users/bytedance/workspace/cemu_android/build/vcpkg_installed/arm64-osx/lib/libcrypto.a[700](libcrypto-lib-store_lib.o)) was built for newer 'macOS' version (15.4) than being linked (13.4)
ld: warning: object file (/Users/bytedance/workspace/cemu_android/build/vcpkg_installed/arm64-osx/lib/libcrypto.a[701](libcrypto-lib-store_meth.o)) was built for newer 'macOS' version (15.4) than being linked (13.4)
ld: warning: object file (/Users/bytedance/workspace/cemu_android/build/vcpkg_installed/arm64-osx/lib/libcrypto.a[702](libcrypto-lib-store_register.o)) was built for newer 'macOS' version (15.4) than being linked (13.4)
ld: warning: object file (/Users/bytedance/workspace/cemu_android/build/vcpkg_installed/arm64-osx/lib/libcrypto.a[703](libcrypto-lib-store_result.o)) was built for newer 'macOS' version (15.4) than being linked (13.4)
ld: warning: object file (/Users/bytedance/workspace/cemu_android/build/vcpkg_installed/arm64-osx/lib/libcrypto.a[706](libcrypto-lib-thread_posix.o)) was built for newer 'macOS' version (15.4) than being linked (13.4)
ld: warning: object file (/Users/bytedance/workspace/cemu_android/build/vcpkg_installed/arm64-osx/lib/libcrypto.a[709](libcrypto-lib-arch.o)) was built for newer 'macOS' version (15.4) than being linked (13.4)
ld: warning: object file (/Users/bytedance/workspace/cemu_android/build/vcpkg_installed/arm64-osx/lib/libcrypto.a[710](libcrypto-lib-internal.o)) was built for newer 'macOS' version (15.4) than being linked (13.4)
ld: warning: object file (/Users/bytedance/workspace/cemu_android/build/vcpkg_installed/arm64-osx/lib/libcrypto.a[713](libcrypto-lib-ts_err.o)) was built for newer 'macOS' version (15.4) than being linked (13.4)
ld: warning: object file (/Users/bytedance/workspace/cemu_android/build/vcpkg_installed/arm64-osx/lib/libcrypto.a[722](libcrypto-lib-txt_db.o)) was built for newer 'macOS' version (15.4) than being linked (13.4)
ld: warning: object file (/Users/bytedance/workspace/cemu_android/build/vcpkg_installed/arm64-osx/lib/libcrypto.a[723](libcrypto-lib-ui_err.o)) was built for newer 'macOS' version (15.4) than being linked (13.4)
ld: warning: object file (/Users/bytedance/workspace/cemu_android/build/vcpkg_installed/arm64-osx/lib/libcrypto.a[724](libcrypto-lib-ui_lib.o)) was built for newer 'macOS' version (15.4) than being linked (13.4)
ld: warning: object file (/Users/bytedance/workspace/cemu_android/build/vcpkg_installed/arm64-osx/lib/libcrypto.a[725](libcrypto-lib-ui_null.o)) was built for newer 'macOS' version (15.4) than being linked (13.4)
ld: warning: object file (/Users/bytedance/workspace/cemu_android/build/vcpkg_installed/arm64-osx/lib/libcrypto.a[726](libcrypto-lib-ui_openssl.o)) was built for newer 'macOS' version (15.4) than being linked (13.4)
ld: warning: object file (/Users/bytedance/workspace/cemu_android/build/vcpkg_installed/arm64-osx/lib/libcrypto.a[727](libcrypto-lib-ui_util.o)) was built for newer 'macOS' version (15.4) than being linked (13.4)
ld: warning: object file (/Users/bytedance/workspace/cemu_android/build/vcpkg_installed/arm64-osx/lib/libcrypto.a[728](libcrypto-lib-wp_block.o)) was built for newer 'macOS' version (15.4) than being linked (13.4)
ld: warning: object file (/Users/bytedance/workspace/cemu_android/build/vcpkg_installed/arm64-osx/lib/libcrypto.a[729](libcrypto-lib-wp_dgst.o)) was built for newer 'macOS' version (15.4) than being linked (13.4)
ld: warning: object file (/Users/bytedance/workspace/cemu_android/build/vcpkg_installed/arm64-osx/lib/libcrypto.a[730](libcrypto-lib-by_dir.o)) was built for newer 'macOS' version (15.4) than being linked (13.4)
ld: warning: object file (/Users/bytedance/workspace/cemu_android/build/vcpkg_installed/arm64-osx/lib/libcrypto.a[731](libcrypto-lib-by_file.o)) was built for newer 'macOS' version (15.4) than being linked (13.4)
ld: warning: object file (/Users/bytedance/workspace/cemu_android/build/vcpkg_installed/arm64-osx/lib/libcrypto.a[732](libcrypto-lib-by_store.o)) was built for newer 'macOS' version (15.4) than being linked (13.4)
ld: warning: object file (/Users/bytedance/workspace/cemu_android/build/vcpkg_installed/arm64-osx/lib/libcrypto.a[733](libcrypto-lib-pcy_cache.o)) was built for newer 'macOS' version (15.4) than being linked (13.4)
ld: warning: object file (/Users/bytedance/workspace/cemu_android/build/vcpkg_installed/arm64-osx/lib/libcrypto.a[734](libcrypto-lib-pcy_data.o)) was built for newer 'macOS' version (15.4) than being linked (13.4)
ld: warning: object file (/Users/bytedance/workspace/cemu_android/build/vcpkg_installed/arm64-osx/lib/libcrypto.a[735](libcrypto-lib-pcy_lib.o)) was built for newer 'macOS' version (15.4) than being linked (13.4)
ld: warning: object file (/Users/bytedance/workspace/cemu_android/build/vcpkg_installed/arm64-osx/lib/libcrypto.a[736](libcrypto-lib-pcy_map.o)) was built for newer 'macOS' version (15.4) than being linked (13.4)
ld: warning: object file (/Users/bytedance/workspace/cemu_android/build/vcpkg_installed/arm64-osx/lib/libcrypto.a[737](libcrypto-lib-pcy_node.o)) was built for newer 'macOS' version (15.4) than being linked (13.4)
ld: warning: object file (/Users/bytedance/workspace/cemu_android/build/vcpkg_installed/arm64-osx/lib/libcrypto.a[738](libcrypto-lib-pcy_tree.o)) was built for newer 'macOS' version (15.4) than being linked (13.4)
ld: warning: object file (/Users/bytedance/workspace/cemu_android/build/vcpkg_installed/arm64-osx/lib/libcrypto.a[742](libcrypto-lib-t_x509.o)) was built for newer 'macOS' version (15.4) than being linked (13.4)
ld: warning: object file (/Users/bytedance/workspace/cemu_android/build/vcpkg_installed/arm64-osx/lib/libcrypto.a[743](libcrypto-lib-v3_aaa.o)) was built for newer 'macOS' version (15.4) than being linked (13.4)
ld: warning: object file (/Users/bytedance/workspace/cemu_android/build/vcpkg_installed/arm64-osx/lib/libcrypto.a[744](libcrypto-lib-v3_ac_tgt.o)) was built for newer 'macOS' version (15.4) than being linked (13.4)
ld: warning: object file (/Users/bytedance/workspace/cemu_android/build/vcpkg_installed/arm64-osx/lib/libcrypto.a[745](libcrypto-lib-v3_addr.o)) was built for newer 'macOS' version (15.4) than being linked (13.4)
ld: warning: object file (/Users/bytedance/workspace/cemu_android/build/vcpkg_installed/arm64-osx/lib/libcrypto.a[746](libcrypto-lib-v3_admis.o)) was built for newer 'macOS' version (15.4) than being linked (13.4)
ld: warning: object file (/Users/bytedance/workspace/cemu_android/build/vcpkg_installed/arm64-osx/lib/libcrypto.a[747](libcrypto-lib-v3_akeya.o)) was built for newer 'macOS' version (15.4) than being linked (13.4)
ld: warning: object file (/Users/bytedance/workspace/cemu_android/build/vcpkg_installed/arm64-osx/lib/libcrypto.a[748](libcrypto-lib-v3_akid.o)) was built for newer 'macOS' version (15.4) than being linked (13.4)
ld: warning: object file (/Users/bytedance/workspace/cemu_android/build/vcpkg_installed/arm64-osx/lib/libcrypto.a[749](libcrypto-lib-v3_asid.o)) was built for newer 'macOS' version (15.4) than being linked (13.4)
ld: warning: object file (/Users/bytedance/workspace/cemu_android/build/vcpkg_installed/arm64-osx/lib/libcrypto.a[750](libcrypto-lib-v3_attrdesc.o)) was built for newer 'macOS' version (15.4) than being linked (13.4)
ld: warning: object file (/Users/bytedance/workspace/cemu_android/build/vcpkg_installed/arm64-osx/lib/libcrypto.a[751](libcrypto-lib-v3_attrmap.o)) was built for newer 'macOS' version (15.4) than being linked (13.4)
ld: warning: object file (/Users/bytedance/workspace/cemu_android/build/vcpkg_installed/arm64-osx/lib/libcrypto.a[752](libcrypto-lib-v3_audit_id.o)) was built for newer 'macOS' version (15.4) than being linked (13.4)
ld: warning: object file (/Users/bytedance/workspace/cemu_android/build/vcpkg_installed/arm64-osx/lib/libcrypto.a[753](libcrypto-lib-v3_authattid.o)) was built for newer 'macOS' version (15.4) than being linked (13.4)
ld: warning: object file (/Users/bytedance/workspace/cemu_android/build/vcpkg_installed/arm64-osx/lib/libcrypto.a[754](libcrypto-lib-v3_battcons.o)) was built for newer 'macOS' version (15.4) than being linked (13.4)
ld: warning: object file (/Users/bytedance/workspace/cemu_android/build/vcpkg_installed/arm64-osx/lib/libcrypto.a[755](libcrypto-lib-v3_bcons.o)) was built for newer 'macOS' version (15.4) than being linked (13.4)
ld: warning: object file (/Users/bytedance/workspace/cemu_android/build/vcpkg_installed/arm64-osx/lib/libcrypto.a[756](libcrypto-lib-v3_bitst.o)) was built for newer 'macOS' version (15.4) than being linked (13.4)
ld: warning: object file (/Users/bytedance/workspace/cemu_android/build/vcpkg_installed/arm64-osx/lib/libcrypto.a[757](libcrypto-lib-v3_conf.o)) was built for newer 'macOS' version (15.4) than being linked (13.4)
ld: warning: object file (/Users/bytedance/workspace/cemu_android/build/vcpkg_installed/arm64-osx/lib/libcrypto.a[758](libcrypto-lib-v3_cpols.o)) was built for newer 'macOS' version (15.4) than being linked (13.4)
ld: warning: object file (/Users/bytedance/workspace/cemu_android/build/vcpkg_installed/arm64-osx/lib/libcrypto.a[759](libcrypto-lib-v3_crld.o)) was built for newer 'macOS' version (15.4) than being linked (13.4)
ld: warning: object file (/Users/bytedance/workspace/cemu_android/build/vcpkg_installed/arm64-osx/lib/libcrypto.a[760](libcrypto-lib-v3_enum.o)) was built for newer 'macOS' version (15.4) than being linked (13.4)
ld: warning: object file (/Users/bytedance/workspace/cemu_android/build/vcpkg_installed/arm64-osx/lib/libcrypto.a[761](libcrypto-lib-v3_extku.o)) was built for newer 'macOS' version (15.4) than being linked (13.4)
ld: warning: object file (/Users/bytedance/workspace/cemu_android/build/vcpkg_installed/arm64-osx/lib/libcrypto.a[762](libcrypto-lib-v3_genn.o)) was built for newer 'macOS' version (15.4) than being linked (13.4)
ld: warning: object file (/Users/bytedance/workspace/cemu_android/build/vcpkg_installed/arm64-osx/lib/libcrypto.a[763](libcrypto-lib-v3_group_ac.o)) was built for newer 'macOS' version (15.4) than being linked (13.4)
ld: warning: object file (/Users/bytedance/workspace/cemu_android/build/vcpkg_installed/arm64-osx/lib/libcrypto.a[764](libcrypto-lib-v3_ia5.o)) was built for newer 'macOS' version (15.4) than being linked (13.4)
ld: warning: object file (/Users/bytedance/workspace/cemu_android/build/vcpkg_installed/arm64-osx/lib/libcrypto.a[765](libcrypto-lib-v3_ind_iss.o)) was built for newer 'macOS' version (15.4) than being linked (13.4)
ld: warning: object file (/Users/bytedance/workspace/cemu_android/build/vcpkg_installed/arm64-osx/lib/libcrypto.a[766](libcrypto-lib-v3_info.o)) was built for newer 'macOS' version (15.4) than being linked (13.4)
ld: warning: object file (/Users/bytedance/workspace/cemu_android/build/vcpkg_installed/arm64-osx/lib/libcrypto.a[767](libcrypto-lib-v3_int.o)) was built for newer 'macOS' version (15.4) than being linked (13.4)
ld: warning: object file (/Users/bytedance/workspace/cemu_android/build/vcpkg_installed/arm64-osx/lib/libcrypto.a[768](libcrypto-lib-v3_iobo.o)) was built for newer 'macOS' version (15.4) than being linked (13.4)
ld: warning: object file (/Users/bytedance/workspace/cemu_android/build/vcpkg_installed/arm64-osx/lib/libcrypto.a[769](libcrypto-lib-v3_ist.o)) was built for newer 'macOS' version (15.4) than being linked (13.4)
ld: warning: object file (/Users/bytedance/workspace/cemu_android/build/vcpkg_installed/arm64-osx/lib/libcrypto.a[770](libcrypto-lib-v3_lib.o)) was built for newer 'macOS' version (15.4) than being linked (13.4)
ld: warning: object file (/Users/bytedance/workspace/cemu_android/build/vcpkg_installed/arm64-osx/lib/libcrypto.a[771](libcrypto-lib-v3_ncons.o)) was built for newer 'macOS' version (15.4) than being linked (13.4)
ld: warning: object file (/Users/bytedance/workspace/cemu_android/build/vcpkg_installed/arm64-osx/lib/libcrypto.a[772](libcrypto-lib-v3_no_ass.o)) was built for newer 'macOS' version (15.4) than being linked (13.4)
ld: warning: object file (/Users/bytedance/workspace/cemu_android/build/vcpkg_installed/arm64-osx/lib/libcrypto.a[773](libcrypto-lib-v3_no_rev_avail.o)) was built for newer 'macOS' version (15.4) than being linked (13.4)
ld: warning: object file (/Users/bytedance/workspace/cemu_android/build/vcpkg_installed/arm64-osx/lib/libcrypto.a[774](libcrypto-lib-v3_pci.o)) was built for newer 'macOS' version (15.4) than being linked (13.4)
ld: warning: object file (/Users/bytedance/workspace/cemu_android/build/vcpkg_installed/arm64-osx/lib/libcrypto.a[775](libcrypto-lib-v3_pcia.o)) was built for newer 'macOS' version (15.4) than being linked (13.4)
ld: warning: object file (/Users/bytedance/workspace/cemu_android/build/vcpkg_installed/arm64-osx/lib/libcrypto.a[776](libcrypto-lib-v3_pcons.o)) was built for newer 'macOS' version (15.4) than being linked (13.4)
ld: warning: object file (/Users/bytedance/workspace/cemu_android/build/vcpkg_installed/arm64-osx/lib/libcrypto.a[777](libcrypto-lib-v3_pku.o)) was built for newer 'macOS' version (15.4) than being linked (13.4)
ld: warning: object file (/Users/bytedance/workspace/cemu_android/build/vcpkg_installed/arm64-osx/lib/libcrypto.a[778](libcrypto-lib-v3_pmaps.o)) was built for newer 'macOS' version (15.4) than being linked (13.4)
ld: warning: object file (/Users/bytedance/workspace/cemu_android/build/vcpkg_installed/arm64-osx/lib/libcrypto.a[779](libcrypto-lib-v3_prn.o)) was built for newer 'macOS' version (15.4) than being linked (13.4)
ld: warning: object file (/Users/bytedance/workspace/cemu_android/build/vcpkg_installed/arm64-osx/lib/libcrypto.a[780](libcrypto-lib-v3_purp.o)) was built for newer 'macOS' version (15.4) than being linked (13.4)
ld: warning: object file (/Users/bytedance/workspace/cemu_android/build/vcpkg_installed/arm64-osx/lib/libcrypto.a[781](libcrypto-lib-v3_rolespec.o)) was built for newer 'macOS' version (15.4) than being linked (13.4)
ld: warning: object file (/Users/bytedance/workspace/cemu_android/build/vcpkg_installed/arm64-osx/lib/libcrypto.a[782](libcrypto-lib-v3_san.o)) was built for newer 'macOS' version (15.4) than being linked (13.4)
ld: warning: object file (/Users/bytedance/workspace/cemu_android/build/vcpkg_installed/arm64-osx/lib/libcrypto.a[783](libcrypto-lib-v3_sda.o)) was built for newer 'macOS' version (15.4) than being linked (13.4)
ld: warning: object file (/Users/bytedance/workspace/cemu_android/build/vcpkg_installed/arm64-osx/lib/libcrypto.a[784](libcrypto-lib-v3_single_use.o)) was built for newer 'macOS' version (15.4) than being linked (13.4)
ld: warning: object file (/Users/bytedance/workspace/cemu_android/build/vcpkg_installed/arm64-osx/lib/libcrypto.a[785](libcrypto-lib-v3_skid.o)) was built for newer 'macOS' version (15.4) than being linked (13.4)
ld: warning: object file (/Users/bytedance/workspace/cemu_android/build/vcpkg_installed/arm64-osx/lib/libcrypto.a[786](libcrypto-lib-v3_soa_id.o)) was built for newer 'macOS' version (15.4) than being linked (13.4)
ld: warning: object file (/Users/bytedance/workspace/cemu_android/build/vcpkg_installed/arm64-osx/lib/libcrypto.a[787](libcrypto-lib-v3_sxnet.o)) was built for newer 'macOS' version (15.4) than being linked (13.4)
ld: warning: object file (/Users/bytedance/workspace/cemu_android/build/vcpkg_installed/arm64-osx/lib/libcrypto.a[788](libcrypto-lib-v3_timespec.o)) was built for newer 'macOS' version (15.4) than being linked (13.4)
ld: warning: object file (/Users/bytedance/workspace/cemu_android/build/vcpkg_installed/arm64-osx/lib/libcrypto.a[789](libcrypto-lib-v3_tlsf.o)) was built for newer 'macOS' version (15.4) than being linked (13.4)
ld: warning: object file (/Users/bytedance/workspace/cemu_android/build/vcpkg_installed/arm64-osx/lib/libcrypto.a[790](libcrypto-lib-v3_usernotice.o)) was built for newer 'macOS' version (15.4) than being linked (13.4)
ld: warning: object file (/Users/bytedance/workspace/cemu_android/build/vcpkg_installed/arm64-osx/lib/libcrypto.a[791](libcrypto-lib-v3_utf8.o)) was built for newer 'macOS' version (15.4) than being linked (13.4)
ld: warning: object file (/Users/bytedance/workspace/cemu_android/build/vcpkg_installed/arm64-osx/lib/libcrypto.a[792](libcrypto-lib-v3_utl.o)) was built for newer 'macOS' version (15.4) than being linked (13.4)
ld: warning: object file (/Users/bytedance/workspace/cemu_android/build/vcpkg_installed/arm64-osx/lib/libcrypto.a[793](libcrypto-lib-v3err.o)) was built for newer 'macOS' version (15.4) than being linked (13.4)
ld: warning: object file (/Users/bytedance/workspace/cemu_android/build/vcpkg_installed/arm64-osx/lib/libcrypto.a[794](libcrypto-lib-x509_acert.o)) was built for newer 'macOS' version (15.4) than being linked (13.4)
ld: warning: object file (/Users/bytedance/workspace/cemu_android/build/vcpkg_installed/arm64-osx/lib/libcrypto.a[795](libcrypto-lib-x509_att.o)) was built for newer 'macOS' version (15.4) than being linked (13.4)
ld: warning: object file (/Users/bytedance/workspace/cemu_android/build/vcpkg_installed/arm64-osx/lib/libcrypto.a[796](libcrypto-lib-x509_cmp.o)) was built for newer 'macOS' version (15.4) than being linked (13.4)
ld: warning: object file (/Users/bytedance/workspace/cemu_android/build/vcpkg_installed/arm64-osx/lib/libcrypto.a[797](libcrypto-lib-x509_d2.o)) was built for newer 'macOS' version (15.4) than being linked (13.4)
ld: warning: object file (/Users/bytedance/workspace/cemu_android/build/vcpkg_installed/arm64-osx/lib/libcrypto.a[798](libcrypto-lib-x509_def.o)) was built for newer 'macOS' version (15.4) than being linked (13.4)
ld: warning: object file (/Users/bytedance/workspace/cemu_android/build/vcpkg_installed/arm64-osx/lib/libcrypto.a[799](libcrypto-lib-x509_err.o)) was built for newer 'macOS' version (15.4) than being linked (13.4)
ld: warning: object file (/Users/bytedance/workspace/cemu_android/build/vcpkg_installed/arm64-osx/lib/libcrypto.a[800](libcrypto-lib-x509_ext.o)) was built for newer 'macOS' version (15.4) than being linked (13.4)
ld: warning: object file (/Users/bytedance/workspace/cemu_android/build/vcpkg_installed/arm64-osx/lib/libcrypto.a[801](libcrypto-lib-x509_lu.o)) was built for newer 'macOS' version (15.4) than being linked (13.4)
ld: warning: object file (/Users/bytedance/workspace/cemu_android/build/vcpkg_installed/arm64-osx/lib/libcrypto.a[803](libcrypto-lib-x509_obj.o)) was built for newer 'macOS' version (15.4) than being linked (13.4)
ld: warning: object file (/Users/bytedance/workspace/cemu_android/build/vcpkg_installed/arm64-osx/lib/libcrypto.a[805](libcrypto-lib-x509_req.o)) was built for newer 'macOS' version (15.4) than being linked (13.4)
ld: warning: object file (/Users/bytedance/workspace/cemu_android/build/vcpkg_installed/arm64-osx/lib/libcrypto.a[806](libcrypto-lib-x509_set.o)) was built for newer 'macOS' version (15.4) than being linked (13.4)
ld: warning: object file (/Users/bytedance/workspace/cemu_android/build/vcpkg_installed/arm64-osx/lib/libcrypto.a[807](libcrypto-lib-x509_trust.o)) was built for newer 'macOS' version (15.4) than being linked (13.4)
ld: warning: object file (/Users/bytedance/workspace/cemu_android/build/vcpkg_installed/arm64-osx/lib/libcrypto.a[808](libcrypto-lib-x509_txt.o)) was built for newer 'macOS' version (15.4) than being linked (13.4)
ld: warning: object file (/Users/bytedance/workspace/cemu_android/build/vcpkg_installed/arm64-osx/lib/libcrypto.a[809](libcrypto-lib-x509_v3.o)) was built for newer 'macOS' version (15.4) than being linked (13.4)
ld: warning: object file (/Users/bytedance/workspace/cemu_android/build/vcpkg_installed/arm64-osx/lib/libcrypto.a[810](libcrypto-lib-x509_vfy.o)) was built for newer 'macOS' version (15.4) than being linked (13.4)
ld: warning: object file (/Users/bytedance/workspace/cemu_android/build/vcpkg_installed/arm64-osx/lib/libcrypto.a[811](libcrypto-lib-x509_vpm.o)) was built for newer 'macOS' version (15.4) than being linked (13.4)
ld: warning: object file (/Users/bytedance/workspace/cemu_android/build/vcpkg_installed/arm64-osx/lib/libcrypto.a[813](libcrypto-lib-x509cset.o)) was built for newer 'macOS' version (15.4) than being linked (13.4)
ld: warning: object file (/Users/bytedance/workspace/cemu_android/build/vcpkg_installed/arm64-osx/lib/libcrypto.a[814](libcrypto-lib-x509name.o)) was built for newer 'macOS' version (15.4) than being linked (13.4)
ld: warning: object file (/Users/bytedance/workspace/cemu_android/build/vcpkg_installed/arm64-osx/lib/libcrypto.a[815](libcrypto-lib-x509rset.o)) was built for newer 'macOS' version (15.4) than being linked (13.4)
ld: warning: object file (/Users/bytedance/workspace/cemu_android/build/vcpkg_installed/arm64-osx/lib/libcrypto.a[818](libcrypto-lib-x_all.o)) was built for newer 'macOS' version (15.4) than being linked (13.4)
ld: warning: object file (/Users/bytedance/workspace/cemu_android/build/vcpkg_installed/arm64-osx/lib/libcrypto.a[819](libcrypto-lib-x_attrib.o)) was built for newer 'macOS' version (15.4) than being linked (13.4)
ld: warning: object file (/Users/bytedance/workspace/cemu_android/build/vcpkg_installed/arm64-osx/lib/libcrypto.a[820](libcrypto-lib-x_crl.o)) was built for newer 'macOS' version (15.4) than being linked (13.4)
ld: warning: object file (/Users/bytedance/workspace/cemu_android/build/vcpkg_installed/arm64-osx/lib/libcrypto.a[821](libcrypto-lib-x_exten.o)) was built for newer 'macOS' version (15.4) than being linked (13.4)
ld: warning: object file (/Users/bytedance/workspace/cemu_android/build/vcpkg_installed/arm64-osx/lib/libcrypto.a[823](libcrypto-lib-x_name.o)) was built for newer 'macOS' version (15.4) than being linked (13.4)
ld: warning: object file (/Users/bytedance/workspace/cemu_android/build/vcpkg_installed/arm64-osx/lib/libcrypto.a[824](libcrypto-lib-x_pubkey.o)) was built for newer 'macOS' version (15.4) than being linked (13.4)
ld: warning: object file (/Users/bytedance/workspace/cemu_android/build/vcpkg_installed/arm64-osx/lib/libcrypto.a[825](libcrypto-lib-x_req.o)) was built for newer 'macOS' version (15.4) than being linked (13.4)
ld: warning: object file (/Users/bytedance/workspace/cemu_android/build/vcpkg_installed/arm64-osx/lib/libcrypto.a[826](libcrypto-lib-x_x509.o)) was built for newer 'macOS' version (15.4) than being linked (13.4)
ld: warning: object file (/Users/bytedance/workspace/cemu_android/build/vcpkg_installed/arm64-osx/lib/libcrypto.a[827](libcrypto-lib-x_x509a.o)) was built for newer 'macOS' version (15.4) than being linked (13.4)
ld: warning: object file (/Users/bytedance/workspace/cemu_android/build/vcpkg_installed/arm64-osx/lib/libcrypto.a[829](libcrypto-lib-e_padlock.o)) was built for newer 'macOS' version (15.4) than being linked (13.4)
ld: warning: object file (/Users/bytedance/workspace/cemu_android/build/vcpkg_installed/arm64-osx/lib/libcrypto.a[830](libcrypto-lib-baseprov.o)) was built for newer 'macOS' version (15.4) than being linked (13.4)
ld: warning: object file (/Users/bytedance/workspace/cemu_android/build/vcpkg_installed/arm64-osx/lib/libcrypto.a[831](libcrypto-lib-defltprov.o)) was built for newer 'macOS' version (15.4) than being linked (13.4)
ld: warning: object file (/Users/bytedance/workspace/cemu_android/build/vcpkg_installed/arm64-osx/lib/libcrypto.a[832](libcrypto-lib-legacyprov.o)) was built for newer 'macOS' version (15.4) than being linked (13.4)
ld: warning: object file (/Users/bytedance/workspace/cemu_android/build/vcpkg_installed/arm64-osx/lib/libcrypto.a[833](libcrypto-lib-nullprov.o)) was built for newer 'macOS' version (15.4) than being linked (13.4)
ld: warning: object file (/Users/bytedance/workspace/cemu_android/build/vcpkg_installed/arm64-osx/lib/libcrypto.a[834](libcrypto-lib-prov_running.o)) was built for newer 'macOS' version (15.4) than being linked (13.4)
ld: warning: object file (/Users/bytedance/workspace/cemu_android/build/vcpkg_installed/arm64-osx/lib/libcrypto.a[835](libdefault-lib-der_rsa_sig.o)) was built for newer 'macOS' version (15.4) than being linked (13.4)
ld: warning: object file (/Users/bytedance/workspace/cemu_android/build/vcpkg_installed/arm64-osx/lib/libcrypto.a[836](libdefault-lib-der_sm2_gen.o)) was built for newer 'macOS' version (15.4) than being linked (13.4)
ld: warning: object file (/Users/bytedance/workspace/cemu_android/build/vcpkg_installed/arm64-osx/lib/libcrypto.a[838](libdefault-lib-der_sm2_sig.o)) was built for newer 'macOS' version (15.4) than being linked (13.4)
ld: warning: object file (/Users/bytedance/workspace/cemu_android/build/vcpkg_installed/arm64-osx/lib/libcrypto.a[839](libdefault-lib-bio_prov.o)) was built for newer 'macOS' version (15.4) than being linked (13.4)
ld: warning: object file (/Users/bytedance/workspace/cemu_android/build/vcpkg_installed/arm64-osx/lib/libcrypto.a[840](libdefault-lib-capabilities.o)) was built for newer 'macOS' version (15.4) than being linked (13.4)
ld: warning: object file (/Users/bytedance/workspace/cemu_android/build/vcpkg_installed/arm64-osx/lib/libcrypto.a[841](libdefault-lib-digest_to_nid.o)) was built for newer 'macOS' version (15.4) than being linked (13.4)
ld: warning: object file (/Users/bytedance/workspace/cemu_android/build/vcpkg_installed/arm64-osx/lib/libcrypto.a[842](libdefault-lib-provider_seeding.o)) was built for newer 'macOS' version (15.4) than being linked (13.4)
ld: warning: object file (/Users/bytedance/workspace/cemu_android/build/vcpkg_installed/arm64-osx/lib/libcrypto.a[843](libdefault-lib-provider_util.o)) was built for newer 'macOS' version (15.4) than being linked (13.4)
ld: warning: object file (/Users/bytedance/workspace/cemu_android/build/vcpkg_installed/arm64-osx/lib/libcrypto.a[844](libdefault-lib-securitycheck.o)) was built for newer 'macOS' version (15.4) than being linked (13.4)
ld: warning: object file (/Users/bytedance/workspace/cemu_android/build/vcpkg_installed/arm64-osx/lib/libcrypto.a[845](libdefault-lib-securitycheck_default.o)) was built for newer 'macOS' version (15.4) than being linked (13.4)
ld: warning: object file (/Users/bytedance/workspace/cemu_android/build/vcpkg_installed/arm64-osx/lib/libcrypto.a[846](libdefault-lib-rsa_enc.o)) was built for newer 'macOS' version (15.4) than being linked (13.4)
ld: warning: object file (/Users/bytedance/workspace/cemu_android/build/vcpkg_installed/arm64-osx/lib/libcrypto.a[847](libdefault-lib-sm2_enc.o)) was built for newer 'macOS' version (15.4) than being linked (13.4)
ld: warning: object file (/Users/bytedance/workspace/cemu_android/build/vcpkg_installed/arm64-osx/lib/libcrypto.a[848](libdefault-lib-cipher_aes.o)) was built for newer 'macOS' version (15.4) than being linked (13.4)
ld: warning: object file (/Users/bytedance/workspace/cemu_android/build/vcpkg_installed/arm64-osx/lib/libcrypto.a[849](libdefault-lib-cipher_aes_cbc_hmac_sha.o)) was built for newer 'macOS' version (15.4) than being linked (13.4)
ld: warning: object file (/Users/bytedance/workspace/cemu_android/build/vcpkg_installed/arm64-osx/lib/libcrypto.a[850](libdefault-lib-cipher_aes_cbc_hmac_sha1_hw.o)) was built for newer 'macOS' version (15.4) than being linked (13.4)
ld: warning: object file (/Users/bytedance/workspace/cemu_android/build/vcpkg_installed/arm64-osx/lib/libcrypto.a[851](libdefault-lib-cipher_aes_cbc_hmac_sha256_hw.o)) was built for newer 'macOS' version (15.4) than being linked (13.4)
ld: warning: object file (/Users/bytedance/workspace/cemu_android/build/vcpkg_installed/arm64-osx/lib/libcrypto.a[852](libdefault-lib-cipher_aes_ccm.o)) was built for newer 'macOS' version (15.4) than being linked (13.4)
ld: warning: object file (/Users/bytedance/workspace/cemu_android/build/vcpkg_installed/arm64-osx/lib/libcrypto.a[853](libdefault-lib-cipher_aes_ccm_hw.o)) was built for newer 'macOS' version (15.4) than being linked (13.4)
ld: warning: object file (/Users/bytedance/workspace/cemu_android/build/vcpkg_installed/arm64-osx/lib/libcrypto.a[854](libdefault-lib-cipher_aes_gcm.o)) was built for newer 'macOS' version (15.4) than being linked (13.4)
ld: warning: object file (/Users/bytedance/workspace/cemu_android/build/vcpkg_installed/arm64-osx/lib/libcrypto.a[855](libdefault-lib-cipher_aes_gcm_hw.o)) was built for newer 'macOS' version (15.4) than being linked (13.4)
ld: warning: object file (/Users/bytedance/workspace/cemu_android/build/vcpkg_installed/arm64-osx/lib/libcrypto.a[856](libdefault-lib-cipher_aes_gcm_siv.o)) was built for newer 'macOS' version (15.4) than being linked (13.4)
ld: warning: object file (/Users/bytedance/workspace/cemu_android/build/vcpkg_installed/arm64-osx/lib/libcrypto.a[857](libdefault-lib-cipher_aes_gcm_siv_hw.o)) was built for newer 'macOS' version (15.4) than being linked (13.4)
ld: warning: object file (/Users/bytedance/workspace/cemu_android/build/vcpkg_installed/arm64-osx/lib/libcrypto.a[858](libdefault-lib-cipher_aes_gcm_siv_polyval.o)) was built for newer 'macOS' version (15.4) than being linked (13.4)
ld: warning: object file (/Users/bytedance/workspace/cemu_android/build/vcpkg_installed/arm64-osx/lib/libcrypto.a[859](libdefault-lib-cipher_aes_hw.o)) was built for newer 'macOS' version (15.4) than being linked (13.4)
ld: warning: object file (/Users/bytedance/workspace/cemu_android/build/vcpkg_installed/arm64-osx/lib/libcrypto.a[860](libdefault-lib-cipher_aes_ocb.o)) was built for newer 'macOS' version (15.4) than being linked (13.4)
ld: warning: object file (/Users/bytedance/workspace/cemu_android/build/vcpkg_installed/arm64-osx/lib/libcrypto.a[861](libdefault-lib-cipher_aes_ocb_hw.o)) was built for newer 'macOS' version (15.4) than being linked (13.4)
ld: warning: object file (/Users/bytedance/workspace/cemu_android/build/vcpkg_installed/arm64-osx/lib/libcrypto.a[862](libdefault-lib-cipher_aes_siv.o)) was built for newer 'macOS' version (15.4) than being linked (13.4)
ld: warning: object file (/Users/bytedance/workspace/cemu_android/build/vcpkg_installed/arm64-osx/lib/libcrypto.a[863](libdefault-lib-cipher_aes_siv_hw.o)) was built for newer 'macOS' version (15.4) than being linked (13.4)
ld: warning: object file (/Users/bytedance/workspace/cemu_android/build/vcpkg_installed/arm64-osx/lib/libcrypto.a[864](libdefault-lib-cipher_aes_wrp.o)) was built for newer 'macOS' version (15.4) than being linked (13.4)
ld: warning: object file (/Users/bytedance/workspace/cemu_android/build/vcpkg_installed/arm64-osx/lib/libcrypto.a[865](libdefault-lib-cipher_aes_xts.o)) was built for newer 'macOS' version (15.4) than being linked (13.4)
ld: warning: object file (/Users/bytedance/workspace/cemu_android/build/vcpkg_installed/arm64-osx/lib/libcrypto.a[866](libdefault-lib-cipher_aes_xts_fips.o)) was built for newer 'macOS' version (15.4) than being linked (13.4)
ld: warning: object file (/Users/bytedance/workspace/cemu_android/build/vcpkg_installed/arm64-osx/lib/libcrypto.a[867](libdefault-lib-cipher_aes_xts_hw.o)) was built for newer 'macOS' version (15.4) than being linked (13.4)
ld: warning: object file (/Users/bytedance/workspace/cemu_android/build/vcpkg_installed/arm64-osx/lib/libcrypto.a[868](libdefault-lib-cipher_aria.o)) was built for newer 'macOS' version (15.4) than being linked (13.4)
ld: warning: object file (/Users/bytedance/workspace/cemu_android/build/vcpkg_installed/arm64-osx/lib/libcrypto.a[869](libdefault-lib-cipher_aria_ccm.o)) was built for newer 'macOS' version (15.4) than being linked (13.4)
ld: warning: object file (/Users/bytedance/workspace/cemu_android/build/vcpkg_installed/arm64-osx/lib/libcrypto.a[870](libdefault-lib-cipher_aria_ccm_hw.o)) was built for newer 'macOS' version (15.4) than being linked (13.4)
ld: warning: object file (/Users/bytedance/workspace/cemu_android/build/vcpkg_installed/arm64-osx/lib/libcrypto.a[871](libdefault-lib-cipher_aria_gcm.o)) was built for newer 'macOS' version (15.4) than being linked (13.4)
ld: warning: object file (/Users/bytedance/workspace/cemu_android/build/vcpkg_installed/arm64-osx/lib/libcrypto.a[872](libdefault-lib-cipher_aria_gcm_hw.o)) was built for newer 'macOS' version (15.4) than being linked (13.4)
ld: warning: object file (/Users/bytedance/workspace/cemu_android/build/vcpkg_installed/arm64-osx/lib/libcrypto.a[873](libdefault-lib-cipher_aria_hw.o)) was built for newer 'macOS' version (15.4) than being linked (13.4)
ld: warning: object file (/Users/bytedance/workspace/cemu_android/build/vcpkg_installed/arm64-osx/lib/libcrypto.a[874](libdefault-lib-cipher_camellia.o)) was built for newer 'macOS' version (15.4) than being linked (13.4)
ld: warning: object file (/Users/bytedance/workspace/cemu_android/build/vcpkg_installed/arm64-osx/lib/libcrypto.a[875](libdefault-lib-cipher_camellia_hw.o)) was built for newer 'macOS' version (15.4) than being linked (13.4)
ld: warning: object file (/Users/bytedance/workspace/cemu_android/build/vcpkg_installed/arm64-osx/lib/libcrypto.a[876](libdefault-lib-cipher_chacha20.o)) was built for newer 'macOS' version (15.4) than being linked (13.4)
ld: warning: object file (/Users/bytedance/workspace/cemu_android/build/vcpkg_installed/arm64-osx/lib/libcrypto.a[877](libdefault-lib-cipher_chacha20_hw.o)) was built for newer 'macOS' version (15.4) than being linked (13.4)
ld: warning: object file (/Users/bytedance/workspace/cemu_android/build/vcpkg_installed/arm64-osx/lib/libcrypto.a[878](libdefault-lib-cipher_chacha20_poly1305.o)) was built for newer 'macOS' version (15.4) than being linked (13.4)
ld: warning: object file (/Users/bytedance/workspace/cemu_android/build/vcpkg_installed/arm64-osx/lib/libcrypto.a[879](libdefault-lib-cipher_chacha20_poly1305_hw.o)) was built for newer 'macOS' version (15.4) than being linked (13.4)
ld: warning: object file (/Users/bytedance/workspace/cemu_android/build/vcpkg_installed/arm64-osx/lib/libcrypto.a[880](libdefault-lib-cipher_cts.o)) was built for newer 'macOS' version (15.4) than being linked (13.4)
ld: warning: object file (/Users/bytedance/workspace/cemu_android/build/vcpkg_installed/arm64-osx/lib/libcrypto.a[881](libdefault-lib-cipher_null.o)) was built for newer 'macOS' version (15.4) than being linked (13.4)
ld: warning: object file (/Users/bytedance/workspace/cemu_android/build/vcpkg_installed/arm64-osx/lib/libcrypto.a[882](libdefault-lib-cipher_sm4.o)) was built for newer 'macOS' version (15.4) than being linked (13.4)
ld: warning: object file (/Users/bytedance/workspace/cemu_android/build/vcpkg_installed/arm64-osx/lib/libcrypto.a[883](libdefault-lib-cipher_sm4_ccm.o)) was built for newer 'macOS' version (15.4) than being linked (13.4)
ld: warning: object file (/Users/bytedance/workspace/cemu_android/build/vcpkg_installed/arm64-osx/lib/libcrypto.a[884](libdefault-lib-cipher_sm4_ccm_hw.o)) was built for newer 'macOS' version (15.4) than being linked (13.4)
ld: warning: object file (/Users/bytedance/workspace/cemu_android/build/vcpkg_installed/arm64-osx/lib/libcrypto.a[885](libdefault-lib-cipher_sm4_gcm.o)) was built for newer 'macOS' version (15.4) than being linked (13.4)
ld: warning: object file (/Users/bytedance/workspace/cemu_android/build/vcpkg_installed/arm64-osx/lib/libcrypto.a[886](libdefault-lib-cipher_sm4_gcm_hw.o)) was built for newer 'macOS' version (15.4) than being linked (13.4)
ld: warning: object file (/Users/bytedance/workspace/cemu_android/build/vcpkg_installed/arm64-osx/lib/libcrypto.a[887](libdefault-lib-cipher_sm4_hw.o)) was built for newer 'macOS' version (15.4) than being linked (13.4)
ld: warning: object file (/Users/bytedance/workspace/cemu_android/build/vcpkg_installed/arm64-osx/lib/libcrypto.a[888](libdefault-lib-cipher_sm4_xts.o)) was built for newer 'macOS' version (15.4) than being linked (13.4)
ld: warning: object file (/Users/bytedance/workspace/cemu_android/build/vcpkg_installed/arm64-osx/lib/libcrypto.a[889](libdefault-lib-cipher_sm4_xts_hw.o)) was built for newer 'macOS' version (15.4) than being linked (13.4)
ld: warning: object file (/Users/bytedance/workspace/cemu_android/build/vcpkg_installed/arm64-osx/lib/libcrypto.a[890](libdefault-lib-cipher_tdes.o)) was built for newer 'macOS' version (15.4) than being linked (13.4)
ld: warning: object file (/Users/bytedance/workspace/cemu_android/build/vcpkg_installed/arm64-osx/lib/libcrypto.a[891](libdefault-lib-cipher_tdes_common.o)) was built for newer 'macOS' version (15.4) than being linked (13.4)
ld: warning: object file (/Users/bytedance/workspace/cemu_android/build/vcpkg_installed/arm64-osx/lib/libcrypto.a[892](libdefault-lib-cipher_tdes_default.o)) was built for newer 'macOS' version (15.4) than being linked (13.4)
ld: warning: object file (/Users/bytedance/workspace/cemu_android/build/vcpkg_installed/arm64-osx/lib/libcrypto.a[893](libdefault-lib-cipher_tdes_default_hw.o)) was built for newer 'macOS' version (15.4) than being linked (13.4)
ld: warning: object file (/Users/bytedance/workspace/cemu_android/build/vcpkg_installed/arm64-osx/lib/libcrypto.a[894](libdefault-lib-cipher_tdes_hw.o)) was built for newer 'macOS' version (15.4) than being linked (13.4)
ld: warning: object file (/Users/bytedance/workspace/cemu_android/build/vcpkg_installed/arm64-osx/lib/libcrypto.a[895](libdefault-lib-cipher_tdes_wrap.o)) was built for newer 'macOS' version (15.4) than being linked (13.4)
ld: warning: object file (/Users/bytedance/workspace/cemu_android/build/vcpkg_installed/arm64-osx/lib/libcrypto.a[896](libdefault-lib-cipher_tdes_wrap_hw.o)) was built for newer 'macOS' version (15.4) than being linked (13.4)
ld: warning: object file (/Users/bytedance/workspace/cemu_android/build/vcpkg_installed/arm64-osx/lib/libcrypto.a[897](libdefault-lib-blake2_prov.o)) was built for newer 'macOS' version (15.4) than being linked (13.4)
ld: warning: object file (/Users/bytedance/workspace/cemu_android/build/vcpkg_installed/arm64-osx/lib/libcrypto.a[898](libdefault-lib-blake2b_prov.o)) was built for newer 'macOS' version (15.4) than being linked (13.4)
ld: warning: object file (/Users/bytedance/workspace/cemu_android/build/vcpkg_installed/arm64-osx/lib/libcrypto.a[899](libdefault-lib-blake2s_prov.o)) was built for newer 'macOS' version (15.4) than being linked (13.4)
ld: warning: object file (/Users/bytedance/workspace/cemu_android/build/vcpkg_installed/arm64-osx/lib/libcrypto.a[900](libdefault-lib-md5_prov.o)) was built for newer 'macOS' version (15.4) than being linked (13.4)
ld: warning: object file (/Users/bytedance/workspace/cemu_android/build/vcpkg_installed/arm64-osx/lib/libcrypto.a[901](libdefault-lib-md5_sha1_prov.o)) was built for newer 'macOS' version (15.4) than being linked (13.4)
ld: warning: object file (/Users/bytedance/workspace/cemu_android/build/vcpkg_installed/arm64-osx/lib/libcrypto.a[902](libdefault-lib-null_prov.o)) was built for newer 'macOS' version (15.4) than being linked (13.4)
ld: warning: object file (/Users/bytedance/workspace/cemu_android/build/vcpkg_installed/arm64-osx/lib/libcrypto.a[903](libdefault-lib-ripemd_prov.o)) was built for newer 'macOS' version (15.4) than being linked (13.4)
ld: warning: object file (/Users/bytedance/workspace/cemu_android/build/vcpkg_installed/arm64-osx/lib/libcrypto.a[904](libdefault-lib-sha2_prov.o)) was built for newer 'macOS' version (15.4) than being linked (13.4)
ld: warning: object file (/Users/bytedance/workspace/cemu_android/build/vcpkg_installed/arm64-osx/lib/libcrypto.a[905](libdefault-lib-sha3_prov.o)) was built for newer 'macOS' version (15.4) than being linked (13.4)
ld: warning: object file (/Users/bytedance/workspace/cemu_android/build/vcpkg_installed/arm64-osx/lib/libcrypto.a[906](libdefault-lib-sm3_prov.o)) was built for newer 'macOS' version (15.4) than being linked (13.4)
ld: warning: object file (/Users/bytedance/workspace/cemu_android/build/vcpkg_installed/arm64-osx/lib/libcrypto.a[907](libdefault-lib-decode_der2key.o)) was built for newer 'macOS' version (15.4) than being linked (13.4)
ld: warning: object file (/Users/bytedance/workspace/cemu_android/build/vcpkg_installed/arm64-osx/lib/libcrypto.a[908](libdefault-lib-decode_epki2pki.o)) was built for newer 'macOS' version (15.4) than being linked (13.4)
ld: warning: object file (/Users/bytedance/workspace/cemu_android/build/vcpkg_installed/arm64-osx/lib/libcrypto.a[909](libdefault-lib-decode_msblob2key.o)) was built for newer 'macOS' version (15.4) than being linked (13.4)
ld: warning: object file (/Users/bytedance/workspace/cemu_android/build/vcpkg_installed/arm64-osx/lib/libcrypto.a[910](libdefault-lib-decode_pem2der.o)) was built for newer 'macOS' version (15.4) than being linked (13.4)
ld: warning: object file (/Users/bytedance/workspace/cemu_android/build/vcpkg_installed/arm64-osx/lib/libcrypto.a[911](libdefault-lib-decode_pvk2key.o)) was built for newer 'macOS' version (15.4) than being linked (13.4)
ld: warning: object file (/Users/bytedance/workspace/cemu_android/build/vcpkg_installed/arm64-osx/lib/libcrypto.a[912](libdefault-lib-decode_spki2typespki.o)) was built for newer 'macOS' version (15.4) than being linked (13.4)
ld: warning: object file (/Users/bytedance/workspace/cemu_android/build/vcpkg_installed/arm64-osx/lib/libcrypto.a[913](libdefault-lib-encode_key2any.o)) was built for newer 'macOS' version (15.4) than being linked (13.4)
ld: warning: object file (/Users/bytedance/workspace/cemu_android/build/vcpkg_installed/arm64-osx/lib/libcrypto.a[914](libdefault-lib-encode_key2blob.o)) was built for newer 'macOS' version (15.4) than being linked (13.4)
ld: warning: object file (/Users/bytedance/workspace/cemu_android/build/vcpkg_installed/arm64-osx/lib/libcrypto.a[915](libdefault-lib-encode_key2ms.o)) was built for newer 'macOS' version (15.4) than being linked (13.4)
ld: warning: object file (/Users/bytedance/workspace/cemu_android/build/vcpkg_installed/arm64-osx/lib/libcrypto.a[916](libdefault-lib-encode_key2text.o)) was built for newer 'macOS' version (15.4) than being linked (13.4)
ld: warning: object file (/Users/bytedance/workspace/cemu_android/build/vcpkg_installed/arm64-osx/lib/libcrypto.a[917](libdefault-lib-endecoder_common.o)) was built for newer 'macOS' version (15.4) than being linked (13.4)
ld: warning: object file (/Users/bytedance/workspace/cemu_android/build/vcpkg_installed/arm64-osx/lib/libcrypto.a[918](libdefault-lib-ml_common_codecs.o)) was built for newer 'macOS' version (15.4) than being linked (13.4)
ld: warning: object file (/Users/bytedance/workspace/cemu_android/build/vcpkg_installed/arm64-osx/lib/libcrypto.a[919](libdefault-lib-ml_dsa_codecs.o)) was built for newer 'macOS' version (15.4) than being linked (13.4)
ld: warning: object file (/Users/bytedance/workspace/cemu_android/build/vcpkg_installed/arm64-osx/lib/libcrypto.a[920](libdefault-lib-ml_kem_codecs.o)) was built for newer 'macOS' version (15.4) than being linked (13.4)
ld: warning: object file (/Users/bytedance/workspace/cemu_android/build/vcpkg_installed/arm64-osx/lib/libcrypto.a[921](libdefault-lib-dh_exch.o)) was built for newer 'macOS' version (15.4) than being linked (13.4)
ld: warning: object file (/Users/bytedance/workspace/cemu_android/build/vcpkg_installed/arm64-osx/lib/libcrypto.a[922](libdefault-lib-ecdh_exch.o)) was built for newer 'macOS' version (15.4) than being linked (13.4)
ld: warning: object file (/Users/bytedance/workspace/cemu_android/build/vcpkg_installed/arm64-osx/lib/libcrypto.a[923](libdefault-lib-ecx_exch.o)) was built for newer 'macOS' version (15.4) than being linked (13.4)
ld: warning: object file (/Users/bytedance/workspace/cemu_android/build/vcpkg_installed/arm64-osx/lib/libcrypto.a[924](libdefault-lib-kdf_exch.o)) was built for newer 'macOS' version (15.4) than being linked (13.4)
ld: warning: object file (/Users/bytedance/workspace/cemu_android/build/vcpkg_installed/arm64-osx/lib/libcrypto.a[925](libdefault-lib-argon2.o)) was built for newer 'macOS' version (15.4) than being linked (13.4)
ld: warning: object file (/Users/bytedance/workspace/cemu_android/build/vcpkg_installed/arm64-osx/lib/libcrypto.a[926](libdefault-lib-hkdf.o)) was built for newer 'macOS' version (15.4) than being linked (13.4)
ld: warning: object file (/Users/bytedance/workspace/cemu_android/build/vcpkg_installed/arm64-osx/lib/libcrypto.a[927](libdefault-lib-hmacdrbg_kdf.o)) was built for newer 'macOS' version (15.4) than being linked (13.4)
ld: warning: object file (/Users/bytedance/workspace/cemu_android/build/vcpkg_installed/arm64-osx/lib/libcrypto.a[928](libdefault-lib-kbkdf.o)) was built for newer 'macOS' version (15.4) than being linked (13.4)
ld: warning: object file (/Users/bytedance/workspace/cemu_android/build/vcpkg_installed/arm64-osx/lib/libcrypto.a[929](libdefault-lib-krb5kdf.o)) was built for newer 'macOS' version (15.4) than being linked (13.4)
ld: warning: object file (/Users/bytedance/workspace/cemu_android/build/vcpkg_installed/arm64-osx/lib/libcrypto.a[930](libdefault-lib-pbkdf2.o)) was built for newer 'macOS' version (15.4) than being linked (13.4)
ld: warning: object file (/Users/bytedance/workspace/cemu_android/build/vcpkg_installed/arm64-osx/lib/libcrypto.a[931](libdefault-lib-pbkdf2_fips.o)) was built for newer 'macOS' version (15.4) than being linked (13.4)
ld: warning: object file (/Users/bytedance/workspace/cemu_android/build/vcpkg_installed/arm64-osx/lib/libcrypto.a[932](libdefault-lib-pkcs12kdf.o)) was built for newer 'macOS' version (15.4) than being linked (13.4)
ld: warning: object file (/Users/bytedance/workspace/cemu_android/build/vcpkg_installed/arm64-osx/lib/libcrypto.a[933](libdefault-lib-scrypt.o)) was built for newer 'macOS' version (15.4) than being linked (13.4)
ld: warning: object file (/Users/bytedance/workspace/cemu_android/build/vcpkg_installed/arm64-osx/lib/libcrypto.a[934](libdefault-lib-sshkdf.o)) was built for newer 'macOS' version (15.4) than being linked (13.4)
ld: warning: object file (/Users/bytedance/workspace/cemu_android/build/vcpkg_installed/arm64-osx/lib/libcrypto.a[935](libdefault-lib-sskdf.o)) was built for newer 'macOS' version (15.4) than being linked (13.4)
ld: warning: object file (/Users/bytedance/workspace/cemu_android/build/vcpkg_installed/arm64-osx/lib/libcrypto.a[936](libdefault-lib-tls1_prf.o)) was built for newer 'macOS' version (15.4) than being linked (13.4)
ld: warning: object file (/Users/bytedance/workspace/cemu_android/build/vcpkg_installed/arm64-osx/lib/libcrypto.a[937](libdefault-lib-x942kdf.o)) was built for newer 'macOS' version (15.4) than being linked (13.4)
ld: warning: object file (/Users/bytedance/workspace/cemu_android/build/vcpkg_installed/arm64-osx/lib/libcrypto.a[938](libdefault-lib-ec_kem.o)) was built for newer 'macOS' version (15.4) than being linked (13.4)
ld: warning: object file (/Users/bytedance/workspace/cemu_android/build/vcpkg_installed/arm64-osx/lib/libcrypto.a[939](libdefault-lib-ecx_kem.o)) was built for newer 'macOS' version (15.4) than being linked (13.4)
ld: warning: object file (/Users/bytedance/workspace/cemu_android/build/vcpkg_installed/arm64-osx/lib/libcrypto.a[940](libdefault-lib-kem_util.o)) was built for newer 'macOS' version (15.4) than being linked (13.4)
ld: warning: object file (/Users/bytedance/workspace/cemu_android/build/vcpkg_installed/arm64-osx/lib/libcrypto.a[941](libdefault-lib-ml_kem_kem.o)) was built for newer 'macOS' version (15.4) than being linked (13.4)
ld: warning: object file (/Users/bytedance/workspace/cemu_android/build/vcpkg_installed/arm64-osx/lib/libcrypto.a[942](libdefault-lib-mlx_kem.o)) was built for newer 'macOS' version (15.4) than being linked (13.4)
ld: warning: object file (/Users/bytedance/workspace/cemu_android/build/vcpkg_installed/arm64-osx/lib/libcrypto.a[943](libdefault-lib-rsa_kem.o)) was built for newer 'macOS' version (15.4) than being linked (13.4)
ld: warning: object file (/Users/bytedance/workspace/cemu_android/build/vcpkg_installed/arm64-osx/lib/libcrypto.a[944](libdefault-lib-dh_kmgmt.o)) was built for newer 'macOS' version (15.4) than being linked (13.4)
ld: warning: object file (/Users/bytedance/workspace/cemu_android/build/vcpkg_installed/arm64-osx/lib/libcrypto.a[945](libdefault-lib-dsa_kmgmt.o)) was built for newer 'macOS' version (15.4) than being linked (13.4)
ld: warning: object file (/Users/bytedance/workspace/cemu_android/build/vcpkg_installed/arm64-osx/lib/libcrypto.a[946](libdefault-lib-ec_kmgmt.o)) was built for newer 'macOS' version (15.4) than being linked (13.4)
ld: warning: object file (/Users/bytedance/workspace/cemu_android/build/vcpkg_installed/arm64-osx/lib/libcrypto.a[947](libdefault-lib-ecx_kmgmt.o)) was built for newer 'macOS' version (15.4) than being linked (13.4)
ld: warning: object file (/Users/bytedance/workspace/cemu_android/build/vcpkg_installed/arm64-osx/lib/libcrypto.a[948](libdefault-lib-kdf_legacy_kmgmt.o)) was built for newer 'macOS' version (15.4) than being linked (13.4)
ld: warning: object file (/Users/bytedance/workspace/cemu_android/build/vcpkg_installed/arm64-osx/lib/libcrypto.a[949](libdefault-lib-mac_legacy_kmgmt.o)) was built for newer 'macOS' version (15.4) than being linked (13.4)
ld: warning: object file (/Users/bytedance/workspace/cemu_android/build/vcpkg_installed/arm64-osx/lib/libcrypto.a[950](libdefault-lib-ml_dsa_kmgmt.o)) was built for newer 'macOS' version (15.4) than being linked (13.4)
ld: warning: object file (/Users/bytedance/workspace/cemu_android/build/vcpkg_installed/arm64-osx/lib/libcrypto.a[951](libdefault-lib-ml_kem_kmgmt.o)) was built for newer 'macOS' version (15.4) than being linked (13.4)
ld: warning: object file (/Users/bytedance/workspace/cemu_android/build/vcpkg_installed/arm64-osx/lib/libcrypto.a[952](libdefault-lib-mlx_kmgmt.o)) was built for newer 'macOS' version (15.4) than being linked (13.4)
ld: warning: object file (/Users/bytedance/workspace/cemu_android/build/vcpkg_installed/arm64-osx/lib/libcrypto.a[953](libdefault-lib-rsa_kmgmt.o)) was built for newer 'macOS' version (15.4) than being linked (13.4)
ld: warning: object file (/Users/bytedance/workspace/cemu_android/build/vcpkg_installed/arm64-osx/lib/libcrypto.a[954](libdefault-lib-slh_dsa_kmgmt.o)) was built for newer 'macOS' version (15.4) than being linked (13.4)
ld: warning: object file (/Users/bytedance/workspace/cemu_android/build/vcpkg_installed/arm64-osx/lib/libcrypto.a[955](libdefault-lib-blake2b_mac.o)) was built for newer 'macOS' version (15.4) than being linked (13.4)
ld: warning: object file (/Users/bytedance/workspace/cemu_android/build/vcpkg_installed/arm64-osx/lib/libcrypto.a[956](libdefault-lib-blake2s_mac.o)) was built for newer 'macOS' version (15.4) than being linked (13.4)
ld: warning: object file (/Users/bytedance/workspace/cemu_android/build/vcpkg_installed/arm64-osx/lib/libcrypto.a[957](libdefault-lib-cmac_prov.o)) was built for newer 'macOS' version (15.4) than being linked (13.4)
ld: warning: object file (/Users/bytedance/workspace/cemu_android/build/vcpkg_installed/arm64-osx/lib/libcrypto.a[958](libdefault-lib-gmac_prov.o)) was built for newer 'macOS' version (15.4) than being linked (13.4)
ld: warning: object file (/Users/bytedance/workspace/cemu_android/build/vcpkg_installed/arm64-osx/lib/libcrypto.a[959](libdefault-lib-hmac_prov.o)) was built for newer 'macOS' version (15.4) than being linked (13.4)
ld: warning: object file (/Users/bytedance/workspace/cemu_android/build/vcpkg_installed/arm64-osx/lib/libcrypto.a[960](libdefault-lib-kmac_prov.o)) was built for newer 'macOS' version (15.4) than being linked (13.4)
ld: warning: object file (/Users/bytedance/workspace/cemu_android/build/vcpkg_installed/arm64-osx/lib/libcrypto.a[961](libdefault-lib-poly1305_prov.o)) was built for newer 'macOS' version (15.4) than being linked (13.4)
ld: warning: object file (/Users/bytedance/workspace/cemu_android/build/vcpkg_installed/arm64-osx/lib/libcrypto.a[962](libdefault-lib-siphash_prov.o)) was built for newer 'macOS' version (15.4) than being linked (13.4)
ld: warning: object file (/Users/bytedance/workspace/cemu_android/build/vcpkg_installed/arm64-osx/lib/libcrypto.a[963](libdefault-lib-drbg.o)) was built for newer 'macOS' version (15.4) than being linked (13.4)
ld: warning: object file (/Users/bytedance/workspace/cemu_android/build/vcpkg_installed/arm64-osx/lib/libcrypto.a[964](libdefault-lib-drbg_ctr.o)) was built for newer 'macOS' version (15.4) than being linked (13.4)
ld: warning: object file (/Users/bytedance/workspace/cemu_android/build/vcpkg_installed/arm64-osx/lib/libcrypto.a[965](libdefault-lib-drbg_hash.o)) was built for newer 'macOS' version (15.4) than being linked (13.4)
ld: warning: object file (/Users/bytedance/workspace/cemu_android/build/vcpkg_installed/arm64-osx/lib/libcrypto.a[966](libdefault-lib-drbg_hmac.o)) was built for newer 'macOS' version (15.4) than being linked (13.4)
ld: warning: object file (/Users/bytedance/workspace/cemu_android/build/vcpkg_installed/arm64-osx/lib/libcrypto.a[967](libdefault-lib-seed_src.o)) was built for newer 'macOS' version (15.4) than being linked (13.4)
ld: warning: object file (/Users/bytedance/workspace/cemu_android/build/vcpkg_installed/arm64-osx/lib/libcrypto.a[969](libdefault-lib-test_rng.o)) was built for newer 'macOS' version (15.4) than being linked (13.4)
ld: warning: object file (/Users/bytedance/workspace/cemu_android/build/vcpkg_installed/arm64-osx/lib/libcrypto.a[972](libdefault-lib-rand_unix.o)) was built for newer 'macOS' version (15.4) than being linked (13.4)
ld: warning: object file (/Users/bytedance/workspace/cemu_android/build/vcpkg_installed/arm64-osx/lib/libcrypto.a[974](libdefault-lib-dsa_sig.o)) was built for newer 'macOS' version (15.4) than being linked (13.4)
ld: warning: object file (/Users/bytedance/workspace/cemu_android/build/vcpkg_installed/arm64-osx/lib/libcrypto.a[975](libdefault-lib-ecdsa_sig.o)) was built for newer 'macOS' version (15.4) than being linked (13.4)
ld: warning: object file (/Users/bytedance/workspace/cemu_android/build/vcpkg_installed/arm64-osx/lib/libcrypto.a[976](libdefault-lib-eddsa_sig.o)) was built for newer 'macOS' version (15.4) than being linked (13.4)
ld: warning: object file (/Users/bytedance/workspace/cemu_android/build/vcpkg_installed/arm64-osx/lib/libcrypto.a[977](libdefault-lib-mac_legacy_sig.o)) was built for newer 'macOS' version (15.4) than being linked (13.4)
ld: warning: object file (/Users/bytedance/workspace/cemu_android/build/vcpkg_installed/arm64-osx/lib/libcrypto.a[978](libdefault-lib-ml_dsa_sig.o)) was built for newer 'macOS' version (15.4) than being linked (13.4)
ld: warning: object file (/Users/bytedance/workspace/cemu_android/build/vcpkg_installed/arm64-osx/lib/libcrypto.a[979](libdefault-lib-rsa_sig.o)) was built for newer 'macOS' version (15.4) than being linked (13.4)
ld: warning: object file (/Users/bytedance/workspace/cemu_android/build/vcpkg_installed/arm64-osx/lib/libcrypto.a[980](libdefault-lib-slh_dsa_sig.o)) was built for newer 'macOS' version (15.4) than being linked (13.4)
ld: warning: object file (/Users/bytedance/workspace/cemu_android/build/vcpkg_installed/arm64-osx/lib/libcrypto.a[981](libdefault-lib-sm2_sig.o)) was built for newer 'macOS' version (15.4) than being linked (13.4)
ld: warning: object file (/Users/bytedance/workspace/cemu_android/build/vcpkg_installed/arm64-osx/lib/libcrypto.a[982](libdefault-lib-aes_skmgmt.o)) was built for newer 'macOS' version (15.4) than being linked (13.4)
ld: warning: object file (/Users/bytedance/workspace/cemu_android/build/vcpkg_installed/arm64-osx/lib/libcrypto.a[983](libdefault-lib-generic.o)) was built for newer 'macOS' version (15.4) than being linked (13.4)
ld: warning: object file (/Users/bytedance/workspace/cemu_android/build/vcpkg_installed/arm64-osx/lib/libcrypto.a[984](libdefault-lib-file_store.o)) was built for newer 'macOS' version (15.4) than being linked (13.4)
ld: warning: object file (/Users/bytedance/workspace/cemu_android/build/vcpkg_installed/arm64-osx/lib/libcrypto.a[985](libdefault-lib-file_store_any2obj.o)) was built for newer 'macOS' version (15.4) than being linked (13.4)
ld: warning: object file (/Users/bytedance/workspace/cemu_android/build/vcpkg_installed/arm64-osx/lib/libcrypto.a[986](libdefault-lib-ssl3_cbc.o)) was built for newer 'macOS' version (15.4) than being linked (13.4)
ld: warning: object file (/Users/bytedance/workspace/cemu_android/build/vcpkg_installed/arm64-osx/lib/libcrypto.a[987](liblegacy-lib-cipher_blowfish.o)) was built for newer 'macOS' version (15.4) than being linked (13.4)
ld: warning: object file (/Users/bytedance/workspace/cemu_android/build/vcpkg_installed/arm64-osx/lib/libcrypto.a[988](liblegacy-lib-cipher_blowfish_hw.o)) was built for newer 'macOS' version (15.4) than being linked (13.4)
ld: warning: object file (/Users/bytedance/workspace/cemu_android/build/vcpkg_installed/arm64-osx/lib/libcrypto.a[989](liblegacy-lib-cipher_cast5.o)) was built for newer 'macOS' version (15.4) than being linked (13.4)
ld: warning: object file (/Users/bytedance/workspace/cemu_android/build/vcpkg_installed/arm64-osx/lib/libcrypto.a[990](liblegacy-lib-cipher_cast5_hw.o)) was built for newer 'macOS' version (15.4) than being linked (13.4)
ld: warning: object file (/Users/bytedance/workspace/cemu_android/build/vcpkg_installed/arm64-osx/lib/libcrypto.a[991](liblegacy-lib-cipher_des.o)) was built for newer 'macOS' version (15.4) than being linked (13.4)
ld: warning: object file (/Users/bytedance/workspace/cemu_android/build/vcpkg_installed/arm64-osx/lib/libcrypto.a[992](liblegacy-lib-cipher_des_hw.o)) was built for newer 'macOS' version (15.4) than being linked (13.4)
ld: warning: object file (/Users/bytedance/workspace/cemu_android/build/vcpkg_installed/arm64-osx/lib/libcrypto.a[993](liblegacy-lib-cipher_desx.o)) was built for newer 'macOS' version (15.4) than being linked (13.4)
ld: warning: object file (/Users/bytedance/workspace/cemu_android/build/vcpkg_installed/arm64-osx/lib/libcrypto.a[994](liblegacy-lib-cipher_desx_hw.o)) was built for newer 'macOS' version (15.4) than being linked (13.4)
ld: warning: object file (/Users/bytedance/workspace/cemu_android/build/vcpkg_installed/arm64-osx/lib/libcrypto.a[995](liblegacy-lib-cipher_idea.o)) was built for newer 'macOS' version (15.4) than being linked (13.4)
ld: warning: object file (/Users/bytedance/workspace/cemu_android/build/vcpkg_installed/arm64-osx/lib/libcrypto.a[996](liblegacy-lib-cipher_idea_hw.o)) was built for newer 'macOS' version (15.4) than being linked (13.4)
ld: warning: object file (/Users/bytedance/workspace/cemu_android/build/vcpkg_installed/arm64-osx/lib/libcrypto.a[997](liblegacy-lib-cipher_rc2.o)) was built for newer 'macOS' version (15.4) than being linked (13.4)
ld: warning: object file (/Users/bytedance/workspace/cemu_android/build/vcpkg_installed/arm64-osx/lib/libcrypto.a[998](liblegacy-lib-cipher_rc2_hw.o)) was built for newer 'macOS' version (15.4) than being linked (13.4)
ld: warning: object file (/Users/bytedance/workspace/cemu_android/build/vcpkg_installed/arm64-osx/lib/libcrypto.a[999](liblegacy-lib-cipher_rc4.o)) was built for newer 'macOS' version (15.4) than being linked (13.4)
ld: warning: object file (/Users/bytedance/workspace/cemu_android/build/vcpkg_installed/arm64-osx/lib/libcrypto.a[1000](liblegacy-lib-cipher_rc4_hmac_md5.o)) was built for newer 'macOS' version (15.4) than being linked (13.4)
ld: warning: object file (/Users/bytedance/workspace/cemu_android/build/vcpkg_installed/arm64-osx/lib/libcrypto.a[1001](liblegacy-lib-cipher_rc4_hmac_md5_hw.o)) was built for newer 'macOS' version (15.4) than being linked (13.4)
ld: warning: object file (/Users/bytedance/workspace/cemu_android/build/vcpkg_installed/arm64-osx/lib/libcrypto.a[1002](liblegacy-lib-cipher_rc4_hw.o)) was built for newer 'macOS' version (15.4) than being linked (13.4)
ld: warning: object file (/Users/bytedance/workspace/cemu_android/build/vcpkg_installed/arm64-osx/lib/libcrypto.a[1003](liblegacy-lib-cipher_seed.o)) was built for newer 'macOS' version (15.4) than being linked (13.4)
ld: warning: object file (/Users/bytedance/workspace/cemu_android/build/vcpkg_installed/arm64-osx/lib/libcrypto.a[1004](liblegacy-lib-cipher_seed_hw.o)) was built for newer 'macOS' version (15.4) than being linked (13.4)
ld: warning: object file (/Users/bytedance/workspace/cemu_android/build/vcpkg_installed/arm64-osx/lib/libcrypto.a[1005](liblegacy-lib-md4_prov.o)) was built for newer 'macOS' version (15.4) than being linked (13.4)
ld: warning: object file (/Users/bytedance/workspace/cemu_android/build/vcpkg_installed/arm64-osx/lib/libcrypto.a[1006](liblegacy-lib-mdc2_prov.o)) was built for newer 'macOS' version (15.4) than being linked (13.4)
ld: warning: object file (/Users/bytedance/workspace/cemu_android/build/vcpkg_installed/arm64-osx/lib/libcrypto.a[1007](liblegacy-lib-wp_prov.o)) was built for newer 'macOS' version (15.4) than being linked (13.4)
ld: warning: object file (/Users/bytedance/workspace/cemu_android/build/vcpkg_installed/arm64-osx/lib/libcrypto.a[1008](liblegacy-lib-pbkdf1.o)) was built for newer 'macOS' version (15.4) than being linked (13.4)
ld: warning: object file (/Users/bytedance/workspace/cemu_android/build/vcpkg_installed/arm64-osx/lib/libcrypto.a[1009](liblegacy-lib-pvkkdf.o)) was built for newer 'macOS' version (15.4) than being linked (13.4)
ld: warning: object file (/Users/bytedance/workspace/cemu_android/build/vcpkg_installed/arm64-osx/lib/libcrypto.a[1011](libcommon-lib-der_dsa_gen.o)) was built for newer 'macOS' version (15.4) than being linked (13.4)
ld: warning: object file (/Users/bytedance/workspace/cemu_android/build/vcpkg_installed/arm64-osx/lib/libcrypto.a[1013](libcommon-lib-der_dsa_sig.o)) was built for newer 'macOS' version (15.4) than being linked (13.4)
ld: warning: object file (/Users/bytedance/workspace/cemu_android/build/vcpkg_installed/arm64-osx/lib/libcrypto.a[1014](libcommon-lib-der_ec_gen.o)) was built for newer 'macOS' version (15.4) than being linked (13.4)
ld: warning: object file (/Users/bytedance/workspace/cemu_android/build/vcpkg_installed/arm64-osx/lib/libcrypto.a[1016](libcommon-lib-der_ec_sig.o)) was built for newer 'macOS' version (15.4) than being linked (13.4)
ld: warning: object file (/Users/bytedance/workspace/cemu_android/build/vcpkg_installed/arm64-osx/lib/libcrypto.a[1017](libcommon-lib-der_ecx_gen.o)) was built for newer 'macOS' version (15.4) than being linked (13.4)
ld: warning: object file (/Users/bytedance/workspace/cemu_android/build/vcpkg_installed/arm64-osx/lib/libcrypto.a[1018](libcommon-lib-der_ecx_key.o)) was built for newer 'macOS' version (15.4) than being linked (13.4)
ld: warning: object file (/Users/bytedance/workspace/cemu_android/build/vcpkg_installed/arm64-osx/lib/libcrypto.a[1019](libcommon-lib-der_ml_dsa_gen.o)) was built for newer 'macOS' version (15.4) than being linked (13.4)
ld: warning: object file (/Users/bytedance/workspace/cemu_android/build/vcpkg_installed/arm64-osx/lib/libcrypto.a[1020](libcommon-lib-der_ml_dsa_key.o)) was built for newer 'macOS' version (15.4) than being linked (13.4)
ld: warning: object file (/Users/bytedance/workspace/cemu_android/build/vcpkg_installed/arm64-osx/lib/libcrypto.a[1021](libcommon-lib-der_rsa_gen.o)) was built for newer 'macOS' version (15.4) than being linked (13.4)
ld: warning: object file (/Users/bytedance/workspace/cemu_android/build/vcpkg_installed/arm64-osx/lib/libcrypto.a[1022](libcommon-lib-der_rsa_key.o)) was built for newer 'macOS' version (15.4) than being linked (13.4)
ld: warning: object file (/Users/bytedance/workspace/cemu_android/build/vcpkg_installed/arm64-osx/lib/libcrypto.a[1023](libcommon-lib-der_slh_dsa_gen.o)) was built for newer 'macOS' version (15.4) than being linked (13.4)
ld: warning: object file (/Users/bytedance/workspace/cemu_android/build/vcpkg_installed/arm64-osx/lib/libcrypto.a[1024](libcommon-lib-der_slh_dsa_key.o)) was built for newer 'macOS' version (15.4) than being linked (13.4)
ld: warning: object file (/Users/bytedance/workspace/cemu_android/build/vcpkg_installed/arm64-osx/lib/libcrypto.a[1025](libcommon-lib-der_wrap_gen.o)) was built for newer 'macOS' version (15.4) than being linked (13.4)
ld: warning: object file (/Users/bytedance/workspace/cemu_android/build/vcpkg_installed/arm64-osx/lib/libcrypto.a[1026](libcommon-lib-provider_ctx.o)) was built for newer 'macOS' version (15.4) than being linked (13.4)
ld: warning: object file (/Users/bytedance/workspace/cemu_android/build/vcpkg_installed/arm64-osx/lib/libcrypto.a[1027](libcommon-lib-provider_err.o)) was built for newer 'macOS' version (15.4) than being linked (13.4)
ld: warning: object file (/Users/bytedance/workspace/cemu_android/build/vcpkg_installed/arm64-osx/lib/libcrypto.a[1028](libcommon-lib-ciphercommon.o)) was built for newer 'macOS' version (15.4) than being linked (13.4)
ld: warning: object file (/Users/bytedance/workspace/cemu_android/build/vcpkg_installed/arm64-osx/lib/libcrypto.a[1029](libcommon-lib-ciphercommon_block.o)) was built for newer 'macOS' version (15.4) than being linked (13.4)
ld: warning: object file (/Users/bytedance/workspace/cemu_android/build/vcpkg_installed/arm64-osx/lib/libcrypto.a[1030](libcommon-lib-ciphercommon_ccm.o)) was built for newer 'macOS' version (15.4) than being linked (13.4)
ld: warning: object file (/Users/bytedance/workspace/cemu_android/build/vcpkg_installed/arm64-osx/lib/libcrypto.a[1031](libcommon-lib-ciphercommon_ccm_hw.o)) was built for newer 'macOS' version (15.4) than being linked (13.4)
ld: warning: object file (/Users/bytedance/workspace/cemu_android/build/vcpkg_installed/arm64-osx/lib/libcrypto.a[1032](libcommon-lib-ciphercommon_gcm.o)) was built for newer 'macOS' version (15.4) than being linked (13.4)
ld: warning: object file (/Users/bytedance/workspace/cemu_android/build/vcpkg_installed/arm64-osx/lib/libcrypto.a[1033](libcommon-lib-ciphercommon_gcm_hw.o)) was built for newer 'macOS' version (15.4) than being linked (13.4)
ld: warning: object file (/Users/bytedance/workspace/cemu_android/build/vcpkg_installed/arm64-osx/lib/libcrypto.a[1034](libcommon-lib-ciphercommon_hw.o)) was built for newer 'macOS' version (15.4) than being linked (13.4)
ld: warning: object file (/Users/bytedance/workspace/cemu_android/build/vcpkg_installed/arm64-osx/lib/libcrypto.a[1035](libcommon-lib-digestcommon.o)) was built for newer 'macOS' version (15.4) than being linked (13.4)
ld: warning: object file (/Users/bytedance/workspace/cemu_android/build/vcpkg_installed/arm64-osx/lib/libcrypto.a[1036](libcommon-lib-tls_pad.o)) was built for newer 'macOS' version (15.4) than being linked (13.4)
ld: warning: object file (/Users/bytedance/workspace/cemu_android/build/vcpkg_installed/arm64-osx/lib/libzip.a[4](zip_add_entry.c.o)) was built for newer 'macOS' version (15.4) than being linked (13.4)
ld: warning: object file (/Users/bytedance/workspace/cemu_android/build/vcpkg_installed/arm64-osx/lib/libzip.a[5](zip_algorithm_deflate.c.o)) was built for newer 'macOS' version (15.4) than being linked (13.4)
ld: warning: object file (/Users/bytedance/workspace/cemu_android/build/vcpkg_installed/arm64-osx/lib/libzip.a[6](zip_buffer.c.o)) was built for newer 'macOS' version (15.4) than being linked (13.4)
ld: warning: object file (/Users/bytedance/workspace/cemu_android/build/vcpkg_installed/arm64-osx/lib/libzip.a[7](zip_close.c.o)) was built for newer 'macOS' version (15.4) than being linked (13.4)
ld: warning: object file (/Users/bytedance/workspace/cemu_android/build/vcpkg_installed/arm64-osx/lib/libzip.a[8](zip_delete.c.o)) was built for newer 'macOS' version (15.4) than being linked (13.4)
ld: warning: object file (/Users/bytedance/workspace/cemu_android/build/vcpkg_installed/arm64-osx/lib/libzip.a[9](zip_dir_add.c.o)) was built for newer 'macOS' version (15.4) than being linked (13.4)
ld: warning: object file (/Users/bytedance/workspace/cemu_android/build/vcpkg_installed/arm64-osx/lib/libzip.a[10](zip_dirent.c.o)) was built for newer 'macOS' version (15.4) than being linked (13.4)
ld: warning: object file (/Users/bytedance/workspace/cemu_android/build/vcpkg_installed/arm64-osx/lib/libzip.a[11](zip_discard.c.o)) was built for newer 'macOS' version (15.4) than being linked (13.4)
ld: warning: object file (/Users/bytedance/workspace/cemu_android/build/vcpkg_installed/arm64-osx/lib/libzip.a[12](zip_entry.c.o)) was built for newer 'macOS' version (15.4) than being linked (13.4)
ld: warning: object file (/Users/bytedance/workspace/cemu_android/build/vcpkg_installed/arm64-osx/lib/libzip.a[13](zip_error.c.o)) was built for newer 'macOS' version (15.4) than being linked (13.4)
ld: warning: object file (/Users/bytedance/workspace/cemu_android/build/vcpkg_installed/arm64-osx/lib/libzip.a[17](zip_error_strerror.c.o)) was built for newer 'macOS' version (15.4) than being linked (13.4)
ld: warning: object file (/Users/bytedance/workspace/cemu_android/build/vcpkg_installed/arm64-osx/lib/libzip.a[19](zip_extra_field.c.o)) was built for newer 'macOS' version (15.4) than being linked (13.4)
ld: warning: object file (/Users/bytedance/workspace/cemu_android/build/vcpkg_installed/arm64-osx/lib/libzip.a[20](zip_extra_field_api.c.o)) was built for newer 'macOS' version (15.4) than being linked (13.4)
ld: warning: object file (/Users/bytedance/workspace/cemu_android/build/vcpkg_installed/arm64-osx/lib/libzip.a[21](zip_fclose.c.o)) was built for newer 'macOS' version (15.4) than being linked (13.4)
ld: warning: object file (/Users/bytedance/workspace/cemu_android/build/vcpkg_installed/arm64-osx/lib/libzip.a[23](zip_file_add.c.o)) was built for newer 'macOS' version (15.4) than being linked (13.4)
ld: warning: object file (/Users/bytedance/workspace/cemu_android/build/vcpkg_installed/arm64-osx/lib/libzip.a[28](zip_file_get_offset.c.o)) was built for newer 'macOS' version (15.4) than being linked (13.4)
ld: warning: object file (/Users/bytedance/workspace/cemu_android/build/vcpkg_installed/arm64-osx/lib/libzip.a[30](zip_file_replace.c.o)) was built for newer 'macOS' version (15.4) than being linked (13.4)
ld: warning: object file (/Users/bytedance/workspace/cemu_android/build/vcpkg_installed/arm64-osx/lib/libzip.a[33](zip_file_set_external_attributes.c.o)) was built for newer 'macOS' version (15.4) than being linked (13.4)
ld: warning: object file (/Users/bytedance/workspace/cemu_android/build/vcpkg_installed/arm64-osx/lib/libzip.a[38](zip_fopen_index.c.o)) was built for newer 'macOS' version (15.4) than being linked (13.4)
ld: warning: object file (/Users/bytedance/workspace/cemu_android/build/vcpkg_installed/arm64-osx/lib/libzip.a[39](zip_fopen_index_encrypted.c.o)) was built for newer 'macOS' version (15.4) than being linked (13.4)
ld: warning: object file (/Users/bytedance/workspace/cemu_android/build/vcpkg_installed/arm64-osx/lib/libzip.a[40](zip_fread.c.o)) was built for newer 'macOS' version (15.4) than being linked (13.4)
ld: warning: object file (/Users/bytedance/workspace/cemu_android/build/vcpkg_installed/arm64-osx/lib/libzip.a[45](zip_get_encryption_implementation.c.o)) was built for newer 'macOS' version (15.4) than being linked (13.4)
ld: warning: object file (/Users/bytedance/workspace/cemu_android/build/vcpkg_installed/arm64-osx/lib/libzip.a[47](zip_get_name.c.o)) was built for newer 'macOS' version (15.4) than being linked (13.4)
ld: warning: object file (/Users/bytedance/workspace/cemu_android/build/vcpkg_installed/arm64-osx/lib/libzip.a[48](zip_get_num_entries.c.o)) was built for newer 'macOS' version (15.4) than being linked (13.4)
ld: warning: object file (/Users/bytedance/workspace/cemu_android/build/vcpkg_installed/arm64-osx/lib/libzip.a[50](zip_hash.c.o)) was built for newer 'macOS' version (15.4) than being linked (13.4)
ld: warning: object file (/Users/bytedance/workspace/cemu_android/build/vcpkg_installed/arm64-osx/lib/libzip.a[51](zip_io_util.c.o)) was built for newer 'macOS' version (15.4) than being linked (13.4)
ld: warning: object file (/Users/bytedance/workspace/cemu_android/build/vcpkg_installed/arm64-osx/lib/libzip.a[53](zip_memdup.c.o)) was built for newer 'macOS' version (15.4) than being linked (13.4)
ld: warning: object file (/Users/bytedance/workspace/cemu_android/build/vcpkg_installed/arm64-osx/lib/libzip.a[54](zip_name_locate.c.o)) was built for newer 'macOS' version (15.4) than being linked (13.4)
ld: warning: object file (/Users/bytedance/workspace/cemu_android/build/vcpkg_installed/arm64-osx/lib/libzip.a[55](zip_new.c.o)) was built for newer 'macOS' version (15.4) than being linked (13.4)
ld: warning: object file (/Users/bytedance/workspace/cemu_android/build/vcpkg_installed/arm64-osx/lib/libzip.a[56](zip_open.c.o)) was built for newer 'macOS' version (15.4) than being linked (13.4)
ld: warning: object file (/Users/bytedance/workspace/cemu_android/build/vcpkg_installed/arm64-osx/lib/libzip.a[57](zip_pkware.c.o)) was built for newer 'macOS' version (15.4) than being linked (13.4)
ld: warning: object file (/Users/bytedance/workspace/cemu_android/build/vcpkg_installed/arm64-osx/lib/libzip.a[58](zip_progress.c.o)) was built for newer 'macOS' version (15.4) than being linked (13.4)
ld: warning: object file (/Users/bytedance/workspace/cemu_android/build/vcpkg_installed/arm64-osx/lib/libzip.a[59](zip_realloc.c.o)) was built for newer 'macOS' version (15.4) than being linked (13.4)
ld: warning: object file (/Users/bytedance/workspace/cemu_android/build/vcpkg_installed/arm64-osx/lib/libzip.a[67](zip_set_name.c.o)) was built for newer 'macOS' version (15.4) than being linked (13.4)
ld: warning: object file (/Users/bytedance/workspace/cemu_android/build/vcpkg_installed/arm64-osx/lib/libzip.a[68](zip_source_accept_empty.c.o)) was built for newer 'macOS' version (15.4) than being linked (13.4)
ld: warning: object file (/Users/bytedance/workspace/cemu_android/build/vcpkg_installed/arm64-osx/lib/libzip.a[69](zip_source_begin_write.c.o)) was built for newer 'macOS' version (15.4) than being linked (13.4)
ld: warning: object file (/Users/bytedance/workspace/cemu_android/build/vcpkg_installed/arm64-osx/lib/libzip.a[70](zip_source_begin_write_cloning.c.o)) was built for newer 'macOS' version (15.4) than being linked (13.4)
ld: warning: object file (/Users/bytedance/workspace/cemu_android/build/vcpkg_installed/arm64-osx/lib/libzip.a[71](zip_source_buffer.c.o)) was built for newer 'macOS' version (15.4) than being linked (13.4)
ld: warning: object file (/Users/bytedance/workspace/cemu_android/build/vcpkg_installed/arm64-osx/lib/libzip.a[72](zip_source_call.c.o)) was built for newer 'macOS' version (15.4) than being linked (13.4)
ld: warning: object file (/Users/bytedance/workspace/cemu_android/build/vcpkg_installed/arm64-osx/lib/libzip.a[73](zip_source_close.c.o)) was built for newer 'macOS' version (15.4) than being linked (13.4)
ld: warning: object file (/Users/bytedance/workspace/cemu_android/build/vcpkg_installed/arm64-osx/lib/libzip.a[74](zip_source_commit_write.c.o)) was built for newer 'macOS' version (15.4) than being linked (13.4)
ld: warning: object file (/Users/bytedance/workspace/cemu_android/build/vcpkg_installed/arm64-osx/lib/libzip.a[75](zip_source_compress.c.o)) was built for newer 'macOS' version (15.4) than being linked (13.4)
ld: warning: object file (/Users/bytedance/workspace/cemu_android/build/vcpkg_installed/arm64-osx/lib/libzip.a[76](zip_source_crc.c.o)) was built for newer 'macOS' version (15.4) than being linked (13.4)
ld: warning: object file (/Users/bytedance/workspace/cemu_android/build/vcpkg_installed/arm64-osx/lib/libzip.a[77](zip_source_error.c.o)) was built for newer 'macOS' version (15.4) than being linked (13.4)
ld: warning: object file (/Users/bytedance/workspace/cemu_android/build/vcpkg_installed/arm64-osx/lib/libzip.a[78](zip_source_file_common.c.o)) was built for newer 'macOS' version (15.4) than being linked (13.4)
ld: warning: object file (/Users/bytedance/workspace/cemu_android/build/vcpkg_installed/arm64-osx/lib/libzip.a[79](zip_source_file_stdio.c.o)) was built for newer 'macOS' version (15.4) than being linked (13.4)
ld: warning: object file (/Users/bytedance/workspace/cemu_android/build/vcpkg_installed/arm64-osx/lib/libzip.a[80](zip_source_free.c.o)) was built for newer 'macOS' version (15.4) than being linked (13.4)
ld: warning: object file (/Users/bytedance/workspace/cemu_android/build/vcpkg_installed/arm64-osx/lib/libzip.a[81](zip_source_function.c.o)) was built for newer 'macOS' version (15.4) than being linked (13.4)
ld: warning: object file (/Users/bytedance/workspace/cemu_android/build/vcpkg_installed/arm64-osx/lib/libzip.a[82](zip_source_get_dostime.c.o)) was built for newer 'macOS' version (15.4) than being linked (13.4)
ld: warning: object file (/Users/bytedance/workspace/cemu_android/build/vcpkg_installed/arm64-osx/lib/libzip.a[83](zip_source_get_file_attributes.c.o)) was built for newer 'macOS' version (15.4) than being linked (13.4)
ld: warning: object file (/Users/bytedance/workspace/cemu_android/build/vcpkg_installed/arm64-osx/lib/libzip.a[85](zip_source_layered.c.o)) was built for newer 'macOS' version (15.4) than being linked (13.4)
ld: warning: object file (/Users/bytedance/workspace/cemu_android/build/vcpkg_installed/arm64-osx/lib/libzip.a[86](zip_source_open.c.o)) was built for newer 'macOS' version (15.4) than being linked (13.4)
ld: warning: object file (/Users/bytedance/workspace/cemu_android/build/vcpkg_installed/arm64-osx/lib/libzip.a[87](zip_source_pass_to_lower_layer.c.o)) was built for newer 'macOS' version (15.4) than being linked (13.4)
ld: warning: object file (/Users/bytedance/workspace/cemu_android/build/vcpkg_installed/arm64-osx/lib/libzip.a[88](zip_source_pkware_decode.c.o)) was built for newer 'macOS' version (15.4) than being linked (13.4)
ld: warning: object file (/Users/bytedance/workspace/cemu_android/build/vcpkg_installed/arm64-osx/lib/libzip.a[89](zip_source_pkware_encode.c.o)) was built for newer 'macOS' version (15.4) than being linked (13.4)
ld: warning: object file (/Users/bytedance/workspace/cemu_android/build/vcpkg_installed/arm64-osx/lib/libzip.a[90](zip_source_read.c.o)) was built for newer 'macOS' version (15.4) than being linked (13.4)
ld: warning: object file (/Users/bytedance/workspace/cemu_android/build/vcpkg_installed/arm64-osx/lib/libzip.a[91](zip_source_remove.c.o)) was built for newer 'macOS' version (15.4) than being linked (13.4)
ld: warning: object file (/Users/bytedance/workspace/cemu_android/build/vcpkg_installed/arm64-osx/lib/libzip.a[92](zip_source_rollback_write.c.o)) was built for newer 'macOS' version (15.4) than being linked (13.4)
ld: warning: object file (/Users/bytedance/workspace/cemu_android/build/vcpkg_installed/arm64-osx/lib/libzip.a[93](zip_source_seek.c.o)) was built for newer 'macOS' version (15.4) than being linked (13.4)
ld: warning: object file (/Users/bytedance/workspace/cemu_android/build/vcpkg_installed/arm64-osx/lib/libzip.a[94](zip_source_seek_write.c.o)) was built for newer 'macOS' version (15.4) than being linked (13.4)
ld: warning: object file (/Users/bytedance/workspace/cemu_android/build/vcpkg_installed/arm64-osx/lib/libzip.a[95](zip_source_stat.c.o)) was built for newer 'macOS' version (15.4) than being linked (13.4)
ld: warning: object file (/Users/bytedance/workspace/cemu_android/build/vcpkg_installed/arm64-osx/lib/libzip.a[96](zip_source_supports.c.o)) was built for newer 'macOS' version (15.4) than being linked (13.4)
ld: warning: object file (/Users/bytedance/workspace/cemu_android/build/vcpkg_installed/arm64-osx/lib/libzip.a[97](zip_source_tell.c.o)) was built for newer 'macOS' version (15.4) than being linked (13.4)
ld: warning: object file (/Users/bytedance/workspace/cemu_android/build/vcpkg_installed/arm64-osx/lib/libzip.a[98](zip_source_tell_write.c.o)) was built for newer 'macOS' version (15.4) than being linked (13.4)
ld: warning: object file (/Users/bytedance/workspace/cemu_android/build/vcpkg_installed/arm64-osx/lib/libzip.a[99](zip_source_window.c.o)) was built for newer 'macOS' version (15.4) than being linked (13.4)
ld: warning: object file (/Users/bytedance/workspace/cemu_android/build/vcpkg_installed/arm64-osx/lib/libzip.a[100](zip_source_write.c.o)) was built for newer 'macOS' version (15.4) than being linked (13.4)
ld: warning: object file (/Users/bytedance/workspace/cemu_android/build/vcpkg_installed/arm64-osx/lib/libzip.a[102](zip_source_zip_new.c.o)) was built for newer 'macOS' version (15.4) than being linked (13.4)
ld: warning: object file (/Users/bytedance/workspace/cemu_android/build/vcpkg_installed/arm64-osx/lib/libzip.a[104](zip_stat_index.c.o)) was built for newer 'macOS' version (15.4) than being linked (13.4)
ld: warning: object file (/Users/bytedance/workspace/cemu_android/build/vcpkg_installed/arm64-osx/lib/libzip.a[105](zip_stat_init.c.o)) was built for newer 'macOS' version (15.4) than being linked (13.4)
ld: warning: object file (/Users/bytedance/workspace/cemu_android/build/vcpkg_installed/arm64-osx/lib/libzip.a[106](zip_strerror.c.o)) was built for newer 'macOS' version (15.4) than being linked (13.4)
ld: warning: object file (/Users/bytedance/workspace/cemu_android/build/vcpkg_installed/arm64-osx/lib/libzip.a[107](zip_string.c.o)) was built for newer 'macOS' version (15.4) than being linked (13.4)
ld: warning: object file (/Users/bytedance/workspace/cemu_android/build/vcpkg_installed/arm64-osx/lib/libzip.a[108](zip_unchange.c.o)) was built for newer 'macOS' version (15.4) than being linked (13.4)
ld: warning: object file (/Users/bytedance/workspace/cemu_android/build/vcpkg_installed/arm64-osx/lib/libzip.a[111](zip_unchange_data.c.o)) was built for newer 'macOS' version (15.4) than being linked (13.4)
ld: warning: object file (/Users/bytedance/workspace/cemu_android/build/vcpkg_installed/arm64-osx/lib/libzip.a[112](zip_utf-8.c.o)) was built for newer 'macOS' version (15.4) than being linked (13.4)
ld: warning: object file (/Users/bytedance/workspace/cemu_android/build/vcpkg_installed/arm64-osx/lib/libzip.a[113](zip_err_str.c.o)) was built for newer 'macOS' version (15.4) than being linked (13.4)
ld: warning: object file (/Users/bytedance/workspace/cemu_android/build/vcpkg_installed/arm64-osx/lib/libzip.a[114](zip_source_file_stdio_named.c.o)) was built for newer 'macOS' version (15.4) than being linked (13.4)
ld: warning: object file (/Users/bytedance/workspace/cemu_android/build/vcpkg_installed/arm64-osx/lib/libzip.a[115](zip_random_unix.c.o)) was built for newer 'macOS' version (15.4) than being linked (13.4)
ld: warning: object file (/Users/bytedance/workspace/cemu_android/build/vcpkg_installed/arm64-osx/lib/libz.a[2](adler32.c.o)) was built for newer 'macOS' version (15.4) than being linked (13.4)
ld: warning: object file (/Users/bytedance/workspace/cemu_android/build/vcpkg_installed/arm64-osx/lib/libz.a[3](compress.c.o)) was built for newer 'macOS' version (15.4) than being linked (13.4)
ld: warning: object file (/Users/bytedance/workspace/cemu_android/build/vcpkg_installed/arm64-osx/lib/libz.a[4](crc32.c.o)) was built for newer 'macOS' version (15.4) than being linked (13.4)
ld: warning: object file (/Users/bytedance/workspace/cemu_android/build/vcpkg_installed/arm64-osx/lib/libz.a[5](deflate.c.o)) was built for newer 'macOS' version (15.4) than being linked (13.4)
ld: warning: object file (/Users/bytedance/workspace/cemu_android/build/vcpkg_installed/arm64-osx/lib/libz.a[10](inflate.c.o)) was built for newer 'macOS' version (15.4) than being linked (13.4)
ld: warning: object file (/Users/bytedance/workspace/cemu_android/build/vcpkg_installed/arm64-osx/lib/libz.a[12](inftrees.c.o)) was built for newer 'macOS' version (15.4) than being linked (13.4)
ld: warning: object file (/Users/bytedance/workspace/cemu_android/build/vcpkg_installed/arm64-osx/lib/libz.a[13](inffast.c.o)) was built for newer 'macOS' version (15.4) than being linked (13.4)
ld: warning: object file (/Users/bytedance/workspace/cemu_android/build/vcpkg_installed/arm64-osx/lib/libz.a[14](trees.c.o)) was built for newer 'macOS' version (15.4) than being linked (13.4)
ld: warning: object file (/Users/bytedance/workspace/cemu_android/build/vcpkg_installed/arm64-osx/lib/libz.a[15](uncompr.c.o)) was built for newer 'macOS' version (15.4) than being linked (13.4)
ld: warning: object file (/Users/bytedance/workspace/cemu_android/build/vcpkg_installed/arm64-osx/lib/libz.a[16](zutil.c.o)) was built for newer 'macOS' version (15.4) than being linked (13.4)
ld: warning: object file (/Users/bytedance/workspace/cemu_android/build/vcpkg_installed/arm64-osx/lib/libjpeg.a[2](jcgray-neon.c.o)) was built for newer 'macOS' version (15.4) than being linked (13.4)
ld: warning: object file (/Users/bytedance/workspace/cemu_android/build/vcpkg_installed/arm64-osx/lib/libjpeg.a[3](jcphuff-neon.c.o)) was built for newer 'macOS' version (15.4) than being linked (13.4)
ld: warning: object file (/Users/bytedance/workspace/cemu_android/build/vcpkg_installed/arm64-osx/lib/libjpeg.a[4](jcsample-neon.c.o)) was built for newer 'macOS' version (15.4) than being linked (13.4)
ld: warning: object file (/Users/bytedance/workspace/cemu_android/build/vcpkg_installed/arm64-osx/lib/libjpeg.a[5](jdmerge-neon.c.o)) was built for newer 'macOS' version (15.4) than being linked (13.4)
ld: warning: object file (/Users/bytedance/workspace/cemu_android/build/vcpkg_installed/arm64-osx/lib/libjpeg.a[6](jdsample-neon.c.o)) was built for newer 'macOS' version (15.4) than being linked (13.4)
ld: warning: object file (/Users/bytedance/workspace/cemu_android/build/vcpkg_installed/arm64-osx/lib/libjpeg.a[7](jfdctfst-neon.c.o)) was built for newer 'macOS' version (15.4) than being linked (13.4)
ld: warning: object file (/Users/bytedance/workspace/cemu_android/build/vcpkg_installed/arm64-osx/lib/libjpeg.a[8](jidctred-neon.c.o)) was built for newer 'macOS' version (15.4) than being linked (13.4)
ld: warning: object file (/Users/bytedance/workspace/cemu_android/build/vcpkg_installed/arm64-osx/lib/libjpeg.a[9](jquanti-neon.c.o)) was built for newer 'macOS' version (15.4) than being linked (13.4)
ld: warning: object file (/Users/bytedance/workspace/cemu_android/build/vcpkg_installed/arm64-osx/lib/libjpeg.a[10](jccolor-neon.c.o)) was built for newer 'macOS' version (15.4) than being linked (13.4)
ld: warning: object file (/Users/bytedance/workspace/cemu_android/build/vcpkg_installed/arm64-osx/lib/libjpeg.a[11](jidctint-neon.c.o)) was built for newer 'macOS' version (15.4) than being linked (13.4)
ld: warning: object file (/Users/bytedance/workspace/cemu_android/build/vcpkg_installed/arm64-osx/lib/libjpeg.a[12](jidctfst-neon.c.o)) was built for newer 'macOS' version (15.4) than being linked (13.4)
ld: warning: object file (/Users/bytedance/workspace/cemu_android/build/vcpkg_installed/arm64-osx/lib/libjpeg.a[13](jchuff-neon.c.o)) was built for newer 'macOS' version (15.4) than being linked (13.4)
ld: warning: object file (/Users/bytedance/workspace/cemu_android/build/vcpkg_installed/arm64-osx/lib/libjpeg.a[14](jdcolor-neon.c.o)) was built for newer 'macOS' version (15.4) than being linked (13.4)
ld: warning: object file (/Users/bytedance/workspace/cemu_android/build/vcpkg_installed/arm64-osx/lib/libjpeg.a[15](jfdctint-neon.c.o)) was built for newer 'macOS' version (15.4) than being linked (13.4)
ld: warning: object file (/Users/bytedance/workspace/cemu_android/build/vcpkg_installed/arm64-osx/lib/libjpeg.a[16](jsimd.c.o)) was built for newer 'macOS' version (15.4) than being linked (13.4)
ld: warning: object file (/Users/bytedance/workspace/cemu_android/build/vcpkg_installed/arm64-osx/lib/libjpeg.a[18](jccolor.c.o)) was built for newer 'macOS' version (15.4) than being linked (13.4)
ld: warning: object file (/Users/bytedance/workspace/cemu_android/build/vcpkg_installed/arm64-osx/lib/libjpeg.a[19](jcdiffct.c.o)) was built for newer 'macOS' version (15.4) than being linked (13.4)
ld: warning: object file (/Users/bytedance/workspace/cemu_android/build/vcpkg_installed/arm64-osx/lib/libjpeg.a[20](jclossls.c.o)) was built for newer 'macOS' version (15.4) than being linked (13.4)
ld: warning: object file (/Users/bytedance/workspace/cemu_android/build/vcpkg_installed/arm64-osx/lib/libjpeg.a[21](jcmainct.c.o)) was built for newer 'macOS' version (15.4) than being linked (13.4)
ld: warning: object file (/Users/bytedance/workspace/cemu_android/build/vcpkg_installed/arm64-osx/lib/libjpeg.a[22](jcprepct.c.o)) was built for newer 'macOS' version (15.4) than being linked (13.4)
ld: warning: object file (/Users/bytedance/workspace/cemu_android/build/vcpkg_installed/arm64-osx/lib/libjpeg.a[23](jcsample.c.o)) was built for newer 'macOS' version (15.4) than being linked (13.4)
ld: warning: object file (/Users/bytedance/workspace/cemu_android/build/vcpkg_installed/arm64-osx/lib/libjpeg.a[25](jdcolor.c.o)) was built for newer 'macOS' version (15.4) than being linked (13.4)
ld: warning: object file (/Users/bytedance/workspace/cemu_android/build/vcpkg_installed/arm64-osx/lib/libjpeg.a[26](jddiffct.c.o)) was built for newer 'macOS' version (15.4) than being linked (13.4)
ld: warning: object file (/Users/bytedance/workspace/cemu_android/build/vcpkg_installed/arm64-osx/lib/libjpeg.a[27](jdlossls.c.o)) was built for newer 'macOS' version (15.4) than being linked (13.4)
ld: warning: object file (/Users/bytedance/workspace/cemu_android/build/vcpkg_installed/arm64-osx/lib/libjpeg.a[28](jdmainct.c.o)) was built for newer 'macOS' version (15.4) than being linked (13.4)
ld: warning: object file (/Users/bytedance/workspace/cemu_android/build/vcpkg_installed/arm64-osx/lib/libjpeg.a[29](jdpostct.c.o)) was built for newer 'macOS' version (15.4) than being linked (13.4)
ld: warning: object file (/Users/bytedance/workspace/cemu_android/build/vcpkg_installed/arm64-osx/lib/libjpeg.a[30](jdsample.c.o)) was built for newer 'macOS' version (15.4) than being linked (13.4)
ld: warning: object file (/Users/bytedance/workspace/cemu_android/build/vcpkg_installed/arm64-osx/lib/libjpeg.a[31](jutils.c.o)) was built for newer 'macOS' version (15.4) than being linked (13.4)
ld: warning: object file (/Users/bytedance/workspace/cemu_android/build/vcpkg_installed/arm64-osx/lib/libjpeg.a[32](jccoefct.c.o)) was built for newer 'macOS' version (15.4) than being linked (13.4)
ld: warning: object file (/Users/bytedance/workspace/cemu_android/build/vcpkg_installed/arm64-osx/lib/libjpeg.a[33](jcdctmgr.c.o)) was built for newer 'macOS' version (15.4) than being linked (13.4)
ld: warning: object file (/Users/bytedance/workspace/cemu_android/build/vcpkg_installed/arm64-osx/lib/libjpeg.a[34](jdcoefct.c.o)) was built for newer 'macOS' version (15.4) than being linked (13.4)
ld: warning: object file (/Users/bytedance/workspace/cemu_android/build/vcpkg_installed/arm64-osx/lib/libjpeg.a[35](jddctmgr.c.o)) was built for newer 'macOS' version (15.4) than being linked (13.4)
ld: warning: object file (/Users/bytedance/workspace/cemu_android/build/vcpkg_installed/arm64-osx/lib/libjpeg.a[36](jdmerge.c.o)) was built for newer 'macOS' version (15.4) than being linked (13.4)
ld: warning: object file (/Users/bytedance/workspace/cemu_android/build/vcpkg_installed/arm64-osx/lib/libjpeg.a[37](jfdctfst.c.o)) was built for newer 'macOS' version (15.4) than being linked (13.4)
ld: warning: object file (/Users/bytedance/workspace/cemu_android/build/vcpkg_installed/arm64-osx/lib/libjpeg.a[38](jfdctint.c.o)) was built for newer 'macOS' version (15.4) than being linked (13.4)
ld: warning: object file (/Users/bytedance/workspace/cemu_android/build/vcpkg_installed/arm64-osx/lib/libjpeg.a[39](jidctflt.c.o)) was built for newer 'macOS' version (15.4) than being linked (13.4)
ld: warning: object file (/Users/bytedance/workspace/cemu_android/build/vcpkg_installed/arm64-osx/lib/libjpeg.a[40](jidctfst.c.o)) was built for newer 'macOS' version (15.4) than being linked (13.4)
ld: warning: object file (/Users/bytedance/workspace/cemu_android/build/vcpkg_installed/arm64-osx/lib/libjpeg.a[41](jidctint.c.o)) was built for newer 'macOS' version (15.4) than being linked (13.4)
ld: warning: object file (/Users/bytedance/workspace/cemu_android/build/vcpkg_installed/arm64-osx/lib/libjpeg.a[42](jidctred.c.o)) was built for newer 'macOS' version (15.4) than being linked (13.4)
ld: warning: object file (/Users/bytedance/workspace/cemu_android/build/vcpkg_installed/arm64-osx/lib/libjpeg.a[43](jquant1.c.o)) was built for newer 'macOS' version (15.4) than being linked (13.4)
ld: warning: object file (/Users/bytedance/workspace/cemu_android/build/vcpkg_installed/arm64-osx/lib/libjpeg.a[44](jquant2.c.o)) was built for newer 'macOS' version (15.4) than being linked (13.4)
ld: warning: object file (/Users/bytedance/workspace/cemu_android/build/vcpkg_installed/arm64-osx/lib/libjpeg.a[46](jccolor.c.o)) was built for newer 'macOS' version (15.4) than being linked (13.4)
ld: warning: object file (/Users/bytedance/workspace/cemu_android/build/vcpkg_installed/arm64-osx/lib/libjpeg.a[47](jcdiffct.c.o)) was built for newer 'macOS' version (15.4) than being linked (13.4)
ld: warning: object file (/Users/bytedance/workspace/cemu_android/build/vcpkg_installed/arm64-osx/lib/libjpeg.a[48](jclossls.c.o)) was built for newer 'macOS' version (15.4) than being linked (13.4)
ld: warning: object file (/Users/bytedance/workspace/cemu_android/build/vcpkg_installed/arm64-osx/lib/libjpeg.a[49](jcmainct.c.o)) was built for newer 'macOS' version (15.4) than being linked (13.4)
ld: warning: object file (/Users/bytedance/workspace/cemu_android/build/vcpkg_installed/arm64-osx/lib/libjpeg.a[50](jcprepct.c.o)) was built for newer 'macOS' version (15.4) than being linked (13.4)
ld: warning: object file (/Users/bytedance/workspace/cemu_android/build/vcpkg_installed/arm64-osx/lib/libjpeg.a[51](jcsample.c.o)) was built for newer 'macOS' version (15.4) than being linked (13.4)
ld: warning: object file (/Users/bytedance/workspace/cemu_android/build/vcpkg_installed/arm64-osx/lib/libjpeg.a[53](jdcolor.c.o)) was built for newer 'macOS' version (15.4) than being linked (13.4)
ld: warning: object file (/Users/bytedance/workspace/cemu_android/build/vcpkg_installed/arm64-osx/lib/libjpeg.a[54](jddiffct.c.o)) was built for newer 'macOS' version (15.4) than being linked (13.4)
ld: warning: object file (/Users/bytedance/workspace/cemu_android/build/vcpkg_installed/arm64-osx/lib/libjpeg.a[55](jdlossls.c.o)) was built for newer 'macOS' version (15.4) than being linked (13.4)
ld: warning: object file (/Users/bytedance/workspace/cemu_android/build/vcpkg_installed/arm64-osx/lib/libjpeg.a[56](jdmainct.c.o)) was built for newer 'macOS' version (15.4) than being linked (13.4)
ld: warning: object file (/Users/bytedance/workspace/cemu_android/build/vcpkg_installed/arm64-osx/lib/libjpeg.a[57](jdpostct.c.o)) was built for newer 'macOS' version (15.4) than being linked (13.4)
ld: warning: object file (/Users/bytedance/workspace/cemu_android/build/vcpkg_installed/arm64-osx/lib/libjpeg.a[58](jdsample.c.o)) was built for newer 'macOS' version (15.4) than being linked (13.4)
ld: warning: object file (/Users/bytedance/workspace/cemu_android/build/vcpkg_installed/arm64-osx/lib/libjpeg.a[59](jutils.c.o)) was built for newer 'macOS' version (15.4) than being linked (13.4)
ld: warning: object file (/Users/bytedance/workspace/cemu_android/build/vcpkg_installed/arm64-osx/lib/libjpeg.a[60](jcapistd.c.o)) was built for newer 'macOS' version (15.4) than being linked (13.4)
ld: warning: object file (/Users/bytedance/workspace/cemu_android/build/vcpkg_installed/arm64-osx/lib/libjpeg.a[61](jccolor.c.o)) was built for newer 'macOS' version (15.4) than being linked (13.4)
ld: warning: object file (/Users/bytedance/workspace/cemu_android/build/vcpkg_installed/arm64-osx/lib/libjpeg.a[62](jcdiffct.c.o)) was built for newer 'macOS' version (15.4) than being linked (13.4)
ld: warning: object file (/Users/bytedance/workspace/cemu_android/build/vcpkg_installed/arm64-osx/lib/libjpeg.a[63](jclossls.c.o)) was built for newer 'macOS' version (15.4) than being linked (13.4)
ld: warning: object file (/Users/bytedance/workspace/cemu_android/build/vcpkg_installed/arm64-osx/lib/libjpeg.a[64](jcmainct.c.o)) was built for newer 'macOS' version (15.4) than being linked (13.4)
ld: warning: object file (/Users/bytedance/workspace/cemu_android/build/vcpkg_installed/arm64-osx/lib/libjpeg.a[65](jcprepct.c.o)) was built for newer 'macOS' version (15.4) than being linked (13.4)
ld: warning: object file (/Users/bytedance/workspace/cemu_android/build/vcpkg_installed/arm64-osx/lib/libjpeg.a[66](jcsample.c.o)) was built for newer 'macOS' version (15.4) than being linked (13.4)
ld: warning: object file (/Users/bytedance/workspace/cemu_android/build/vcpkg_installed/arm64-osx/lib/libjpeg.a[67](jdapistd.c.o)) was built for newer 'macOS' version (15.4) than being linked (13.4)
ld: warning: object file (/Users/bytedance/workspace/cemu_android/build/vcpkg_installed/arm64-osx/lib/libjpeg.a[68](jdcolor.c.o)) was built for newer 'macOS' version (15.4) than being linked (13.4)
ld: warning: object file (/Users/bytedance/workspace/cemu_android/build/vcpkg_installed/arm64-osx/lib/libjpeg.a[69](jddiffct.c.o)) was built for newer 'macOS' version (15.4) than being linked (13.4)
ld: warning: object file (/Users/bytedance/workspace/cemu_android/build/vcpkg_installed/arm64-osx/lib/libjpeg.a[70](jdlossls.c.o)) was built for newer 'macOS' version (15.4) than being linked (13.4)
ld: warning: object file (/Users/bytedance/workspace/cemu_android/build/vcpkg_installed/arm64-osx/lib/libjpeg.a[71](jdmainct.c.o)) was built for newer 'macOS' version (15.4) than being linked (13.4)
ld: warning: object file (/Users/bytedance/workspace/cemu_android/build/vcpkg_installed/arm64-osx/lib/libjpeg.a[72](jdpostct.c.o)) was built for newer 'macOS' version (15.4) than being linked (13.4)
ld: warning: object file (/Users/bytedance/workspace/cemu_android/build/vcpkg_installed/arm64-osx/lib/libjpeg.a[73](jdsample.c.o)) was built for newer 'macOS' version (15.4) than being linked (13.4)
ld: warning: object file (/Users/bytedance/workspace/cemu_android/build/vcpkg_installed/arm64-osx/lib/libjpeg.a[74](jutils.c.o)) was built for newer 'macOS' version (15.4) than being linked (13.4)
ld: warning: object file (/Users/bytedance/workspace/cemu_android/build/vcpkg_installed/arm64-osx/lib/libjpeg.a[75](jccoefct.c.o)) was built for newer 'macOS' version (15.4) than being linked (13.4)
ld: warning: object file (/Users/bytedance/workspace/cemu_android/build/vcpkg_installed/arm64-osx/lib/libjpeg.a[76](jcdctmgr.c.o)) was built for newer 'macOS' version (15.4) than being linked (13.4)
ld: warning: object file (/Users/bytedance/workspace/cemu_android/build/vcpkg_installed/arm64-osx/lib/libjpeg.a[77](jdcoefct.c.o)) was built for newer 'macOS' version (15.4) than being linked (13.4)
ld: warning: object file (/Users/bytedance/workspace/cemu_android/build/vcpkg_installed/arm64-osx/lib/libjpeg.a[78](jddctmgr.c.o)) was built for newer 'macOS' version (15.4) than being linked (13.4)
ld: warning: object file (/Users/bytedance/workspace/cemu_android/build/vcpkg_installed/arm64-osx/lib/libjpeg.a[79](jdmerge.c.o)) was built for newer 'macOS' version (15.4) than being linked (13.4)
ld: warning: object file (/Users/bytedance/workspace/cemu_android/build/vcpkg_installed/arm64-osx/lib/libjpeg.a[80](jfdctfst.c.o)) was built for newer 'macOS' version (15.4) than being linked (13.4)
ld: warning: object file (/Users/bytedance/workspace/cemu_android/build/vcpkg_installed/arm64-osx/lib/libjpeg.a[81](jfdctint.c.o)) was built for newer 'macOS' version (15.4) than being linked (13.4)
ld: warning: object file (/Users/bytedance/workspace/cemu_android/build/vcpkg_installed/arm64-osx/lib/libjpeg.a[82](jidctflt.c.o)) was built for newer 'macOS' version (15.4) than being linked (13.4)
ld: warning: object file (/Users/bytedance/workspace/cemu_android/build/vcpkg_installed/arm64-osx/lib/libjpeg.a[83](jidctfst.c.o)) was built for newer 'macOS' version (15.4) than being linked (13.4)
ld: warning: object file (/Users/bytedance/workspace/cemu_android/build/vcpkg_installed/arm64-osx/lib/libjpeg.a[84](jidctint.c.o)) was built for newer 'macOS' version (15.4) than being linked (13.4)
ld: warning: object file (/Users/bytedance/workspace/cemu_android/build/vcpkg_installed/arm64-osx/lib/libjpeg.a[85](jidctred.c.o)) was built for newer 'macOS' version (15.4) than being linked (13.4)
ld: warning: object file (/Users/bytedance/workspace/cemu_android/build/vcpkg_installed/arm64-osx/lib/libjpeg.a[86](jquant1.c.o)) was built for newer 'macOS' version (15.4) than being linked (13.4)
ld: warning: object file (/Users/bytedance/workspace/cemu_android/build/vcpkg_installed/arm64-osx/lib/libjpeg.a[87](jquant2.c.o)) was built for newer 'macOS' version (15.4) than being linked (13.4)
ld: warning: object file (/Users/bytedance/workspace/cemu_android/build/vcpkg_installed/arm64-osx/lib/libjpeg.a[88](jcapimin.c.o)) was built for newer 'macOS' version (15.4) than being linked (13.4)
ld: warning: object file (/Users/bytedance/workspace/cemu_android/build/vcpkg_installed/arm64-osx/lib/libjpeg.a[89](jchuff.c.o)) was built for newer 'macOS' version (15.4) than being linked (13.4)
ld: warning: object file (/Users/bytedance/workspace/cemu_android/build/vcpkg_installed/arm64-osx/lib/libjpeg.a[91](jcinit.c.o)) was built for newer 'macOS' version (15.4) than being linked (13.4)
ld: warning: object file (/Users/bytedance/workspace/cemu_android/build/vcpkg_installed/arm64-osx/lib/libjpeg.a[92](jclhuff.c.o)) was built for newer 'macOS' version (15.4) than being linked (13.4)
ld: warning: object file (/Users/bytedance/workspace/cemu_android/build/vcpkg_installed/arm64-osx/lib/libjpeg.a[93](jcmarker.c.o)) was built for newer 'macOS' version (15.4) than being linked (13.4)
ld: warning: object file (/Users/bytedance/workspace/cemu_android/build/vcpkg_installed/arm64-osx/lib/libjpeg.a[94](jcmaster.c.o)) was built for newer 'macOS' version (15.4) than being linked (13.4)
ld: warning: object file (/Users/bytedance/workspace/cemu_android/build/vcpkg_installed/arm64-osx/lib/libjpeg.a[95](jcomapi.c.o)) was built for newer 'macOS' version (15.4) than being linked (13.4)
ld: warning: object file (/Users/bytedance/workspace/cemu_android/build/vcpkg_installed/arm64-osx/lib/libjpeg.a[96](jcparam.c.o)) was built for newer 'macOS' version (15.4) than being linked (13.4)
ld: warning: object file (/Users/bytedance/workspace/cemu_android/build/vcpkg_installed/arm64-osx/lib/libjpeg.a[97](jcphuff.c.o)) was built for newer 'macOS' version (15.4) than being linked (13.4)
ld: warning: object file (/Users/bytedance/workspace/cemu_android/build/vcpkg_installed/arm64-osx/lib/libjpeg.a[99](jdapimin.c.o)) was built for newer 'macOS' version (15.4) than being linked (13.4)
ld: warning: object file (/Users/bytedance/workspace/cemu_android/build/vcpkg_installed/arm64-osx/lib/libjpeg.a[102](jdhuff.c.o)) was built for newer 'macOS' version (15.4) than being linked (13.4)
ld: warning: object file (/Users/bytedance/workspace/cemu_android/build/vcpkg_installed/arm64-osx/lib/libjpeg.a[104](jdinput.c.o)) was built for newer 'macOS' version (15.4) than being linked (13.4)
ld: warning: object file (/Users/bytedance/workspace/cemu_android/build/vcpkg_installed/arm64-osx/lib/libjpeg.a[105](jdlhuff.c.o)) was built for newer 'macOS' version (15.4) than being linked (13.4)
ld: warning: object file (/Users/bytedance/workspace/cemu_android/build/vcpkg_installed/arm64-osx/lib/libjpeg.a[106](jdmarker.c.o)) was built for newer 'macOS' version (15.4) than being linked (13.4)
ld: warning: object file (/Users/bytedance/workspace/cemu_android/build/vcpkg_installed/arm64-osx/lib/libjpeg.a[107](jdmaster.c.o)) was built for newer 'macOS' version (15.4) than being linked (13.4)
ld: warning: object file (/Users/bytedance/workspace/cemu_android/build/vcpkg_installed/arm64-osx/lib/libjpeg.a[108](jdphuff.c.o)) was built for newer 'macOS' version (15.4) than being linked (13.4)
ld: warning: object file (/Users/bytedance/workspace/cemu_android/build/vcpkg_installed/arm64-osx/lib/libjpeg.a[110](jerror.c.o)) was built for newer 'macOS' version (15.4) than being linked (13.4)
ld: warning: object file (/Users/bytedance/workspace/cemu_android/build/vcpkg_installed/arm64-osx/lib/libjpeg.a[111](jfdctflt.c.o)) was built for newer 'macOS' version (15.4) than being linked (13.4)
ld: warning: object file (/Users/bytedance/workspace/cemu_android/build/vcpkg_installed/arm64-osx/lib/libjpeg.a[112](jmemmgr.c.o)) was built for newer 'macOS' version (15.4) than being linked (13.4)
ld: warning: object file (/Users/bytedance/workspace/cemu_android/build/vcpkg_installed/arm64-osx/lib/libjpeg.a[113](jmemnobs.c.o)) was built for newer 'macOS' version (15.4) than being linked (13.4)
ld: warning: object file (/Users/bytedance/workspace/cemu_android/build/vcpkg_installed/arm64-osx/lib/libjpeg.a[115](jaricom.c.o)) was built for newer 'macOS' version (15.4) than being linked (13.4)
ld: warning: object file (/Users/bytedance/workspace/cemu_android/build/vcpkg_installed/arm64-osx/lib/libjpeg.a[116](jcarith.c.o)) was built for newer 'macOS' version (15.4) than being linked (13.4)
ld: warning: object file (/Users/bytedance/workspace/cemu_android/build/vcpkg_installed/arm64-osx/lib/libjpeg.a[117](jdarith.c.o)) was built for newer 'macOS' version (15.4) than being linked (13.4)
ld: warning: object file (/Users/bytedance/workspace/cemu_android/build/vcpkg_installed/arm64-osx/lib/libpng16.a[2](png.c.o)) was built for newer 'macOS' version (15.4) than being linked (13.4)
ld: warning: object file (/Users/bytedance/workspace/cemu_android/build/vcpkg_installed/arm64-osx/lib/libpng16.a[3](pngerror.c.o)) was built for newer 'macOS' version (15.4) than being linked (13.4)
ld: warning: object file (/Users/bytedance/workspace/cemu_android/build/vcpkg_installed/arm64-osx/lib/libpng16.a[4](pngget.c.o)) was built for newer 'macOS' version (15.4) than being linked (13.4)
ld: warning: object file (/Users/bytedance/workspace/cemu_android/build/vcpkg_installed/arm64-osx/lib/libpng16.a[5](pngmem.c.o)) was built for newer 'macOS' version (15.4) than being linked (13.4)
ld: warning: object file (/Users/bytedance/workspace/cemu_android/build/vcpkg_installed/arm64-osx/lib/libpng16.a[7](pngread.c.o)) was built for newer 'macOS' version (15.4) than being linked (13.4)
ld: warning: object file (/Users/bytedance/workspace/cemu_android/build/vcpkg_installed/arm64-osx/lib/libpng16.a[8](pngrio.c.o)) was built for newer 'macOS' version (15.4) than being linked (13.4)
ld: warning: object file (/Users/bytedance/workspace/cemu_android/build/vcpkg_installed/arm64-osx/lib/libpng16.a[9](pngrtran.c.o)) was built for newer 'macOS' version (15.4) than being linked (13.4)
ld: warning: object file (/Users/bytedance/workspace/cemu_android/build/vcpkg_installed/arm64-osx/lib/libpng16.a[10](pngrutil.c.o)) was built for newer 'macOS' version (15.4) than being linked (13.4)
ld: warning: object file (/Users/bytedance/workspace/cemu_android/build/vcpkg_installed/arm64-osx/lib/libpng16.a[11](pngset.c.o)) was built for newer 'macOS' version (15.4) than being linked (13.4)
ld: warning: object file (/Users/bytedance/workspace/cemu_android/build/vcpkg_installed/arm64-osx/lib/libpng16.a[12](pngtrans.c.o)) was built for newer 'macOS' version (15.4) than being linked (13.4)
ld: warning: object file (/Users/bytedance/workspace/cemu_android/build/vcpkg_installed/arm64-osx/lib/libpng16.a[13](pngwio.c.o)) was built for newer 'macOS' version (15.4) than being linked (13.4)
ld: warning: object file (/Users/bytedance/workspace/cemu_android/build/vcpkg_installed/arm64-osx/lib/libpng16.a[14](pngwrite.c.o)) was built for newer 'macOS' version (15.4) than being linked (13.4)
ld: warning: object file (/Users/bytedance/workspace/cemu_android/build/vcpkg_installed/arm64-osx/lib/libpng16.a[15](pngwtran.c.o)) was built for newer 'macOS' version (15.4) than being linked (13.4)
ld: warning: object file (/Users/bytedance/workspace/cemu_android/build/vcpkg_installed/arm64-osx/lib/libpng16.a[16](pngwutil.c.o)) was built for newer 'macOS' version (15.4) than being linked (13.4)
ld: warning: object file (/Users/bytedance/workspace/cemu_android/build/vcpkg_installed/arm64-osx/lib/libpng16.a[17](arm_init.c.o)) was built for newer 'macOS' version (15.4) than being linked (13.4)
ld: warning: object file (/Users/bytedance/workspace/cemu_android/build/vcpkg_installed/arm64-osx/lib/libpng16.a[18](filter_neon_intrinsics.c.o)) was built for newer 'macOS' version (15.4) than being linked (13.4)
ld: warning: object file (/Users/bytedance/workspace/cemu_android/build/vcpkg_installed/arm64-osx/lib/libpng16.a[19](palette_neon_intrinsics.c.o)) was built for newer 'macOS' version (15.4) than being linked (13.4)
ld: warning: object file (/Users/bytedance/workspace/cemu_android/build/vcpkg_installed/arm64-osx/lib/libtiff.a[2](tif_aux.c.o)) was built for newer 'macOS' version (15.4) than being linked (13.4)
ld: warning: object file (/Users/bytedance/workspace/cemu_android/build/vcpkg_installed/arm64-osx/lib/libtiff.a[3](tif_close.c.o)) was built for newer 'macOS' version (15.4) than being linked (13.4)
ld: warning: object file (/Users/bytedance/workspace/cemu_android/build/vcpkg_installed/arm64-osx/lib/libtiff.a[4](tif_codec.c.o)) was built for newer 'macOS' version (15.4) than being linked (13.4)
ld: warning: object file (/Users/bytedance/workspace/cemu_android/build/vcpkg_installed/arm64-osx/lib/libtiff.a[5](tif_color.c.o)) was built for newer 'macOS' version (15.4) than being linked (13.4)
ld: warning: object file (/Users/bytedance/workspace/cemu_android/build/vcpkg_installed/arm64-osx/lib/libtiff.a[6](tif_compress.c.o)) was built for newer 'macOS' version (15.4) than being linked (13.4)
ld: warning: object file (/Users/bytedance/workspace/cemu_android/build/vcpkg_installed/arm64-osx/lib/libtiff.a[7](tif_dir.c.o)) was built for newer 'macOS' version (15.4) than being linked (13.4)
ld: warning: object file (/Users/bytedance/workspace/cemu_android/build/vcpkg_installed/arm64-osx/lib/libtiff.a[8](tif_dirinfo.c.o)) was built for newer 'macOS' version (15.4) than being linked (13.4)
ld: warning: object file (/Users/bytedance/workspace/cemu_android/build/vcpkg_installed/arm64-osx/lib/libtiff.a[9](tif_dirread.c.o)) was built for newer 'macOS' version (15.4) than being linked (13.4)
ld: warning: object file (/Users/bytedance/workspace/cemu_android/build/vcpkg_installed/arm64-osx/lib/libtiff.a[10](tif_dirwrite.c.o)) was built for newer 'macOS' version (15.4) than being linked (13.4)
ld: warning: object file (/Users/bytedance/workspace/cemu_android/build/vcpkg_installed/arm64-osx/lib/libtiff.a[11](tif_dumpmode.c.o)) was built for newer 'macOS' version (15.4) than being linked (13.4)
ld: warning: object file (/Users/bytedance/workspace/cemu_android/build/vcpkg_installed/arm64-osx/lib/libtiff.a[12](tif_error.c.o)) was built for newer 'macOS' version (15.4) than being linked (13.4)
ld: warning: object file (/Users/bytedance/workspace/cemu_android/build/vcpkg_installed/arm64-osx/lib/libtiff.a[14](tif_fax3.c.o)) was built for newer 'macOS' version (15.4) than being linked (13.4)
ld: warning: object file (/Users/bytedance/workspace/cemu_android/build/vcpkg_installed/arm64-osx/lib/libtiff.a[15](tif_fax3sm.c.o)) was built for newer 'macOS' version (15.4) than being linked (13.4)
ld: warning: object file (/Users/bytedance/workspace/cemu_android/build/vcpkg_installed/arm64-osx/lib/libtiff.a[16](tif_flush.c.o)) was built for newer 'macOS' version (15.4) than being linked (13.4)
ld: warning: object file (/Users/bytedance/workspace/cemu_android/build/vcpkg_installed/arm64-osx/lib/libtiff.a[17](tif_getimage.c.o)) was built for newer 'macOS' version (15.4) than being linked (13.4)
ld: warning: object file (/Users/bytedance/workspace/cemu_android/build/vcpkg_installed/arm64-osx/lib/libtiff.a[18](tif_hash_set.c.o)) was built for newer 'macOS' version (15.4) than being linked (13.4)
ld: warning: object file (/Users/bytedance/workspace/cemu_android/build/vcpkg_installed/arm64-osx/lib/libtiff.a[20](tif_jpeg.c.o)) was built for newer 'macOS' version (15.4) than being linked (13.4)
ld: warning: object file (/Users/bytedance/workspace/cemu_android/build/vcpkg_installed/arm64-osx/lib/libtiff.a[23](tif_luv.c.o)) was built for newer 'macOS' version (15.4) than being linked (13.4)
ld: warning: object file (/Users/bytedance/workspace/cemu_android/build/vcpkg_installed/arm64-osx/lib/libtiff.a[25](tif_lzw.c.o)) was built for newer 'macOS' version (15.4) than being linked (13.4)
ld: warning: object file (/Users/bytedance/workspace/cemu_android/build/vcpkg_installed/arm64-osx/lib/libtiff.a[26](tif_next.c.o)) was built for newer 'macOS' version (15.4) than being linked (13.4)
ld: warning: object file (/Users/bytedance/workspace/cemu_android/build/vcpkg_installed/arm64-osx/lib/libtiff.a[27](tif_ojpeg.c.o)) was built for newer 'macOS' version (15.4) than being linked (13.4)
ld: warning: object file (/Users/bytedance/workspace/cemu_android/build/vcpkg_installed/arm64-osx/lib/libtiff.a[28](tif_open.c.o)) was built for newer 'macOS' version (15.4) than being linked (13.4)
ld: warning: object file (/Users/bytedance/workspace/cemu_android/build/vcpkg_installed/arm64-osx/lib/libtiff.a[29](tif_packbits.c.o)) was built for newer 'macOS' version (15.4) than being linked (13.4)
ld: warning: object file (/Users/bytedance/workspace/cemu_android/build/vcpkg_installed/arm64-osx/lib/libtiff.a[30](tif_pixarlog.c.o)) was built for newer 'macOS' version (15.4) than being linked (13.4)
ld: warning: object file (/Users/bytedance/workspace/cemu_android/build/vcpkg_installed/arm64-osx/lib/libtiff.a[31](tif_predict.c.o)) was built for newer 'macOS' version (15.4) than being linked (13.4)
ld: warning: object file (/Users/bytedance/workspace/cemu_android/build/vcpkg_installed/arm64-osx/lib/libtiff.a[33](tif_read.c.o)) was built for newer 'macOS' version (15.4) than being linked (13.4)
ld: warning: object file (/Users/bytedance/workspace/cemu_android/build/vcpkg_installed/arm64-osx/lib/libtiff.a[34](tif_strip.c.o)) was built for newer 'macOS' version (15.4) than being linked (13.4)
ld: warning: object file (/Users/bytedance/workspace/cemu_android/build/vcpkg_installed/arm64-osx/lib/libtiff.a[35](tif_swab.c.o)) was built for newer 'macOS' version (15.4) than being linked (13.4)
ld: warning: object file (/Users/bytedance/workspace/cemu_android/build/vcpkg_installed/arm64-osx/lib/libtiff.a[36](tif_thunder.c.o)) was built for newer 'macOS' version (15.4) than being linked (13.4)
ld: warning: object file (/Users/bytedance/workspace/cemu_android/build/vcpkg_installed/arm64-osx/lib/libtiff.a[37](tif_tile.c.o)) was built for newer 'macOS' version (15.4) than being linked (13.4)
ld: warning: object file (/Users/bytedance/workspace/cemu_android/build/vcpkg_installed/arm64-osx/lib/libtiff.a[38](tif_version.c.o)) was built for newer 'macOS' version (15.4) than being linked (13.4)
ld: warning: object file (/Users/bytedance/workspace/cemu_android/build/vcpkg_installed/arm64-osx/lib/libtiff.a[39](tif_warning.c.o)) was built for newer 'macOS' version (15.4) than being linked (13.4)
ld: warning: object file (/Users/bytedance/workspace/cemu_android/build/vcpkg_installed/arm64-osx/lib/libtiff.a[41](tif_write.c.o)) was built for newer 'macOS' version (15.4) than being linked (13.4)
ld: warning: object file (/Users/bytedance/workspace/cemu_android/build/vcpkg_installed/arm64-osx/lib/libtiff.a[42](tif_zip.c.o)) was built for newer 'macOS' version (15.4) than being linked (13.4)
ld: warning: object file (/Users/bytedance/workspace/cemu_android/build/vcpkg_installed/arm64-osx/lib/libtiff.a[44](tif_unix.c.o)) was built for newer 'macOS' version (15.4) than being linked (13.4)
ld: warning: object file (/Users/bytedance/workspace/cemu_android/build/vcpkg_installed/arm64-osx/lib/libnanosvgrast.a[2](nanosvgrast.c.o)) was built for newer 'macOS' version (15.4) than being linked (13.4)
ld: warning: object file (/Users/bytedance/workspace/cemu_android/build/vcpkg_installed/arm64-osx/lib/libnanosvg.a[2](nanosvg.c.o)) was built for newer 'macOS' version (15.4) than being linked (13.4)
ld: warning: object file (/Users/bytedance/workspace/cemu_android/build/vcpkg_installed/arm64-osx/lib/libwebpdecoder.a[2](alpha_dec.c.o)) was built for newer 'macOS' version (15.4) than being linked (13.4)
ld: warning: object file (/Users/bytedance/workspace/cemu_android/build/vcpkg_installed/arm64-osx/lib/libwebpdecoder.a[3](buffer_dec.c.o)) was built for newer 'macOS' version (15.4) than being linked (13.4)
ld: warning: object file (/Users/bytedance/workspace/cemu_android/build/vcpkg_installed/arm64-osx/lib/libwebpdecoder.a[4](frame_dec.c.o)) was built for newer 'macOS' version (15.4) than being linked (13.4)
ld: warning: object file (/Users/bytedance/workspace/cemu_android/build/vcpkg_installed/arm64-osx/lib/libwebpdecoder.a[6](io_dec.c.o)) was built for newer 'macOS' version (15.4) than being linked (13.4)
ld: warning: object file (/Users/bytedance/workspace/cemu_android/build/vcpkg_installed/arm64-osx/lib/libwebpdecoder.a[7](quant_dec.c.o)) was built for newer 'macOS' version (15.4) than being linked (13.4)
ld: warning: object file (/Users/bytedance/workspace/cemu_android/build/vcpkg_installed/arm64-osx/lib/libwebpdecoder.a[8](tree_dec.c.o)) was built for newer 'macOS' version (15.4) than being linked (13.4)
ld: warning: object file (/Users/bytedance/workspace/cemu_android/build/vcpkg_installed/arm64-osx/lib/libwebpdecoder.a[9](vp8_dec.c.o)) was built for newer 'macOS' version (15.4) than being linked (13.4)
ld: warning: object file (/Users/bytedance/workspace/cemu_android/build/vcpkg_installed/arm64-osx/lib/libwebpdecoder.a[10](vp8l_dec.c.o)) was built for newer 'macOS' version (15.4) than being linked (13.4)
ld: warning: object file (/Users/bytedance/workspace/cemu_android/build/vcpkg_installed/arm64-osx/lib/libwebpdecoder.a[11](webp_dec.c.o)) was built for newer 'macOS' version (15.4) than being linked (13.4)
ld: warning: object file (/Users/bytedance/workspace/cemu_android/build/vcpkg_installed/arm64-osx/lib/libwebpdecoder.a[12](alpha_processing.c.o)) was built for newer 'macOS' version (15.4) than being linked (13.4)
ld: warning: object file (/Users/bytedance/workspace/cemu_android/build/vcpkg_installed/arm64-osx/lib/libwebpdecoder.a[13](cpu.c.o)) was built for newer 'macOS' version (15.4) than being linked (13.4)
ld: warning: object file (/Users/bytedance/workspace/cemu_android/build/vcpkg_installed/arm64-osx/lib/libwebpdecoder.a[14](dec.c.o)) was built for newer 'macOS' version (15.4) than being linked (13.4)
ld: warning: object file (/Users/bytedance/workspace/cemu_android/build/vcpkg_installed/arm64-osx/lib/libwebpdecoder.a[15](dec_clip_tables.c.o)) was built for newer 'macOS' version (15.4) than being linked (13.4)
ld: warning: object file (/Users/bytedance/workspace/cemu_android/build/vcpkg_installed/arm64-osx/lib/libwebpdecoder.a[16](filters.c.o)) was built for newer 'macOS' version (15.4) than being linked (13.4)
ld: warning: object file (/Users/bytedance/workspace/cemu_android/build/vcpkg_installed/arm64-osx/lib/libwebpdecoder.a[17](lossless.c.o)) was built for newer 'macOS' version (15.4) than being linked (13.4)
ld: warning: object file (/Users/bytedance/workspace/cemu_android/build/vcpkg_installed/arm64-osx/lib/libwebpdecoder.a[18](rescaler.c.o)) was built for newer 'macOS' version (15.4) than being linked (13.4)
ld: warning: object file (/Users/bytedance/workspace/cemu_android/build/vcpkg_installed/arm64-osx/lib/libwebpdecoder.a[19](upsampling.c.o)) was built for newer 'macOS' version (15.4) than being linked (13.4)
ld: warning: object file (/Users/bytedance/workspace/cemu_android/build/vcpkg_installed/arm64-osx/lib/libwebpdecoder.a[20](yuv.c.o)) was built for newer 'macOS' version (15.4) than being linked (13.4)
ld: warning: object file (/Users/bytedance/workspace/cemu_android/build/vcpkg_installed/arm64-osx/lib/libwebpdecoder.a[33](alpha_processing_neon.c.o)) was built for newer 'macOS' version (15.4) than being linked (13.4)
ld: warning: object file (/Users/bytedance/workspace/cemu_android/build/vcpkg_installed/arm64-osx/lib/libwebpdecoder.a[34](dec_neon.c.o)) was built for newer 'macOS' version (15.4) than being linked (13.4)
ld: warning: object file (/Users/bytedance/workspace/cemu_android/build/vcpkg_installed/arm64-osx/lib/libwebpdecoder.a[35](filters_neon.c.o)) was built for newer 'macOS' version (15.4) than being linked (13.4)
ld: warning: object file (/Users/bytedance/workspace/cemu_android/build/vcpkg_installed/arm64-osx/lib/libwebpdecoder.a[36](lossless_neon.c.o)) was built for newer 'macOS' version (15.4) than being linked (13.4)
ld: warning: object file (/Users/bytedance/workspace/cemu_android/build/vcpkg_installed/arm64-osx/lib/libwebpdecoder.a[37](rescaler_neon.c.o)) was built for newer 'macOS' version (15.4) than being linked (13.4)
ld: warning: object file (/Users/bytedance/workspace/cemu_android/build/vcpkg_installed/arm64-osx/lib/libwebpdecoder.a[38](upsampling_neon.c.o)) was built for newer 'macOS' version (15.4) than being linked (13.4)
ld: warning: object file (/Users/bytedance/workspace/cemu_android/build/vcpkg_installed/arm64-osx/lib/libwebpdecoder.a[39](yuv_neon.c.o)) was built for newer 'macOS' version (15.4) than being linked (13.4)
ld: warning: object file (/Users/bytedance/workspace/cemu_android/build/vcpkg_installed/arm64-osx/lib/libwebpdecoder.a[55](bit_reader_utils.c.o)) was built for newer 'macOS' version (15.4) than being linked (13.4)
ld: warning: object file (/Users/bytedance/workspace/cemu_android/build/vcpkg_installed/arm64-osx/lib/libwebpdecoder.a[56](color_cache_utils.c.o)) was built for newer 'macOS' version (15.4) than being linked (13.4)
ld: warning: object file (/Users/bytedance/workspace/cemu_android/build/vcpkg_installed/arm64-osx/lib/libwebpdecoder.a[57](filters_utils.c.o)) was built for newer 'macOS' version (15.4) than being linked (13.4)
ld: warning: object file (/Users/bytedance/workspace/cemu_android/build/vcpkg_installed/arm64-osx/lib/libwebpdecoder.a[58](huffman_utils.c.o)) was built for newer 'macOS' version (15.4) than being linked (13.4)
ld: warning: object file (/Users/bytedance/workspace/cemu_android/build/vcpkg_installed/arm64-osx/lib/libwebpdecoder.a[59](palette.c.o)) was built for newer 'macOS' version (15.4) than being linked (13.4)
ld: warning: object file (/Users/bytedance/workspace/cemu_android/build/vcpkg_installed/arm64-osx/lib/libwebpdecoder.a[60](quant_levels_dec_utils.c.o)) was built for newer 'macOS' version (15.4) than being linked (13.4)
ld: warning: object file (/Users/bytedance/workspace/cemu_android/build/vcpkg_installed/arm64-osx/lib/libwebpdecoder.a[61](rescaler_utils.c.o)) was built for newer 'macOS' version (15.4) than being linked (13.4)
ld: warning: object file (/Users/bytedance/workspace/cemu_android/build/vcpkg_installed/arm64-osx/lib/libwebpdecoder.a[62](random_utils.c.o)) was built for newer 'macOS' version (15.4) than being linked (13.4)
ld: warning: object file (/Users/bytedance/workspace/cemu_android/build/vcpkg_installed/arm64-osx/lib/libwebpdecoder.a[63](thread_utils.c.o)) was built for newer 'macOS' version (15.4) than being linked (13.4)
ld: warning: object file (/Users/bytedance/workspace/cemu_android/build/vcpkg_installed/arm64-osx/lib/libwebpdecoder.a[64](utils.c.o)) was built for newer 'macOS' version (15.4) than being linked (13.4)
ld: warning: object file (/Users/bytedance/workspace/cemu_android/build/vcpkg_installed/arm64-osx/lib/libwebp.a[55](cost.c.o)) was built for newer 'macOS' version (15.4) than being linked (13.4)
ld: warning: object file (/Users/bytedance/workspace/cemu_android/build/vcpkg_installed/arm64-osx/lib/libwebp.a[56](enc.c.o)) was built for newer 'macOS' version (15.4) than being linked (13.4)
ld: warning: object file (/Users/bytedance/workspace/cemu_android/build/vcpkg_installed/arm64-osx/lib/libwebp.a[57](lossless_enc.c.o)) was built for newer 'macOS' version (15.4) than being linked (13.4)
ld: warning: object file (/Users/bytedance/workspace/cemu_android/build/vcpkg_installed/arm64-osx/lib/libwebp.a[58](ssim.c.o)) was built for newer 'macOS' version (15.4) than being linked (13.4)
ld: warning: object file (/Users/bytedance/workspace/cemu_android/build/vcpkg_installed/arm64-osx/lib/libwebp.a[65](cost_neon.c.o)) was built for newer 'macOS' version (15.4) than being linked (13.4)
ld: warning: object file (/Users/bytedance/workspace/cemu_android/build/vcpkg_installed/arm64-osx/lib/libwebp.a[66](enc_neon.c.o)) was built for newer 'macOS' version (15.4) than being linked (13.4)
ld: warning: object file (/Users/bytedance/workspace/cemu_android/build/vcpkg_installed/arm64-osx/lib/libwebp.a[67](lossless_enc_neon.c.o)) was built for newer 'macOS' version (15.4) than being linked (13.4)
ld: warning: object file (/Users/bytedance/workspace/cemu_android/build/vcpkg_installed/arm64-osx/lib/libwebp.a[76](alpha_enc.c.o)) was built for newer 'macOS' version (15.4) than being linked (13.4)
ld: warning: object file (/Users/bytedance/workspace/cemu_android/build/vcpkg_installed/arm64-osx/lib/libwebp.a[77](analysis_enc.c.o)) was built for newer 'macOS' version (15.4) than being linked (13.4)
ld: warning: object file (/Users/bytedance/workspace/cemu_android/build/vcpkg_installed/arm64-osx/lib/libwebp.a[78](backward_references_cost_enc.c.o)) was built for newer 'macOS' version (15.4) than being linked (13.4)
ld: warning: object file (/Users/bytedance/workspace/cemu_android/build/vcpkg_installed/arm64-osx/lib/libwebp.a[79](backward_references_enc.c.o)) was built for newer 'macOS' version (15.4) than being linked (13.4)
ld: warning: object file (/Users/bytedance/workspace/cemu_android/build/vcpkg_installed/arm64-osx/lib/libwebp.a[80](config_enc.c.o)) was built for newer 'macOS' version (15.4) than being linked (13.4)
ld: warning: object file (/Users/bytedance/workspace/cemu_android/build/vcpkg_installed/arm64-osx/lib/libwebp.a[81](cost_enc.c.o)) was built for newer 'macOS' version (15.4) than being linked (13.4)
ld: warning: object file (/Users/bytedance/workspace/cemu_android/build/vcpkg_installed/arm64-osx/lib/libwebp.a[82](filter_enc.c.o)) was built for newer 'macOS' version (15.4) than being linked (13.4)
ld: warning: object file (/Users/bytedance/workspace/cemu_android/build/vcpkg_installed/arm64-osx/lib/libwebp.a[83](frame_enc.c.o)) was built for newer 'macOS' version (15.4) than being linked (13.4)
ld: warning: object file (/Users/bytedance/workspace/cemu_android/build/vcpkg_installed/arm64-osx/lib/libwebp.a[84](histogram_enc.c.o)) was built for newer 'macOS' version (15.4) than being linked (13.4)
ld: warning: object file (/Users/bytedance/workspace/cemu_android/build/vcpkg_installed/arm64-osx/lib/libwebp.a[85](iterator_enc.c.o)) was built for newer 'macOS' version (15.4) than being linked (13.4)
ld: warning: object file (/Users/bytedance/workspace/cemu_android/build/vcpkg_installed/arm64-osx/lib/libwebp.a[86](near_lossless_enc.c.o)) was built for newer 'macOS' version (15.4) than being linked (13.4)
ld: warning: object file (/Users/bytedance/workspace/cemu_android/build/vcpkg_installed/arm64-osx/lib/libwebp.a[87](picture_enc.c.o)) was built for newer 'macOS' version (15.4) than being linked (13.4)
ld: warning: object file (/Users/bytedance/workspace/cemu_android/build/vcpkg_installed/arm64-osx/lib/libwebp.a[88](picture_csp_enc.c.o)) was built for newer 'macOS' version (15.4) than being linked (13.4)
ld: warning: object file (/Users/bytedance/workspace/cemu_android/build/vcpkg_installed/arm64-osx/lib/libwebp.a[90](picture_rescale_enc.c.o)) was built for newer 'macOS' version (15.4) than being linked (13.4)
ld: warning: object file (/Users/bytedance/workspace/cemu_android/build/vcpkg_installed/arm64-osx/lib/libwebp.a[91](picture_tools_enc.c.o)) was built for newer 'macOS' version (15.4) than being linked (13.4)
ld: warning: object file (/Users/bytedance/workspace/cemu_android/build/vcpkg_installed/arm64-osx/lib/libwebp.a[92](predictor_enc.c.o)) was built for newer 'macOS' version (15.4) than being linked (13.4)
ld: warning: object file (/Users/bytedance/workspace/cemu_android/build/vcpkg_installed/arm64-osx/lib/libwebp.a[93](quant_enc.c.o)) was built for newer 'macOS' version (15.4) than being linked (13.4)
ld: warning: object file (/Users/bytedance/workspace/cemu_android/build/vcpkg_installed/arm64-osx/lib/libwebp.a[94](syntax_enc.c.o)) was built for newer 'macOS' version (15.4) than being linked (13.4)
ld: warning: object file (/Users/bytedance/workspace/cemu_android/build/vcpkg_installed/arm64-osx/lib/libwebp.a[95](token_enc.c.o)) was built for newer 'macOS' version (15.4) than being linked (13.4)
ld: warning: object file (/Users/bytedance/workspace/cemu_android/build/vcpkg_installed/arm64-osx/lib/libwebp.a[96](tree_enc.c.o)) was built for newer 'macOS' version (15.4) than being linked (13.4)
ld: warning: object file (/Users/bytedance/workspace/cemu_android/build/vcpkg_installed/arm64-osx/lib/libwebp.a[97](vp8l_enc.c.o)) was built for newer 'macOS' version (15.4) than being linked (13.4)
ld: warning: object file (/Users/bytedance/workspace/cemu_android/build/vcpkg_installed/arm64-osx/lib/libwebp.a[98](webp_enc.c.o)) was built for newer 'macOS' version (15.4) than being linked (13.4)
ld: warning: object file (/Users/bytedance/workspace/cemu_android/build/vcpkg_installed/arm64-osx/lib/libwebp.a[109](bit_writer_utils.c.o)) was built for newer 'macOS' version (15.4) than being linked (13.4)
ld: warning: object file (/Users/bytedance/workspace/cemu_android/build/vcpkg_installed/arm64-osx/lib/libwebp.a[110](huffman_encode_utils.c.o)) was built for newer 'macOS' version (15.4) than being linked (13.4)
ld: warning: object file (/Users/bytedance/workspace/cemu_android/build/vcpkg_installed/arm64-osx/lib/libwebp.a[111](quant_levels_utils.c.o)) was built for newer 'macOS' version (15.4) than being linked (13.4)
ld: warning: object file (/Users/bytedance/workspace/cemu_android/build/vcpkg_installed/arm64-osx/lib/libwebpdemux.a[2](anim_decode.c.o)) was built for newer 'macOS' version (15.4) than being linked (13.4)
ld: warning: object file (/Users/bytedance/workspace/cemu_android/build/vcpkg_installed/arm64-osx/lib/libwebpdemux.a[3](demux.c.o)) was built for newer 'macOS' version (15.4) than being linked (13.4)
ld: warning: object file (/Users/bytedance/workspace/cemu_android/build/vcpkg_installed/arm64-osx/lib/libsharpyuv.a[3](sharpyuv_neon.c.o)) was built for newer 'macOS' version (15.4) than being linked (13.4)
ld: warning: object file (/Users/bytedance/workspace/cemu_android/build/vcpkg_installed/arm64-osx/lib/libsharpyuv.a[4](sharpyuv_cpu.c.o)) was built for newer 'macOS' version (15.4) than being linked (13.4)
ld: warning: object file (/Users/bytedance/workspace/cemu_android/build/vcpkg_installed/arm64-osx/lib/libsharpyuv.a[5](sharpyuv_csp.c.o)) was built for newer 'macOS' version (15.4) than being linked (13.4)
ld: warning: object file (/Users/bytedance/workspace/cemu_android/build/vcpkg_installed/arm64-osx/lib/libsharpyuv.a[6](sharpyuv_dsp.c.o)) was built for newer 'macOS' version (15.4) than being linked (13.4)
ld: warning: object file (/Users/bytedance/workspace/cemu_android/build/vcpkg_installed/arm64-osx/lib/libsharpyuv.a[7](sharpyuv_gamma.c.o)) was built for newer 'macOS' version (15.4) than being linked (13.4)
ld: warning: object file (/Users/bytedance/workspace/cemu_android/build/vcpkg_installed/arm64-osx/lib/libsharpyuv.a[8](sharpyuv.c.o)) was built for newer 'macOS' version (15.4) than being linked (13.4)
metric             	count 	avg (us) 	total (ms)
.ninja parse       	1     	4165.0  	4.2
.ninja_log load    	1     	4133.0  	4.1
.ninja_deps load   	1     	3086.0  	3.1
node stat          	6227  	4.6     	28.7
ComputeCriticalPath	1     	189.0   	0.2
StartEdge          	413   	10190.8 	4208.8
FinishCommand      	402   	20526.2 	8251.5

path->node hash load 0.46 (7517 entries / 16384 buckets)
real 56.57
user 592.34
sys 45.06
