-- Running vcpkg install
Detecting compiler hash for triplet arm64-osx...
Compiler found: /usr/bin/c++
The following packages will be built and installed:
    boost-algorithm:arm64-osx@1.88.0
  * boost-align:arm64-osx@1.88.0
  * boost-any:arm64-osx@1.88.0
  * boost-array:arm64-osx@1.88.0
    boost-asio:arm64-osx@1.88.0
  * boost-assert:arm64-osx@1.88.0
  * boost-atomic:arm64-osx@1.88.0
  * boost-bind:arm64-osx@1.88.0
  * boost-chrono:arm64-osx@1.88.0
  * boost-circular-buffer:arm64-osx@1.88.0
  * boost-cmake:arm64-osx@1.88.0
  * boost-concept-check:arm64-osx@1.88.0
  * boost-config:arm64-osx@1.88.0
    boost-container:arm64-osx@1.88.0
  * boost-container-hash:arm64-osx@1.88.0
  * boost-context:arm64-osx@1.88.0
  * boost-conversion:arm64-osx@1.88.0
  * boost-core:arm64-osx@1.88.0
  * boost-date-time:arm64-osx@1.88.0
  * boost-describe:arm64-osx@1.88.0
  * boost-detail:arm64-osx@1.88.0
  * boost-dynamic-bitset:arm64-osx@1.88.0
  * boost-endian:arm64-osx@1.88.0
  * boost-exception:arm64-osx@1.88.0
  * boost-filesystem:arm64-osx@1.88.0
  * boost-function:arm64-osx@1.88.0
  * boost-function-types:arm64-osx@1.88.0
    boost-functional:arm64-osx@1.88.0
  * boost-fusion:arm64-osx@1.88.0
  * boost-headers:arm64-osx@1.88.0
  * boost-integer:arm64-osx@1.88.0
  * boost-intrusive:arm64-osx@1.88.0
  * boost-io:arm64-osx@1.88.0
  * boost-iterator:arm64-osx@1.88.0
  * boost-lexical-cast:arm64-osx@1.88.0
  * boost-move:arm64-osx@1.88.0
  * boost-mp11:arm64-osx@1.88.0
  * boost-mpl:arm64-osx@1.88.0
  * boost-multi-index:arm64-osx@1.88.0
    boost-nowide:arm64-osx@1.88.0
  * boost-numeric-conversion:arm64-osx@1.88.0
    boost-optional:arm64-osx@1.88.0
  * boost-parameter:arm64-osx@1.88.0
  * boost-phoenix:arm64-osx@1.88.0
  * boost-pool:arm64-osx@1.88.0
  * boost-predef:arm64-osx@1.88.0
  * boost-preprocessor:arm64-osx@1.88.0
    boost-program-options:arm64-osx@1.88.0
    boost-property-tree:arm64-osx@1.88.0
  * boost-proto:arm64-osx@1.88.0
    boost-ptr-container:arm64-osx@1.88.0
    boost-random:arm64-osx@1.88.0
  * boost-range:arm64-osx@1.88.0
  * boost-ratio:arm64-osx@1.88.0
  * boost-regex:arm64-osx@1.88.0
  * boost-scope:arm64-osx@1.88.0
  * boost-serialization:arm64-osx@1.88.0
    boost-signals2:arm64-osx@1.88.0
  * boost-smart-ptr:arm64-osx@1.88.0
  * boost-spirit:arm64-osx@1.88.0
  * boost-static-assert:arm64-osx@1.88.0
    boost-static-string:arm64-osx@1.88.0
  * boost-system:arm64-osx@1.88.0
  * boost-thread:arm64-osx@1.88.0
  * boost-throw-exception:arm64-osx@1.88.0
    boost-tokenizer:arm64-osx@1.88.0
  * boost-tuple:arm64-osx@1.88.0
  * boost-type-index:arm64-osx@1.88.0
  * boost-type-traits:arm64-osx@1.88.0
  * boost-typeof:arm64-osx@1.88.0
  * boost-uninstall:arm64-osx@1.88.0
  * boost-unordered:arm64-osx@1.88.0
  * boost-utility:arm64-osx@1.88.0
  * boost-variant:arm64-osx@1.88.0
  * boost-variant2:arm64-osx@1.88.0
  * boost-winapi:arm64-osx@1.88.0
    curl[core,openssl]:arm64-osx@8.14.1
  * egl-registry:arm64-osx@2024-01-25
  * expat:arm64-osx@2.7.1
    fmt:arm64-osx@12.1.0
    glm:arm64-osx@1.0.1#3
    glslang:arm64-osx@15.1.0
    hidapi:arm64-osx@0.15.0#1
  * libiconv:arm64-osx@1.18#1
  * libjpeg-turbo:arm64-osx@3.1.0#1
    libpng:arm64-osx@1.6.48
    libusb:arm64-osx@1.0.26.11791#7 -- /Users/bytedance/workspace/cemu_android/dependencies/vcpkg_overlay_ports_mac/libusb
  * libwebp[core,libwebpmux,nearlossless,simd]:arm64-osx@1.5.0#1
    libzip:arm64-osx@1.11.4
  * nanosvg:arm64-osx@2023-12-29
  * opengl:arm64-osx@2022-12-04#3
  * opengl-registry:arm64-osx@2024-02-10#1
    openssl:arm64-osx@3.5.0#1
  * pcre2[core,jit,platform-default-features]:arm64-osx@10.45
    pugixml:arm64-osx@1.15
    rapidjson:arm64-osx@2025-02-26
    sdl3:arm64-osx@3.4.10
    tiff[core,jpeg,zip]:arm64-osx@4.7.0
  * vcpkg-boost:arm64-osx@2025-03-29
  * vcpkg-cmake:arm64-osx@2024-04-23
  * vcpkg-cmake-config:arm64-osx@2024-05-23
  * vcpkg-cmake-get-vars:arm64-osx@2025-05-29
    wxwidgets[core,debug-support]:arm64-osx@3.3.3 -- /Users/bytedance/workspace/cemu_android/dependencies/vcpkg_overlay_ports/wxwidgets
    zlib:arm64-osx@1.3.1
    zstd:arm64-osx@1.5.7
Additional packages (*) will be modified to complete this operation.
Restored 2 package(s) from /Users/bytedance/.cache/vcpkg/archives in 60.1 ms. Use --debug to see more details.
Installing 1/105 vcpkg-cmake-config:arm64-osx@2024-05-23...
Elapsed time to handle vcpkg-cmake-config:arm64-osx: 3.99 ms
vcpkg-cmake-config:arm64-osx package ABI: 363da7008a03a449a5ef4a4ea5a59339aa4f17eb799b3bfd10686dfadb027c6f
Installing 2/105 vcpkg-cmake:arm64-osx@2024-04-23...
Building vcpkg-cmake:arm64-osx@2024-04-23...
-- Installing: /Users/bytedance/workspace/cemu_android/dependencies/vcpkg/packages/vcpkg-cmake_arm64-osx/share/vcpkg-cmake/vcpkg_cmake_configure.cmake
-- Installing: /Users/bytedance/workspace/cemu_android/dependencies/vcpkg/packages/vcpkg-cmake_arm64-osx/share/vcpkg-cmake/vcpkg_cmake_build.cmake
-- Installing: /Users/bytedance/workspace/cemu_android/dependencies/vcpkg/packages/vcpkg-cmake_arm64-osx/share/vcpkg-cmake/vcpkg_cmake_install.cmake
-- Installing: /Users/bytedance/workspace/cemu_android/dependencies/vcpkg/packages/vcpkg-cmake_arm64-osx/share/vcpkg-cmake/vcpkg-port-config.cmake
-- Installing: /Users/bytedance/workspace/cemu_android/dependencies/vcpkg/packages/vcpkg-cmake_arm64-osx/share/vcpkg-cmake/copyright
-- Performing post-build validation
Starting submission of vcpkg-cmake:arm64-osx@2024-04-23 to 1 binary cache(s) in the background
Elapsed time to handle vcpkg-cmake:arm64-osx: 53.2 ms
vcpkg-cmake:arm64-osx package ABI: 90c187177bc14263f5a9dca496c13a9526b780ab6c728bc33d56f92d872c9579
Installing 3/105 vcpkg-boost:arm64-osx@2025-03-29...
Building vcpkg-boost:arm64-osx@2025-03-29...
-- Installing: /Users/bytedance/workspace/cemu_android/dependencies/vcpkg/packages/vcpkg-boost_arm64-osx/share/vcpkg-boost/usage.in
-- Installing: /Users/bytedance/workspace/cemu_android/dependencies/vcpkg/packages/vcpkg-boost_arm64-osx/share/vcpkg-boost/boost-install.cmake
-- Installing: /Users/bytedance/workspace/cemu_android/dependencies/vcpkg/packages/vcpkg-boost_arm64-osx/share/vcpkg-boost/vcpkg-port-config.cmake
-- Installing: /Users/bytedance/workspace/cemu_android/dependencies/vcpkg/packages/vcpkg-boost_arm64-osx/share/vcpkg-boost/copyright
-- Performing post-build validation
Starting submission of vcpkg-boost:arm64-osx@2025-03-29 to 1 binary cache(s) in the background
Elapsed time to handle vcpkg-boost:arm64-osx: 44.1 ms
vcpkg-boost:arm64-osx package ABI: 9dca774fd3c437ab0403c73b650d30f8603557bde282db975c11e75d4ced1e5b
Completed submission of vcpkg-cmake:arm64-osx@2024-04-23 to 1 binary cache(s) in 36.7 ms
Installing 4/105 boost-uninstall:arm64-osx@1.88.0...
Elapsed time to handle boost-uninstall:arm64-osx: 4.26 ms
boost-uninstall:arm64-osx package ABI: 7393df9b54e20c0ac0b56ba4e55a9936bd692341458223087ee7e0c7a2e99ebd
Installing 5/105 boost-cmake:arm64-osx@1.88.0...
Building boost-cmake:arm64-osx@1.88.0...
-- Using cached boostorg-cmake-boost-1.88.0.tar.gz
-- Cleaning sources at /Users/bytedance/workspace/cemu_android/dependencies/vcpkg/buildtrees/boost-cmake/src/ost-1.88.0-7ca645f160.clean. Use --editable to skip cleaning for the packages you specify.
-- Extracting source /Users/bytedance/workspace/cemu_android/dependencies/vcpkg/downloads/boostorg-cmake-boost-1.88.0.tar.gz
-- Applying patch 0001-vcpkg-build.patch
-- Applying patch 0002-remove-prefix-and-suffix.patch
-- Using source at /Users/bytedance/workspace/cemu_android/dependencies/vcpkg/buildtrees/boost-cmake/src/ost-1.88.0-7ca645f160.clean
-- Configuring arm64-osx
-- Building arm64-osx-dbg
-- Building arm64-osx-rel
-- Up-to-date: /Users/bytedance/workspace/cemu_android/dependencies/vcpkg/packages/boost-cmake_arm64-osx/share/boost/cmake-build
-- Installing: /Users/bytedance/workspace/cemu_android/dependencies/vcpkg/packages/boost-cmake_arm64-osx/share/boost/cmake-build/BoostFetch.cmake
-- Installing: /Users/bytedance/workspace/cemu_android/dependencies/vcpkg/packages/boost-cmake_arm64-osx/share/boost/cmake-build/BoostInstall.cmake
-- Installing: /Users/bytedance/workspace/cemu_android/dependencies/vcpkg/packages/boost-cmake_arm64-osx/share/boost/cmake-build/BoostTest.cmake
-- Installing: /Users/bytedance/workspace/cemu_android/dependencies/vcpkg/packages/boost-cmake_arm64-osx/share/boost/cmake-build/BoostTestJamfile.cmake
-- Installing: /Users/bytedance/workspace/cemu_android/dependencies/vcpkg/packages/boost-cmake_arm64-osx/share/boost/cmake-build/BoostMessage.cmake
-- Installing: /Users/bytedance/workspace/cemu_android/dependencies/vcpkg/packages/boost-cmake_arm64-osx/share/boost/cmake-build/BoostRoot.cmake
-- Installing: /Users/bytedance/workspace/cemu_android/dependencies/vcpkg/packages/boost-cmake_arm64-osx/share/boost-cmake/vcpkg-port-config.cmake
-- Installing: /Users/bytedance/workspace/cemu_android/dependencies/vcpkg/packages/boost-cmake_arm64-osx/share/boost-cmake/usage
-- Using cached boost-1.88.0-LICENSE_1_0.txt
-- Installing: /Users/bytedance/workspace/cemu_android/dependencies/vcpkg/packages/boost-cmake_arm64-osx/share/boost-cmake/copyright
-- Performing post-build validation
Starting submission of boost-cmake:arm64-osx@1.88.0 to 1 binary cache(s) in the background
Elapsed time to handle boost-cmake:arm64-osx: 2 s
boost-cmake:arm64-osx package ABI: ec11e97996179f84128ec87288fe40601805200e84462690addb9ac6482f6000
Completed submission of vcpkg-boost:arm64-osx@2025-03-29 to 1 binary cache(s) in 12.3 ms
Installing 6/105 boost-headers:arm64-osx@1.88.0...
Building boost-headers:arm64-osx@1.88.0...
-- Using cached boostorg-headers-boost-1.88.0.tar.gz
-- Cleaning sources at /Users/bytedance/workspace/cemu_android/dependencies/vcpkg/buildtrees/boost-headers/src/ost-1.88.0-aa76186add.clean. Use --editable to skip cleaning for the packages you specify.
-- Extracting source /Users/bytedance/workspace/cemu_android/dependencies/vcpkg/downloads/boostorg-headers-boost-1.88.0.tar.gz
-- Using source at /Users/bytedance/workspace/cemu_android/dependencies/vcpkg/buildtrees/boost-headers/src/ost-1.88.0-aa76186add.clean
-- Configuring arm64-osx
-- Building arm64-osx-rel
-- Installing: /Users/bytedance/workspace/cemu_android/dependencies/vcpkg/packages/boost-headers_arm64-osx/share/boost-headers/copyright
-- Performing post-build validation
Starting submission of boost-headers:arm64-osx@1.88.0 to 1 binary cache(s) in the background
Elapsed time to handle boost-headers:arm64-osx: 1.7 s
boost-headers:arm64-osx package ABI: 346d6dd6d9b0266014a01c3e45799e9f96cdc151db1c9f76088a6366b9900c4b
Completed submission of boost-cmake:arm64-osx@1.88.0 to 1 binary cache(s) in 15.7 ms
Installing 7/105 boost-config:arm64-osx@1.88.0...
Building boost-config:arm64-osx@1.88.0...
-- Using cached boostorg-config-boost-1.88.0.tar.gz
-- Cleaning sources at /Users/bytedance/workspace/cemu_android/dependencies/vcpkg/buildtrees/boost-config/src/ost-1.88.0-1c5a9b795a.clean. Use --editable to skip cleaning for the packages you specify.
-- Extracting source /Users/bytedance/workspace/cemu_android/dependencies/vcpkg/downloads/boostorg-config-boost-1.88.0.tar.gz
-- Using source at /Users/bytedance/workspace/cemu_android/dependencies/vcpkg/buildtrees/boost-config/src/ost-1.88.0-1c5a9b795a.clean
-- Configuring arm64-osx
-- Building arm64-osx-rel
-- Installing: /Users/bytedance/workspace/cemu_android/dependencies/vcpkg/packages/boost-config_arm64-osx/share/boost-config/copyright
-- Performing post-build validation
Starting submission of boost-config:arm64-osx@1.88.0 to 1 binary cache(s) in the background
Elapsed time to handle boost-config:arm64-osx: 2.4 s
boost-config:arm64-osx package ABI: 8c51b0135d9353908490b6ac2faf29497c8e67fc93883ef6a29b471de342d16a
Completed submission of boost-headers:arm64-osx@1.88.0 to 1 binary cache(s) in 16.3 ms
Installing 8/105 boost-assert:arm64-osx@1.88.0...
Building boost-assert:arm64-osx@1.88.0...
-- Using cached boostorg-assert-boost-1.88.0.tar.gz
-- Cleaning sources at /Users/bytedance/workspace/cemu_android/dependencies/vcpkg/buildtrees/boost-assert/src/ost-1.88.0-b153d29229.clean. Use --editable to skip cleaning for the packages you specify.
-- Extracting source /Users/bytedance/workspace/cemu_android/dependencies/vcpkg/downloads/boostorg-assert-boost-1.88.0.tar.gz
-- Using source at /Users/bytedance/workspace/cemu_android/dependencies/vcpkg/buildtrees/boost-assert/src/ost-1.88.0-b153d29229.clean
-- Configuring arm64-osx
-- Building arm64-osx-rel
-- Installing: /Users/bytedance/workspace/cemu_android/dependencies/vcpkg/packages/boost-assert_arm64-osx/share/boost-assert/copyright
-- Performing post-build validation
Starting submission of boost-assert:arm64-osx@1.88.0 to 1 binary cache(s) in the background
Elapsed time to handle boost-assert:arm64-osx: 1.7 s
boost-assert:arm64-osx package ABI: 1b0d59b01ebdfba0398d78c524ae39d75320b8019d6e6645da06798950077714
Completed submission of boost-config:arm64-osx@1.88.0 to 1 binary cache(s) in 95.9 ms
Installing 9/105 boost-throw-exception:arm64-osx@1.88.0...
Building boost-throw-exception:arm64-osx@1.88.0...
-- Using cached boostorg-throw_exception-boost-1.88.0.tar.gz
-- Cleaning sources at /Users/bytedance/workspace/cemu_android/dependencies/vcpkg/buildtrees/boost-throw-exception/src/ost-1.88.0-48a7409424.clean. Use --editable to skip cleaning for the packages you specify.
-- Extracting source /Users/bytedance/workspace/cemu_android/dependencies/vcpkg/downloads/boostorg-throw_exception-boost-1.88.0.tar.gz
-- Using source at /Users/bytedance/workspace/cemu_android/dependencies/vcpkg/buildtrees/boost-throw-exception/src/ost-1.88.0-48a7409424.clean
-- Configuring arm64-osx
-- Building arm64-osx-rel
-- Installing: /Users/bytedance/workspace/cemu_android/dependencies/vcpkg/packages/boost-throw-exception_arm64-osx/share/boost-throw-exception/copyright
-- Performing post-build validation
Starting submission of boost-throw-exception:arm64-osx@1.88.0 to 1 binary cache(s) in the background
Elapsed time to handle boost-throw-exception:arm64-osx: 2 s
boost-throw-exception:arm64-osx package ABI: fb03255b535a6f5de3ae69f659c47f67d718462cea6045727aa47a06069e9564
Completed submission of boost-assert:arm64-osx@1.88.0 to 1 binary cache(s) in 18.3 ms
Installing 10/105 boost-predef:arm64-osx@1.88.0...
Building boost-predef:arm64-osx@1.88.0...
-- Using cached boostorg-predef-boost-1.88.0.tar.gz
-- Cleaning sources at /Users/bytedance/workspace/cemu_android/dependencies/vcpkg/buildtrees/boost-predef/src/ost-1.88.0-4a841ac442.clean. Use --editable to skip cleaning for the packages you specify.
-- Extracting source /Users/bytedance/workspace/cemu_android/dependencies/vcpkg/downloads/boostorg-predef-boost-1.88.0.tar.gz
-- Using source at /Users/bytedance/workspace/cemu_android/dependencies/vcpkg/buildtrees/boost-predef/src/ost-1.88.0-4a841ac442.clean
-- Configuring arm64-osx
-- Building arm64-osx-rel
-- Installing: /Users/bytedance/workspace/cemu_android/dependencies/vcpkg/packages/boost-predef_arm64-osx/share/boost-predef/copyright
-- Performing post-build validation
Starting submission of boost-predef:arm64-osx@1.88.0 to 1 binary cache(s) in the background
Elapsed time to handle boost-predef:arm64-osx: 1.9 s
boost-predef:arm64-osx package ABI: 568261f051f6205e7b75396ebc25329dab15211afe6a47c6f5c36dc3043edcc2
Completed submission of boost-throw-exception:arm64-osx@1.88.0 to 1 binary cache(s) in 16.9 ms
Installing 11/105 boost-mp11:arm64-osx@1.88.0...
Building boost-mp11:arm64-osx@1.88.0...
-- Using cached boostorg-mp11-boost-1.88.0.tar.gz
-- Cleaning sources at /Users/bytedance/workspace/cemu_android/dependencies/vcpkg/buildtrees/boost-mp11/src/ost-1.88.0-73972791c9.clean. Use --editable to skip cleaning for the packages you specify.
-- Extracting source /Users/bytedance/workspace/cemu_android/dependencies/vcpkg/downloads/boostorg-mp11-boost-1.88.0.tar.gz
-- Using source at /Users/bytedance/workspace/cemu_android/dependencies/vcpkg/buildtrees/boost-mp11/src/ost-1.88.0-73972791c9.clean
-- Configuring arm64-osx
-- Building arm64-osx-rel
-- Installing: /Users/bytedance/workspace/cemu_android/dependencies/vcpkg/packages/boost-mp11_arm64-osx/share/boost-mp11/copyright
-- Performing post-build validation
Starting submission of boost-mp11:arm64-osx@1.88.0 to 1 binary cache(s) in the background
Elapsed time to handle boost-mp11:arm64-osx: 1.8 s
boost-mp11:arm64-osx package ABI: 04b3dd4c1c99913b7385f173a873dd8c2aed761ce88631f43533deb35c796406
Completed submission of boost-predef:arm64-osx@1.88.0 to 1 binary cache(s) in 59.2 ms
Installing 12/105 boost-static-assert:arm64-osx@1.88.0...
Building boost-static-assert:arm64-osx@1.88.0...
-- Using cached boostorg-static_assert-boost-1.88.0.tar.gz
-- Cleaning sources at /Users/bytedance/workspace/cemu_android/dependencies/vcpkg/buildtrees/boost-static-assert/src/ost-1.88.0-f5f10f4cbe.clean. Use --editable to skip cleaning for the packages you specify.
-- Extracting source /Users/bytedance/workspace/cemu_android/dependencies/vcpkg/downloads/boostorg-static_assert-boost-1.88.0.tar.gz
-- Using source at /Users/bytedance/workspace/cemu_android/dependencies/vcpkg/buildtrees/boost-static-assert/src/ost-1.88.0-f5f10f4cbe.clean
-- Configuring arm64-osx
-- Building arm64-osx-rel
-- Installing: /Users/bytedance/workspace/cemu_android/dependencies/vcpkg/packages/boost-static-assert_arm64-osx/share/boost-static-assert/copyright
-- Performing post-build validation
Starting submission of boost-static-assert:arm64-osx@1.88.0 to 1 binary cache(s) in the background
Elapsed time to handle boost-static-assert:arm64-osx: 1.9 s
boost-static-assert:arm64-osx package ABI: bdedfab8891f90b3ee2605248f00e2da7459b0bdf167a046c4d190139e100b28
Completed submission of boost-mp11:arm64-osx@1.88.0 to 1 binary cache(s) in 33.4 ms
Installing 13/105 boost-core:arm64-osx@1.88.0...
Building boost-core:arm64-osx@1.88.0...
-- Using cached boostorg-core-boost-1.88.0.tar.gz
-- Cleaning sources at /Users/bytedance/workspace/cemu_android/dependencies/vcpkg/buildtrees/boost-core/src/ost-1.88.0-b96ab5501d.clean. Use --editable to skip cleaning for the packages you specify.
-- Extracting source /Users/bytedance/workspace/cemu_android/dependencies/vcpkg/downloads/boostorg-core-boost-1.88.0.tar.gz
-- Using source at /Users/bytedance/workspace/cemu_android/dependencies/vcpkg/buildtrees/boost-core/src/ost-1.88.0-b96ab5501d.clean
-- Configuring arm64-osx
-- Building arm64-osx-rel
-- Installing: /Users/bytedance/workspace/cemu_android/dependencies/vcpkg/packages/boost-core_arm64-osx/share/boost-core/copyright
-- Performing post-build validation
Starting submission of boost-core:arm64-osx@1.88.0 to 1 binary cache(s) in the background
Elapsed time to handle boost-core:arm64-osx: 1.9 s
boost-core:arm64-osx package ABI: 552beabfcf0e0845bbac037fe062626f08a58d530f00f446f8e72acb47042e0c
Completed submission of boost-static-assert:arm64-osx@1.88.0 to 1 binary cache(s) in 16.5 ms
Installing 14/105 boost-describe:arm64-osx@1.88.0...
Building boost-describe:arm64-osx@1.88.0...
-- Using cached boostorg-describe-boost-1.88.0.tar.gz
-- Cleaning sources at /Users/bytedance/workspace/cemu_android/dependencies/vcpkg/buildtrees/boost-describe/src/ost-1.88.0-590ba4e47e.clean. Use --editable to skip cleaning for the packages you specify.
-- Extracting source /Users/bytedance/workspace/cemu_android/dependencies/vcpkg/downloads/boostorg-describe-boost-1.88.0.tar.gz
-- Using source at /Users/bytedance/workspace/cemu_android/dependencies/vcpkg/buildtrees/boost-describe/src/ost-1.88.0-590ba4e47e.clean
-- Configuring arm64-osx
-- Building arm64-osx-rel
-- Installing: /Users/bytedance/workspace/cemu_android/dependencies/vcpkg/packages/boost-describe_arm64-osx/share/boost-describe/copyright
-- Performing post-build validation
Starting submission of boost-describe:arm64-osx@1.88.0 to 1 binary cache(s) in the background
Elapsed time to handle boost-describe:arm64-osx: 1.7 s
boost-describe:arm64-osx package ABI: 7b5c40e6380c294f15b6b95dd0e037f945ccf8185e4f2ee159a56dc5ae913975
Completed submission of boost-core:arm64-osx@1.88.0 to 1 binary cache(s) in 40.8 ms
Installing 15/105 boost-container-hash:arm64-osx@1.88.0...
Building boost-container-hash:arm64-osx@1.88.0...
-- Using cached boostorg-container_hash-boost-1.88.0.tar.gz
-- Cleaning sources at /Users/bytedance/workspace/cemu_android/dependencies/vcpkg/buildtrees/boost-container-hash/src/ost-1.88.0-3cebf95663.clean. Use --editable to skip cleaning for the packages you specify.
-- Extracting source /Users/bytedance/workspace/cemu_android/dependencies/vcpkg/downloads/boostorg-container_hash-boost-1.88.0.tar.gz
-- Using source at /Users/bytedance/workspace/cemu_android/dependencies/vcpkg/buildtrees/boost-container-hash/src/ost-1.88.0-3cebf95663.clean
-- Configuring arm64-osx
-- Building arm64-osx-rel
-- Installing: /Users/bytedance/workspace/cemu_android/dependencies/vcpkg/packages/boost-container-hash_arm64-osx/share/boost-container-hash/copyright
-- Performing post-build validation
Starting submission of boost-container-hash:arm64-osx@1.88.0 to 1 binary cache(s) in the background
Elapsed time to handle boost-container-hash:arm64-osx: 1.8 s
boost-container-hash:arm64-osx package ABI: a5b254757a28255d636061e48814dff16d865f5ccbbc0ce06cffb07cacbbc936
Completed submission of boost-describe:arm64-osx@1.88.0 to 1 binary cache(s) in 23.3 ms
Installing 16/105 boost-unordered:arm64-osx@1.88.0...
Building boost-unordered:arm64-osx@1.88.0...
-- Using cached boostorg-unordered-boost-1.88.0.tar.gz
-- Cleaning sources at /Users/bytedance/workspace/cemu_android/dependencies/vcpkg/buildtrees/boost-unordered/src/ost-1.88.0-92b6910f5b.clean. Use --editable to skip cleaning for the packages you specify.
-- Extracting source /Users/bytedance/workspace/cemu_android/dependencies/vcpkg/downloads/boostorg-unordered-boost-1.88.0.tar.gz
-- Using source at /Users/bytedance/workspace/cemu_android/dependencies/vcpkg/buildtrees/boost-unordered/src/ost-1.88.0-92b6910f5b.clean
-- Configuring arm64-osx
-- Building arm64-osx-rel
-- Installing: /Users/bytedance/workspace/cemu_android/dependencies/vcpkg/packages/boost-unordered_arm64-osx/share/boost-unordered/copyright
-- Performing post-build validation
Starting submission of boost-unordered:arm64-osx@1.88.0 to 1 binary cache(s) in the background
Elapsed time to handle boost-unordered:arm64-osx: 2.5 s
boost-unordered:arm64-osx package ABI: 6f99a9ab5320c35a0d6aa3dbf6670b4ca0afafa46613c3e25da728beca340c80
Completed submission of boost-container-hash:arm64-osx@1.88.0 to 1 binary cache(s) in 22.3 ms
Installing 17/105 boost-type-traits:arm64-osx@1.88.0...
Building boost-type-traits:arm64-osx@1.88.0...
-- Using cached boostorg-type_traits-boost-1.88.0.tar.gz
-- Cleaning sources at /Users/bytedance/workspace/cemu_android/dependencies/vcpkg/buildtrees/boost-type-traits/src/ost-1.88.0-2dbf755bb8.clean. Use --editable to skip cleaning for the packages you specify.
-- Extracting source /Users/bytedance/workspace/cemu_android/dependencies/vcpkg/downloads/boostorg-type_traits-boost-1.88.0.tar.gz
-- Using source at /Users/bytedance/workspace/cemu_android/dependencies/vcpkg/buildtrees/boost-type-traits/src/ost-1.88.0-2dbf755bb8.clean
-- Configuring arm64-osx
-- Building arm64-osx-rel
-- Installing: /Users/bytedance/workspace/cemu_android/dependencies/vcpkg/packages/boost-type-traits_arm64-osx/share/boost-type-traits/copyright
-- Performing post-build validation
Starting submission of boost-type-traits:arm64-osx@1.88.0 to 1 binary cache(s) in the background
Elapsed time to handle boost-type-traits:arm64-osx: 2.2 s
boost-type-traits:arm64-osx package ABI: f29df279e67c11eb2d8394042b2172c08c3d77c099df11b4f16fc4e5ccf855a6
Completed submission of boost-unordered:arm64-osx@1.88.0 to 1 binary cache(s) in 41.8 ms
Installing 18/105 boost-tuple:arm64-osx@1.88.0...
Building boost-tuple:arm64-osx@1.88.0...
-- Using cached boostorg-tuple-boost-1.88.0.tar.gz
-- Cleaning sources at /Users/bytedance/workspace/cemu_android/dependencies/vcpkg/buildtrees/boost-tuple/src/ost-1.88.0-1590de8f80.clean. Use --editable to skip cleaning for the packages you specify.
-- Extracting source /Users/bytedance/workspace/cemu_android/dependencies/vcpkg/downloads/boostorg-tuple-boost-1.88.0.tar.gz
-- Using source at /Users/bytedance/workspace/cemu_android/dependencies/vcpkg/buildtrees/boost-tuple/src/ost-1.88.0-1590de8f80.clean
-- Configuring arm64-osx
-- Building arm64-osx-rel
-- Installing: /Users/bytedance/workspace/cemu_android/dependencies/vcpkg/packages/boost-tuple_arm64-osx/share/boost-tuple/copyright
-- Performing post-build validation
Starting submission of boost-tuple:arm64-osx@1.88.0 to 1 binary cache(s) in the background
Elapsed time to handle boost-tuple:arm64-osx: 2.1 s
boost-tuple:arm64-osx package ABI: 9436002429e1fee0ff721714463e0ea5d3da0199d4d8c167a19dac77883d3536
Completed submission of boost-type-traits:arm64-osx@1.88.0 to 1 binary cache(s) in 77.2 ms
Installing 19/105 boost-smart-ptr:arm64-osx@1.88.0...
Building boost-smart-ptr:arm64-osx@1.88.0...
-- Using cached boostorg-smart_ptr-boost-1.88.0.tar.gz
-- Cleaning sources at /Users/bytedance/workspace/cemu_android/dependencies/vcpkg/buildtrees/boost-smart-ptr/src/ost-1.88.0-22d9bb8b79.clean. Use --editable to skip cleaning for the packages you specify.
-- Extracting source /Users/bytedance/workspace/cemu_android/dependencies/vcpkg/downloads/boostorg-smart_ptr-boost-1.88.0.tar.gz
-- Using source at /Users/bytedance/workspace/cemu_android/dependencies/vcpkg/buildtrees/boost-smart-ptr/src/ost-1.88.0-22d9bb8b79.clean
-- Configuring arm64-osx
-- Building arm64-osx-rel
-- Installing: /Users/bytedance/workspace/cemu_android/dependencies/vcpkg/packages/boost-smart-ptr_arm64-osx/share/boost-smart-ptr/copyright
-- Performing post-build validation
Starting submission of boost-smart-ptr:arm64-osx@1.88.0 to 1 binary cache(s) in the background
Elapsed time to handle boost-smart-ptr:arm64-osx: 2 s
boost-smart-ptr:arm64-osx package ABI: 3de46d32088bf2fe51f27188b4da116e012a195dd6a6c2a7fbfa8becfed33571
Completed submission of boost-tuple:arm64-osx@1.88.0 to 1 binary cache(s) in 76.5 ms
Installing 20/105 boost-preprocessor:arm64-osx@1.88.0...
Building boost-preprocessor:arm64-osx@1.88.0...
-- Using cached boostorg-preprocessor-boost-1.88.0.tar.gz
-- Cleaning sources at /Users/bytedance/workspace/cemu_android/dependencies/vcpkg/buildtrees/boost-preprocessor/src/ost-1.88.0-39949f1757.clean. Use --editable to skip cleaning for the packages you specify.
-- Extracting source /Users/bytedance/workspace/cemu_android/dependencies/vcpkg/downloads/boostorg-preprocessor-boost-1.88.0.tar.gz
-- Using source at /Users/bytedance/workspace/cemu_android/dependencies/vcpkg/buildtrees/boost-preprocessor/src/ost-1.88.0-39949f1757.clean
-- Configuring arm64-osx
-- Building arm64-osx-rel
-- Installing: /Users/bytedance/workspace/cemu_android/dependencies/vcpkg/packages/boost-preprocessor_arm64-osx/share/boost-preprocessor/copyright
-- Performing post-build validation
Starting submission of boost-preprocessor:arm64-osx@1.88.0 to 1 binary cache(s) in the background
Elapsed time to handle boost-preprocessor:arm64-osx: 2.5 s
boost-preprocessor:arm64-osx package ABI: cd2e73c5ebb84ae26ea5418d1447de7d0e36f0bff10ebc014b9c2e23ba2db3d0
Completed submission of boost-smart-ptr:arm64-osx@1.88.0 to 1 binary cache(s) in 45.7 ms
Installing 21/105 boost-io:arm64-osx@1.88.0...
Building boost-io:arm64-osx@1.88.0...
-- Using cached boostorg-io-boost-1.88.0.tar.gz
-- Cleaning sources at /Users/bytedance/workspace/cemu_android/dependencies/vcpkg/buildtrees/boost-io/src/ost-1.88.0-5f95ee3fba.clean. Use --editable to skip cleaning for the packages you specify.
-- Extracting source /Users/bytedance/workspace/cemu_android/dependencies/vcpkg/downloads/boostorg-io-boost-1.88.0.tar.gz
-- Using source at /Users/bytedance/workspace/cemu_android/dependencies/vcpkg/buildtrees/boost-io/src/ost-1.88.0-5f95ee3fba.clean
-- Configuring arm64-osx
-- Building arm64-osx-rel
-- Installing: /Users/bytedance/workspace/cemu_android/dependencies/vcpkg/packages/boost-io_arm64-osx/share/boost-io/copyright
-- Performing post-build validation
Starting submission of boost-io:arm64-osx@1.88.0 to 1 binary cache(s) in the background
Elapsed time to handle boost-io:arm64-osx: 1.6 s
boost-io:arm64-osx package ABI: db83bbdfc2ed3c5e4479724afb980acee5c7f4407edba251e1a9858090417122
Completed submission of boost-preprocessor:arm64-osx@1.88.0 to 1 binary cache(s) in 165 ms
Installing 22/105 boost-utility:arm64-osx@1.88.0...
Building boost-utility:arm64-osx@1.88.0...
-- Using cached boostorg-utility-boost-1.88.0.tar.gz
-- Cleaning sources at /Users/bytedance/workspace/cemu_android/dependencies/vcpkg/buildtrees/boost-utility/src/ost-1.88.0-9cd0a102dc.clean. Use --editable to skip cleaning for the packages you specify.
-- Extracting source /Users/bytedance/workspace/cemu_android/dependencies/vcpkg/downloads/boostorg-utility-boost-1.88.0.tar.gz
-- Using source at /Users/bytedance/workspace/cemu_android/dependencies/vcpkg/buildtrees/boost-utility/src/ost-1.88.0-9cd0a102dc.clean
-- Configuring arm64-osx
-- Building arm64-osx-rel
-- Installing: /Users/bytedance/workspace/cemu_android/dependencies/vcpkg/packages/boost-utility_arm64-osx/share/boost-utility/copyright
-- Performing post-build validation
Starting submission of boost-utility:arm64-osx@1.88.0 to 1 binary cache(s) in the background
Elapsed time to handle boost-utility:arm64-osx: 2 s
boost-utility:arm64-osx package ABI: 51038d6384f30b044694a4b6ce5c492aeac5240e551e0a1c9943abc4de36f436
Completed submission of boost-io:arm64-osx@1.88.0 to 1 binary cache(s) in 20.8 ms
Installing 23/105 boost-mpl:arm64-osx@1.88.0...
Building boost-mpl:arm64-osx@1.88.0...
-- Using cached boostorg-mpl-boost-1.88.0.tar.gz
-- Cleaning sources at /Users/bytedance/workspace/cemu_android/dependencies/vcpkg/buildtrees/boost-mpl/src/ost-1.88.0-fa0ace56fe.clean. Use --editable to skip cleaning for the packages you specify.
-- Extracting source /Users/bytedance/workspace/cemu_android/dependencies/vcpkg/downloads/boostorg-mpl-boost-1.88.0.tar.gz
-- Applying patch fix-msvc-build.diff
-- Using source at /Users/bytedance/workspace/cemu_android/dependencies/vcpkg/buildtrees/boost-mpl/src/ost-1.88.0-fa0ace56fe.clean
-- Configuring arm64-osx
-- Building arm64-osx-rel
-- Installing: /Users/bytedance/workspace/cemu_android/dependencies/vcpkg/packages/boost-mpl_arm64-osx/share/boost-mpl/copyright
-- Performing post-build validation
Starting submission of boost-mpl:arm64-osx@1.88.0 to 1 binary cache(s) in the background
Elapsed time to handle boost-mpl:arm64-osx: 4 s
boost-mpl:arm64-osx package ABI: 2f60c179c635eb80ec79805fc90d002ee7efe190aee4e6786585976f17dc8e63
Completed submission of boost-utility:arm64-osx@1.88.0 to 1 binary cache(s) in 30.2 ms
Installing 24/105 boost-integer:arm64-osx@1.88.0...
Building boost-integer:arm64-osx@1.88.0...
-- Using cached boostorg-integer-boost-1.88.0.tar.gz
-- Cleaning sources at /Users/bytedance/workspace/cemu_android/dependencies/vcpkg/buildtrees/boost-integer/src/ost-1.88.0-164b88b839.clean. Use --editable to skip cleaning for the packages you specify.
-- Extracting source /Users/bytedance/workspace/cemu_android/dependencies/vcpkg/downloads/boostorg-integer-boost-1.88.0.tar.gz
-- Using source at /Users/bytedance/workspace/cemu_android/dependencies/vcpkg/buildtrees/boost-integer/src/ost-1.88.0-164b88b839.clean
-- Configuring arm64-osx
-- Building arm64-osx-rel
-- Installing: /Users/bytedance/workspace/cemu_android/dependencies/vcpkg/packages/boost-integer_arm64-osx/share/boost-integer/copyright
-- Performing post-build validation
Starting submission of boost-integer:arm64-osx@1.88.0 to 1 binary cache(s) in the background
Elapsed time to handle boost-integer:arm64-osx: 1.8 s
boost-integer:arm64-osx package ABI: 65d6769c26e0827498f8c47199275b318ef8642e9a020954e83661e0906d5820
Completed submission of boost-mpl:arm64-osx@1.88.0 to 1 binary cache(s) in 337 ms
Installing 25/105 boost-concept-check:arm64-osx@1.88.0...
Building boost-concept-check:arm64-osx@1.88.0...
-- Using cached boostorg-concept_check-boost-1.88.0.tar.gz
-- Cleaning sources at /Users/bytedance/workspace/cemu_android/dependencies/vcpkg/buildtrees/boost-concept-check/src/ost-1.88.0-b83e6f9b40.clean. Use --editable to skip cleaning for the packages you specify.
-- Extracting source /Users/bytedance/workspace/cemu_android/dependencies/vcpkg/downloads/boostorg-concept_check-boost-1.88.0.tar.gz
-- Using source at /Users/bytedance/workspace/cemu_android/dependencies/vcpkg/buildtrees/boost-concept-check/src/ost-1.88.0-b83e6f9b40.clean
-- Configuring arm64-osx
-- Building arm64-osx-rel
-- Installing: /Users/bytedance/workspace/cemu_android/dependencies/vcpkg/packages/boost-concept-check_arm64-osx/share/boost-concept-check/copyright
-- Performing post-build validation
Starting submission of boost-concept-check:arm64-osx@1.88.0 to 1 binary cache(s) in the background
Elapsed time to handle boost-concept-check:arm64-osx: 1.7 s
boost-concept-check:arm64-osx package ABI: d30ccd1072b37bfb4f281af60387e12a39020841675267cbc2aa78f5ef078443
Completed submission of boost-integer:arm64-osx@1.88.0 to 1 binary cache(s) in 20.9 ms
Installing 26/105 boost-regex:arm64-osx@1.88.0...
Building boost-regex:arm64-osx@1.88.0...
-- Using cached boostorg-regex-boost-1.88.0.tar.gz
-- Cleaning sources at /Users/bytedance/workspace/cemu_android/dependencies/vcpkg/buildtrees/boost-regex/src/ost-1.88.0-2c223cbe1f.clean. Use --editable to skip cleaning for the packages you specify.
-- Extracting source /Users/bytedance/workspace/cemu_android/dependencies/vcpkg/downloads/boostorg-regex-boost-1.88.0.tar.gz
-- Applying patch compat.diff
-- Using source at /Users/bytedance/workspace/cemu_android/dependencies/vcpkg/buildtrees/boost-regex/src/ost-1.88.0-2c223cbe1f.clean
-- Configuring arm64-osx
-- Building arm64-osx-rel
-- Installing: /Users/bytedance/workspace/cemu_android/dependencies/vcpkg/packages/boost-regex_arm64-osx/share/boost-regex/copyright
-- Performing post-build validation
Starting submission of boost-regex:arm64-osx@1.88.0 to 1 binary cache(s) in the background
Elapsed time to handle boost-regex:arm64-osx: 2.9 s
boost-regex:arm64-osx package ABI: 8a280a561031a439fd9014fb7568ff7033922ccf56e42b3744995c8482afba4a
Completed submission of boost-concept-check:arm64-osx@1.88.0 to 1 binary cache(s) in 19.9 ms
Installing 27/105 boost-optional:arm64-osx@1.88.0...
Building boost-optional:arm64-osx@1.88.0...
-- Using cached boostorg-optional-boost-1.88.0.tar.gz
-- Cleaning sources at /Users/bytedance/workspace/cemu_android/dependencies/vcpkg/buildtrees/boost-optional/src/ost-1.88.0-04986b0dfa.clean. Use --editable to skip cleaning for the packages you specify.
-- Extracting source /Users/bytedance/workspace/cemu_android/dependencies/vcpkg/downloads/boostorg-optional-boost-1.88.0.tar.gz
-- Using source at /Users/bytedance/workspace/cemu_android/dependencies/vcpkg/buildtrees/boost-optional/src/ost-1.88.0-04986b0dfa.clean
-- Configuring arm64-osx
-- Building arm64-osx-rel
-- Installing: /Users/bytedance/workspace/cemu_android/dependencies/vcpkg/packages/boost-optional_arm64-osx/share/boost-optional/copyright
-- Performing post-build validation
Starting submission of boost-optional:arm64-osx@1.88.0 to 1 binary cache(s) in the background
Elapsed time to handle boost-optional:arm64-osx: 1.8 s
boost-optional:arm64-osx package ABI: 452845522f5c65bc7b83a88525e3355409427e55ae0b435e74cd559656b3c596
Completed submission of boost-regex:arm64-osx@1.88.0 to 1 binary cache(s) in 60.9 ms
Installing 28/105 boost-typeof:arm64-osx@1.88.0...
Building boost-typeof:arm64-osx@1.88.0...
-- Using cached boostorg-typeof-boost-1.88.0.tar.gz
-- Cleaning sources at /Users/bytedance/workspace/cemu_android/dependencies/vcpkg/buildtrees/boost-typeof/src/ost-1.88.0-dc32e7fe62.clean. Use --editable to skip cleaning for the packages you specify.
-- Extracting source /Users/bytedance/workspace/cemu_android/dependencies/vcpkg/downloads/boostorg-typeof-boost-1.88.0.tar.gz
-- Using source at /Users/bytedance/workspace/cemu_android/dependencies/vcpkg/buildtrees/boost-typeof/src/ost-1.88.0-dc32e7fe62.clean
-- Configuring arm64-osx
-- Building arm64-osx-rel
-- Installing: /Users/bytedance/workspace/cemu_android/dependencies/vcpkg/packages/boost-typeof_arm64-osx/share/boost-typeof/copyright
-- Performing post-build validation
Starting submission of boost-typeof:arm64-osx@1.88.0 to 1 binary cache(s) in the background
Elapsed time to handle boost-typeof:arm64-osx: 1.7 s
boost-typeof:arm64-osx package ABI: 46cded1bf186f0f4c1daac434407f1d3d3eff812655a6fea2c8d1ff63441c548
Completed submission of boost-optional:arm64-osx@1.88.0 to 1 binary cache(s) in 18.8 ms
Installing 29/105 boost-detail:arm64-osx@1.88.0...
Building boost-detail:arm64-osx@1.88.0...
-- Using cached boostorg-detail-boost-1.88.0.tar.gz
-- Cleaning sources at /Users/bytedance/workspace/cemu_android/dependencies/vcpkg/buildtrees/boost-detail/src/ost-1.88.0-5224a59fa4.clean. Use --editable to skip cleaning for the packages you specify.
-- Extracting source /Users/bytedance/workspace/cemu_android/dependencies/vcpkg/downloads/boostorg-detail-boost-1.88.0.tar.gz
-- Using source at /Users/bytedance/workspace/cemu_android/dependencies/vcpkg/buildtrees/boost-detail/src/ost-1.88.0-5224a59fa4.clean
-- Configuring arm64-osx
-- Building arm64-osx-rel
-- Installing: /Users/bytedance/workspace/cemu_android/dependencies/vcpkg/packages/boost-detail_arm64-osx/share/boost-detail/copyright
-- Performing post-build validation
Starting submission of boost-detail:arm64-osx@1.88.0 to 1 binary cache(s) in the background
Elapsed time to handle boost-detail:arm64-osx: 2.1 s
boost-detail:arm64-osx package ABI: c5d85853d2fc556af4f5d134764af91be1b51a9ad0333d5a47a07b1ec3cc4a9a
Completed submission of boost-typeof:arm64-osx@1.88.0 to 1 binary cache(s) in 22.1 ms
Installing 30/105 boost-function-types:arm64-osx@1.88.0...
Building boost-function-types:arm64-osx@1.88.0...
-- Using cached boostorg-function_types-boost-1.88.0.tar.gz
-- Cleaning sources at /Users/bytedance/workspace/cemu_android/dependencies/vcpkg/buildtrees/boost-function-types/src/ost-1.88.0-c035a812a9.clean. Use --editable to skip cleaning for the packages you specify.
-- Extracting source /Users/bytedance/workspace/cemu_android/dependencies/vcpkg/downloads/boostorg-function_types-boost-1.88.0.tar.gz
-- Using source at /Users/bytedance/workspace/cemu_android/dependencies/vcpkg/buildtrees/boost-function-types/src/ost-1.88.0-c035a812a9.clean
-- Configuring arm64-osx
-- Building arm64-osx-rel
-- Installing: /Users/bytedance/workspace/cemu_android/dependencies/vcpkg/packages/boost-function-types_arm64-osx/share/boost-function-types/copyright
-- Performing post-build validation
Starting submission of boost-function-types:arm64-osx@1.88.0 to 1 binary cache(s) in the background
Elapsed time to handle boost-function-types:arm64-osx: 1.9 s
boost-function-types:arm64-osx package ABI: 56a5b82b286ffdf191ec091fa3e5a1641c602594fbcc69640d89bc42838c7d65
Completed submission of boost-detail:arm64-osx@1.88.0 to 1 binary cache(s) in 22.3 ms
Installing 31/105 boost-bind:arm64-osx@1.88.0...
Building boost-bind:arm64-osx@1.88.0...
-- Using cached boostorg-bind-boost-1.88.0.tar.gz
-- Cleaning sources at /Users/bytedance/workspace/cemu_android/dependencies/vcpkg/buildtrees/boost-bind/src/ost-1.88.0-bf0ada17c7.clean. Use --editable to skip cleaning for the packages you specify.
-- Extracting source /Users/bytedance/workspace/cemu_android/dependencies/vcpkg/downloads/boostorg-bind-boost-1.88.0.tar.gz
-- Using source at /Users/bytedance/workspace/cemu_android/dependencies/vcpkg/buildtrees/boost-bind/src/ost-1.88.0-bf0ada17c7.clean
-- Configuring arm64-osx
-- Building arm64-osx-rel
-- Installing: /Users/bytedance/workspace/cemu_android/dependencies/vcpkg/packages/boost-bind_arm64-osx/share/boost-bind/copyright
-- Performing post-build validation
Starting submission of boost-bind:arm64-osx@1.88.0 to 1 binary cache(s) in the background
Elapsed time to handle boost-bind:arm64-osx: 1.7 s
boost-bind:arm64-osx package ABI: 12134bbc106203d0ac83b5d84252f911029596a86f0a67c36bb70cea154b08e2
Completed submission of boost-function-types:arm64-osx@1.88.0 to 1 binary cache(s) in 39.9 ms
Installing 32/105 boost-function:arm64-osx@1.88.0...
Building boost-function:arm64-osx@1.88.0...
-- Using cached boostorg-function-boost-1.88.0.tar.gz
-- Cleaning sources at /Users/bytedance/workspace/cemu_android/dependencies/vcpkg/buildtrees/boost-function/src/ost-1.88.0-e750071483.clean. Use --editable to skip cleaning for the packages you specify.
-- Extracting source /Users/bytedance/workspace/cemu_android/dependencies/vcpkg/downloads/boostorg-function-boost-1.88.0.tar.gz
-- Using source at /Users/bytedance/workspace/cemu_android/dependencies/vcpkg/buildtrees/boost-function/src/ost-1.88.0-e750071483.clean
-- Configuring arm64-osx
-- Building arm64-osx-rel
-- Installing: /Users/bytedance/workspace/cemu_android/dependencies/vcpkg/packages/boost-function_arm64-osx/share/boost-function/copyright
-- Performing post-build validation
Starting submission of boost-function:arm64-osx@1.88.0 to 1 binary cache(s) in the background
Elapsed time to handle boost-function:arm64-osx: 2 s
boost-function:arm64-osx package ABI: 61d67868faa1d0870640543fd9c1237b71a5138bb6ea21abdae3b3f12816da6f
Completed submission of boost-bind:arm64-osx@1.88.0 to 1 binary cache(s) in 19.9 ms
Installing 33/105 boost-functional:arm64-osx@1.88.0...
Building boost-functional:arm64-osx@1.88.0...
-- Using cached boostorg-functional-boost-1.88.0.tar.gz
-- Cleaning sources at /Users/bytedance/workspace/cemu_android/dependencies/vcpkg/buildtrees/boost-functional/src/ost-1.88.0-5f23a228ff.clean. Use --editable to skip cleaning for the packages you specify.
-- Extracting source /Users/bytedance/workspace/cemu_android/dependencies/vcpkg/downloads/boostorg-functional-boost-1.88.0.tar.gz
-- Using source at /Users/bytedance/workspace/cemu_android/dependencies/vcpkg/buildtrees/boost-functional/src/ost-1.88.0-5f23a228ff.clean
-- Configuring arm64-osx
-- Building arm64-osx-rel
-- Installing: /Users/bytedance/workspace/cemu_android/dependencies/vcpkg/packages/boost-functional_arm64-osx/share/boost-functional/copyright
-- Performing post-build validation
Starting submission of boost-functional:arm64-osx@1.88.0 to 1 binary cache(s) in the background
Elapsed time to handle boost-functional:arm64-osx: 1.8 s
boost-functional:arm64-osx package ABI: 5ee1dd79214cba1c2827d1365c4ed71fd4728f7dde4d743dc85b18c77baa6f32
Completed submission of boost-function:arm64-osx@1.88.0 to 1 binary cache(s) in 21.2 ms
Installing 34/105 boost-fusion:arm64-osx@1.88.0...
Building boost-fusion:arm64-osx@1.88.0...
-- Using cached boostorg-fusion-boost-1.88.0.tar.gz
-- Cleaning sources at /Users/bytedance/workspace/cemu_android/dependencies/vcpkg/buildtrees/boost-fusion/src/ost-1.88.0-1dce9c04b1.clean. Use --editable to skip cleaning for the packages you specify.
-- Extracting source /Users/bytedance/workspace/cemu_android/dependencies/vcpkg/downloads/boostorg-fusion-boost-1.88.0.tar.gz
-- Using source at /Users/bytedance/workspace/cemu_android/dependencies/vcpkg/buildtrees/boost-fusion/src/ost-1.88.0-1dce9c04b1.clean
-- Configuring arm64-osx
-- Building arm64-osx-rel
-- Installing: /Users/bytedance/workspace/cemu_android/dependencies/vcpkg/packages/boost-fusion_arm64-osx/share/boost-fusion/copyright
-- Performing post-build validation
Starting submission of boost-fusion:arm64-osx@1.88.0 to 1 binary cache(s) in the background
Elapsed time to handle boost-fusion:arm64-osx: 3.3 s
boost-fusion:arm64-osx package ABI: 5157f92929f63b9876ed6f7b611bf9470337f4725cfcd2bd91e7b2fde3f6328f
Completed submission of boost-functional:arm64-osx@1.88.0 to 1 binary cache(s) in 17.3 ms
Installing 35/105 boost-iterator:arm64-osx@1.88.0...
Building boost-iterator:arm64-osx@1.88.0...
-- Using cached boostorg-iterator-boost-1.88.0.tar.gz
-- Cleaning sources at /Users/bytedance/workspace/cemu_android/dependencies/vcpkg/buildtrees/boost-iterator/src/ost-1.88.0-51514a5505.clean. Use --editable to skip cleaning for the packages you specify.
-- Extracting source /Users/bytedance/workspace/cemu_android/dependencies/vcpkg/downloads/boostorg-iterator-boost-1.88.0.tar.gz
-- Using source at /Users/bytedance/workspace/cemu_android/dependencies/vcpkg/buildtrees/boost-iterator/src/ost-1.88.0-51514a5505.clean
-- Configuring arm64-osx
-- Building arm64-osx-rel
-- Installing: /Users/bytedance/workspace/cemu_android/dependencies/vcpkg/packages/boost-iterator_arm64-osx/share/boost-iterator/copyright
-- Performing post-build validation
Starting submission of boost-iterator:arm64-osx@1.88.0 to 1 binary cache(s) in the background
Elapsed time to handle boost-iterator:arm64-osx: 2.2 s
boost-iterator:arm64-osx package ABI: b8ee070d14eb7560e4e4f9ee4191d2ae1eae0ed9ae105cd3f08d176b68c7a7f2
Completed submission of boost-fusion:arm64-osx@1.88.0 to 1 binary cache(s) in 358 ms
Installing 36/105 boost-conversion:arm64-osx@1.88.0...
Building boost-conversion:arm64-osx@1.88.0...
-- Using cached boostorg-conversion-boost-1.88.0.tar.gz
-- Cleaning sources at /Users/bytedance/workspace/cemu_android/dependencies/vcpkg/buildtrees/boost-conversion/src/ost-1.88.0-77611f6ca4.clean. Use --editable to skip cleaning for the packages you specify.
-- Extracting source /Users/bytedance/workspace/cemu_android/dependencies/vcpkg/downloads/boostorg-conversion-boost-1.88.0.tar.gz
-- Using source at /Users/bytedance/workspace/cemu_android/dependencies/vcpkg/buildtrees/boost-conversion/src/ost-1.88.0-77611f6ca4.clean
-- Configuring arm64-osx
-- Building arm64-osx-rel
-- Installing: /Users/bytedance/workspace/cemu_android/dependencies/vcpkg/packages/boost-conversion_arm64-osx/share/boost-conversion/copyright
-- Performing post-build validation
Starting submission of boost-conversion:arm64-osx@1.88.0 to 1 binary cache(s) in the background
Elapsed time to handle boost-conversion:arm64-osx: 1.8 s
boost-conversion:arm64-osx package ABI: 43d04ec4fe05dd4994ad2707e20e3b9a85c55a4bdcaac78012d82760d4d1fe48
Completed submission of boost-iterator:arm64-osx@1.88.0 to 1 binary cache(s) in 31.7 ms
Installing 37/105 boost-array:arm64-osx@1.88.0...
Building boost-array:arm64-osx@1.88.0...
-- Using cached boostorg-array-boost-1.88.0.tar.gz
-- Cleaning sources at /Users/bytedance/workspace/cemu_android/dependencies/vcpkg/buildtrees/boost-array/src/ost-1.88.0-2adb23ad65.clean. Use --editable to skip cleaning for the packages you specify.
-- Extracting source /Users/bytedance/workspace/cemu_android/dependencies/vcpkg/downloads/boostorg-array-boost-1.88.0.tar.gz
-- Using source at /Users/bytedance/workspace/cemu_android/dependencies/vcpkg/buildtrees/boost-array/src/ost-1.88.0-2adb23ad65.clean
-- Configuring arm64-osx
-- Building arm64-osx-rel
-- Installing: /Users/bytedance/workspace/cemu_android/dependencies/vcpkg/packages/boost-array_arm64-osx/share/boost-array/copyright
-- Performing post-build validation
Starting submission of boost-array:arm64-osx@1.88.0 to 1 binary cache(s) in the background
Elapsed time to handle boost-array:arm64-osx: 1.7 s
boost-array:arm64-osx package ABI: b5861f460d9500af3e79825c845ce748309ef00b07f8e9bd2cf1b52d9f3624bb
Completed submission of boost-conversion:arm64-osx@1.88.0 to 1 binary cache(s) in 17.7 ms
Installing 38/105 boost-range:arm64-osx@1.88.0...
Building boost-range:arm64-osx@1.88.0...
-- Using cached boostorg-range-boost-1.88.0.tar.gz
-- Cleaning sources at /Users/bytedance/workspace/cemu_android/dependencies/vcpkg/buildtrees/boost-range/src/ost-1.88.0-5653dbb6ea.clean. Use --editable to skip cleaning for the packages you specify.
-- Extracting source /Users/bytedance/workspace/cemu_android/dependencies/vcpkg/downloads/boostorg-range-boost-1.88.0.tar.gz
-- Using source at /Users/bytedance/workspace/cemu_android/dependencies/vcpkg/buildtrees/boost-range/src/ost-1.88.0-5653dbb6ea.clean
-- Configuring arm64-osx
-- Building arm64-osx-rel
-- Installing: /Users/bytedance/workspace/cemu_android/dependencies/vcpkg/packages/boost-range_arm64-osx/share/boost-range/copyright
-- Performing post-build validation
Starting submission of boost-range:arm64-osx@1.88.0 to 1 binary cache(s) in the background
Elapsed time to handle boost-range:arm64-osx: 2.4 s
boost-range:arm64-osx package ABI: d35e746866afd9a41e63eab9f117d09f4322cfda55ebbf22bb642930365f57da
Completed submission of boost-array:arm64-osx@1.88.0 to 1 binary cache(s) in 16.7 ms
Installing 39/105 boost-exception:arm64-osx@1.88.0...
Building boost-exception:arm64-osx@1.88.0...
-- Using cached boostorg-exception-boost-1.88.0.tar.gz
-- Cleaning sources at /Users/bytedance/workspace/cemu_android/dependencies/vcpkg/buildtrees/boost-exception/src/ost-1.88.0-18fd31ba7d.clean. Use --editable to skip cleaning for the packages you specify.
-- Extracting source /Users/bytedance/workspace/cemu_android/dependencies/vcpkg/downloads/boostorg-exception-boost-1.88.0.tar.gz
-- Using source at /Users/bytedance/workspace/cemu_android/dependencies/vcpkg/buildtrees/boost-exception/src/ost-1.88.0-18fd31ba7d.clean
-- Configuring arm64-osx
-- Building arm64-osx-rel
-- Installing: /Users/bytedance/workspace/cemu_android/dependencies/vcpkg/packages/boost-exception_arm64-osx/share/boost-exception/copyright
-- Performing post-build validation
Starting submission of boost-exception:arm64-osx@1.88.0 to 1 binary cache(s) in the background
Elapsed time to handle boost-exception:arm64-osx: 1.7 s
boost-exception:arm64-osx package ABI: 4a30e89f06fa876c5594a6d4cf6c2d2b30b28469cc0982db6212afb847e59327
Completed submission of boost-range:arm64-osx@1.88.0 to 1 binary cache(s) in 63.1 ms
Installing 40/105 boost-algorithm:arm64-osx@1.88.0...
Building boost-algorithm:arm64-osx@1.88.0...
-- Using cached boostorg-algorithm-boost-1.88.0.tar.gz
-- Cleaning sources at /Users/bytedance/workspace/cemu_android/dependencies/vcpkg/buildtrees/boost-algorithm/src/ost-1.88.0-2e7cb75cc7.clean. Use --editable to skip cleaning for the packages you specify.
-- Extracting source /Users/bytedance/workspace/cemu_android/dependencies/vcpkg/downloads/boostorg-algorithm-boost-1.88.0.tar.gz
-- Using source at /Users/bytedance/workspace/cemu_android/dependencies/vcpkg/buildtrees/boost-algorithm/src/ost-1.88.0-2e7cb75cc7.clean
-- Configuring arm64-osx
-- Building arm64-osx-rel
-- Installing: /Users/bytedance/workspace/cemu_android/dependencies/vcpkg/packages/boost-algorithm_arm64-osx/share/boost-algorithm/copyright
-- Performing post-build validation
Starting submission of boost-algorithm:arm64-osx@1.88.0 to 1 binary cache(s) in the background
Elapsed time to handle boost-algorithm:arm64-osx: 2 s
boost-algorithm:arm64-osx package ABI: a22e27796dc50967e5f658ba3fefb3e123c1498cec500d2b22a0d3fdc1d0525e
Completed submission of boost-exception:arm64-osx@1.88.0 to 1 binary cache(s) in 23.1 ms
Installing 41/105 boost-winapi:arm64-osx@1.88.0...
Building boost-winapi:arm64-osx@1.88.0...
-- Using cached boostorg-winapi-boost-1.88.0.tar.gz
-- Cleaning sources at /Users/bytedance/workspace/cemu_android/dependencies/vcpkg/buildtrees/boost-winapi/src/ost-1.88.0-c578dec75e.clean. Use --editable to skip cleaning for the packages you specify.
-- Extracting source /Users/bytedance/workspace/cemu_android/dependencies/vcpkg/downloads/boostorg-winapi-boost-1.88.0.tar.gz
-- Using source at /Users/bytedance/workspace/cemu_android/dependencies/vcpkg/buildtrees/boost-winapi/src/ost-1.88.0-c578dec75e.clean
-- Configuring arm64-osx
-- Building arm64-osx-rel
-- Installing: /Users/bytedance/workspace/cemu_android/dependencies/vcpkg/packages/boost-winapi_arm64-osx/share/boost-winapi/copyright
-- Performing post-build validation
Starting submission of boost-winapi:arm64-osx@1.88.0 to 1 binary cache(s) in the background
Elapsed time to handle boost-winapi:arm64-osx: 2.2 s
boost-winapi:arm64-osx package ABI: 0a6001439623279272b7edecc44597519ca15261b3b993e8bdf1be491f8de912
Completed submission of boost-algorithm:arm64-osx@1.88.0 to 1 binary cache(s) in 49.1 ms
Installing 42/105 boost-variant2:arm64-osx@1.88.0...
Building boost-variant2:arm64-osx@1.88.0...
-- Using cached boostorg-variant2-boost-1.88.0.tar.gz
-- Cleaning sources at /Users/bytedance/workspace/cemu_android/dependencies/vcpkg/buildtrees/boost-variant2/src/ost-1.88.0-d6fca4316f.clean. Use --editable to skip cleaning for the packages you specify.
-- Extracting source /Users/bytedance/workspace/cemu_android/dependencies/vcpkg/downloads/boostorg-variant2-boost-1.88.0.tar.gz
-- Using source at /Users/bytedance/workspace/cemu_android/dependencies/vcpkg/buildtrees/boost-variant2/src/ost-1.88.0-d6fca4316f.clean
-- Configuring arm64-osx
-- Building arm64-osx-rel
-- Installing: /Users/bytedance/workspace/cemu_android/dependencies/vcpkg/packages/boost-variant2_arm64-osx/share/boost-variant2/copyright
-- Performing post-build validation
Starting submission of boost-variant2:arm64-osx@1.88.0 to 1 binary cache(s) in the background
Elapsed time to handle boost-variant2:arm64-osx: 1.8 s
boost-variant2:arm64-osx package ABI: 1c5104802ad6eec9b2e2e3718ac7258ea35ff78151e6c05eb675d722dae33488
Completed submission of boost-winapi:arm64-osx@1.88.0 to 1 binary cache(s) in 52.7 ms
Installing 43/105 boost-system:arm64-osx@1.88.0...
Building boost-system:arm64-osx@1.88.0...
-- Using cached boostorg-system-boost-1.88.0.tar.gz
-- Cleaning sources at /Users/bytedance/workspace/cemu_android/dependencies/vcpkg/buildtrees/boost-system/src/ost-1.88.0-f53ce29d87.clean. Use --editable to skip cleaning for the packages you specify.
-- Extracting source /Users/bytedance/workspace/cemu_android/dependencies/vcpkg/downloads/boostorg-system-boost-1.88.0.tar.gz
-- Applying patch compat.diff
-- Using source at /Users/bytedance/workspace/cemu_android/dependencies/vcpkg/buildtrees/boost-system/src/ost-1.88.0-f53ce29d87.clean
-- Configuring arm64-osx
-- Building arm64-osx-dbg
-- Building arm64-osx-rel
-- Installing: /Users/bytedance/workspace/cemu_android/dependencies/vcpkg/packages/boost-system_arm64-osx/share/boost-system/copyright
-- Performing post-build validation
Starting submission of boost-system:arm64-osx@1.88.0 to 1 binary cache(s) in the background
Elapsed time to handle boost-system:arm64-osx: 2.8 s
boost-system:arm64-osx package ABI: b95ba8f0bb20a66c6fb33301aff856e87132bffe7173e0dbe0db1bdefb3d9ac9
Completed submission of boost-variant2:arm64-osx@1.88.0 to 1 binary cache(s) in 75.2 ms
Installing 44/105 boost-tokenizer:arm64-osx@1.88.0...
Building boost-tokenizer:arm64-osx@1.88.0...
-- Using cached boostorg-tokenizer-boost-1.88.0.tar.gz
-- Cleaning sources at /Users/bytedance/workspace/cemu_android/dependencies/vcpkg/buildtrees/boost-tokenizer/src/ost-1.88.0-2778161568.clean. Use --editable to skip cleaning for the packages you specify.
-- Extracting source /Users/bytedance/workspace/cemu_android/dependencies/vcpkg/downloads/boostorg-tokenizer-boost-1.88.0.tar.gz
-- Using source at /Users/bytedance/workspace/cemu_android/dependencies/vcpkg/buildtrees/boost-tokenizer/src/ost-1.88.0-2778161568.clean
-- Configuring arm64-osx
-- Building arm64-osx-rel
-- Installing: /Users/bytedance/workspace/cemu_android/dependencies/vcpkg/packages/boost-tokenizer_arm64-osx/share/boost-tokenizer/copyright
-- Performing post-build validation
Starting submission of boost-tokenizer:arm64-osx@1.88.0 to 1 binary cache(s) in the background
Elapsed time to handle boost-tokenizer:arm64-osx: 1.8 s
boost-tokenizer:arm64-osx package ABI: 255da58312cdc08aad7edee09b3897f877e8f537eeb8a9d8aa0a4f0e3b1dc08f
Completed submission of boost-system:arm64-osx@1.88.0 to 1 binary cache(s) in 29.7 ms
Installing 45/105 boost-numeric-conversion:arm64-osx@1.88.0...
Building boost-numeric-conversion:arm64-osx@1.88.0...
-- Using cached boostorg-numeric_conversion-boost-1.88.0.tar.gz
-- Cleaning sources at /Users/bytedance/workspace/cemu_android/dependencies/vcpkg/buildtrees/boost-numeric-conversion/src/ost-1.88.0-0973b8e81b.clean. Use --editable to skip cleaning for the packages you specify.
-- Extracting source /Users/bytedance/workspace/cemu_android/dependencies/vcpkg/downloads/boostorg-numeric_conversion-boost-1.88.0.tar.gz
-- Using source at /Users/bytedance/workspace/cemu_android/dependencies/vcpkg/buildtrees/boost-numeric-conversion/src/ost-1.88.0-0973b8e81b.clean
-- Configuring arm64-osx
-- Building arm64-osx-rel
-- Installing: /Users/bytedance/workspace/cemu_android/dependencies/vcpkg/packages/boost-numeric-conversion_arm64-osx/share/boost-numeric-conversion/copyright
-- Performing post-build validation
Starting submission of boost-numeric-conversion:arm64-osx@1.88.0 to 1 binary cache(s) in the background
Elapsed time to handle boost-numeric-conversion:arm64-osx: 1.8 s
boost-numeric-conversion:arm64-osx package ABI: 667ad717181be526b055a9317a14b7e0ffb7ce04a63a5ba7f716728d3a74594a
Completed submission of boost-tokenizer:arm64-osx@1.88.0 to 1 binary cache(s) in 17.6 ms
Installing 46/105 boost-move:arm64-osx@1.88.0...
Building boost-move:arm64-osx@1.88.0...
-- Using cached boostorg-move-boost-1.88.0.tar.gz
-- Cleaning sources at /Users/bytedance/workspace/cemu_android/dependencies/vcpkg/buildtrees/boost-move/src/ost-1.88.0-d6f7db8579.clean. Use --editable to skip cleaning for the packages you specify.
-- Extracting source /Users/bytedance/workspace/cemu_android/dependencies/vcpkg/downloads/boostorg-move-boost-1.88.0.tar.gz
-- Using source at /Users/bytedance/workspace/cemu_android/dependencies/vcpkg/buildtrees/boost-move/src/ost-1.88.0-d6f7db8579.clean
-- Configuring arm64-osx
-- Building arm64-osx-rel
-- Installing: /Users/bytedance/workspace/cemu_android/dependencies/vcpkg/packages/boost-move_arm64-osx/share/boost-move/copyright
-- Performing post-build validation
Starting submission of boost-move:arm64-osx@1.88.0 to 1 binary cache(s) in the background
Elapsed time to handle boost-move:arm64-osx: 1.8 s
boost-move:arm64-osx package ABI: e09d9acf265d170039b88740f30aa0226f50365392bf11047930bab59de1eadc
Completed submission of boost-numeric-conversion:arm64-osx@1.88.0 to 1 binary cache(s) in 23 ms
Installing 47/105 boost-intrusive:arm64-osx@1.88.0...
Building boost-intrusive:arm64-osx@1.88.0...
-- Using cached boostorg-intrusive-boost-1.88.0.tar.gz
-- Cleaning sources at /Users/bytedance/workspace/cemu_android/dependencies/vcpkg/buildtrees/boost-intrusive/src/ost-1.88.0-2b4f794aaf.clean. Use --editable to skip cleaning for the packages you specify.
-- Extracting source /Users/bytedance/workspace/cemu_android/dependencies/vcpkg/downloads/boostorg-intrusive-boost-1.88.0.tar.gz
-- Using source at /Users/bytedance/workspace/cemu_android/dependencies/vcpkg/buildtrees/boost-intrusive/src/ost-1.88.0-2b4f794aaf.clean
-- Configuring arm64-osx
-- Building arm64-osx-rel
-- Installing: /Users/bytedance/workspace/cemu_android/dependencies/vcpkg/packages/boost-intrusive_arm64-osx/share/boost-intrusive/copyright
-- Performing post-build validation
Starting submission of boost-intrusive:arm64-osx@1.88.0 to 1 binary cache(s) in the background
Elapsed time to handle boost-intrusive:arm64-osx: 2.1 s
boost-intrusive:arm64-osx package ABI: 95306887ef44864d3e8ac6076ec01d38a0d5bb7e6012b80b539b711b4ae98637
Completed submission of boost-move:arm64-osx@1.88.0 to 1 binary cache(s) in 35.6 ms
Installing 48/105 boost-container:arm64-osx@1.88.0...
Building boost-container:arm64-osx@1.88.0...
-- Using cached boostorg-container-boost-1.88.0.tar.gz
-- Cleaning sources at /Users/bytedance/workspace/cemu_android/dependencies/vcpkg/buildtrees/boost-container/src/ost-1.88.0-ff96641865.clean. Use --editable to skip cleaning for the packages you specify.
-- Extracting source /Users/bytedance/workspace/cemu_android/dependencies/vcpkg/downloads/boostorg-container-boost-1.88.0.tar.gz
-- Applying patch posix-threads.diff
-- Using source at /Users/bytedance/workspace/cemu_android/dependencies/vcpkg/buildtrees/boost-container/src/ost-1.88.0-ff96641865.clean
-- Configuring arm64-osx
-- Building arm64-osx-dbg
-- Building arm64-osx-rel
-- Installing: /Users/bytedance/workspace/cemu_android/dependencies/vcpkg/packages/boost-container_arm64-osx/share/boost-container/copyright
-- Performing post-build validation
Starting submission of boost-container:arm64-osx@1.88.0 to 1 binary cache(s) in the background
Elapsed time to handle boost-container:arm64-osx: 3.6 s
boost-container:arm64-osx package ABI: b7f58bff136b8d6bcdfea901b192f2aef39519996cc0311be3bec915bcfd57fb
Completed submission of boost-intrusive:arm64-osx@1.88.0 to 1 binary cache(s) in 59.3 ms
Installing 49/105 boost-lexical-cast:arm64-osx@1.88.0...
Building boost-lexical-cast:arm64-osx@1.88.0...
-- Using cached boostorg-lexical_cast-boost-1.88.0.tar.gz
-- Cleaning sources at /Users/bytedance/workspace/cemu_android/dependencies/vcpkg/buildtrees/boost-lexical-cast/src/ost-1.88.0-d2336c6fb5.clean. Use --editable to skip cleaning for the packages you specify.
-- Extracting source /Users/bytedance/workspace/cemu_android/dependencies/vcpkg/downloads/boostorg-lexical_cast-boost-1.88.0.tar.gz
-- Using source at /Users/bytedance/workspace/cemu_android/dependencies/vcpkg/buildtrees/boost-lexical-cast/src/ost-1.88.0-d2336c6fb5.clean
-- Configuring arm64-osx
-- Building arm64-osx-rel
-- Installing: /Users/bytedance/workspace/cemu_android/dependencies/vcpkg/packages/boost-lexical-cast_arm64-osx/share/boost-lexical-cast/copyright
-- Performing post-build validation
Starting submission of boost-lexical-cast:arm64-osx@1.88.0 to 1 binary cache(s) in the background
Elapsed time to handle boost-lexical-cast:arm64-osx: 2.1 s
boost-lexical-cast:arm64-osx package ABI: 1a940ca5b8c9b805c69d07719ae549830dc0b3410a152ea69a5508c21dc97e89
Completed submission of boost-container:arm64-osx@1.88.0 to 1 binary cache(s) in 86.3 ms
Installing 50/105 boost-date-time:arm64-osx@1.88.0...
Building boost-date-time:arm64-osx@1.88.0...
-- Using cached boostorg-date_time-boost-1.88.0.tar.gz
-- Cleaning sources at /Users/bytedance/workspace/cemu_android/dependencies/vcpkg/buildtrees/boost-date-time/src/ost-1.88.0-7b3bfadd76.clean. Use --editable to skip cleaning for the packages you specify.
-- Extracting source /Users/bytedance/workspace/cemu_android/dependencies/vcpkg/downloads/boostorg-date_time-boost-1.88.0.tar.gz
-- Using source at /Users/bytedance/workspace/cemu_android/dependencies/vcpkg/buildtrees/boost-date-time/src/ost-1.88.0-7b3bfadd76.clean
-- Configuring arm64-osx
-- Building arm64-osx-dbg
-- Building arm64-osx-rel
-- Installing: /Users/bytedance/workspace/cemu_android/dependencies/vcpkg/packages/boost-date-time_arm64-osx/share/boost-date-time/copyright
-- Performing post-build validation
Starting submission of boost-date-time:arm64-osx@1.88.0 to 1 binary cache(s) in the background
Elapsed time to handle boost-date-time:arm64-osx: 2.8 s
boost-date-time:arm64-osx package ABI: a27d1b5fcd2c32f917e9de040089afc3792794781a0470e8cf09c120d822e347
Completed submission of boost-lexical-cast:arm64-osx@1.88.0 to 1 binary cache(s) in 19.8 ms
Installing 51/105 boost-pool:arm64-osx@1.88.0...
Building boost-pool:arm64-osx@1.88.0...
-- Using cached boostorg-pool-boost-1.88.0.tar.gz
-- Cleaning sources at /Users/bytedance/workspace/cemu_android/dependencies/vcpkg/buildtrees/boost-pool/src/ost-1.88.0-5369ec1359.clean. Use --editable to skip cleaning for the packages you specify.
-- Extracting source /Users/bytedance/workspace/cemu_android/dependencies/vcpkg/downloads/boostorg-pool-boost-1.88.0.tar.gz
-- Using source at /Users/bytedance/workspace/cemu_android/dependencies/vcpkg/buildtrees/boost-pool/src/ost-1.88.0-5369ec1359.clean
-- Configuring arm64-osx
-- Building arm64-osx-rel
-- Installing: /Users/bytedance/workspace/cemu_android/dependencies/vcpkg/packages/boost-pool_arm64-osx/share/boost-pool/copyright
-- Performing post-build validation
Starting submission of boost-pool:arm64-osx@1.88.0 to 1 binary cache(s) in the background
Elapsed time to handle boost-pool:arm64-osx: 2.3 s
boost-pool:arm64-osx package ABI: fa551f9eaadd6c52a7206be43be26ae136f7a1db03d87fd094a03908792e7f96
Completed submission of boost-date-time:arm64-osx@1.88.0 to 1 binary cache(s) in 50.2 ms
Installing 52/105 boost-context:arm64-osx@1.88.0...
Building boost-context:arm64-osx@1.88.0...
-- Using cached boostorg-context-boost-1.88.0.tar.gz
-- Cleaning sources at /Users/bytedance/workspace/cemu_android/dependencies/vcpkg/buildtrees/boost-context/src/ost-1.88.0-ec1a1b465e.clean. Use --editable to skip cleaning for the packages you specify.
-- Extracting source /Users/bytedance/workspace/cemu_android/dependencies/vcpkg/downloads/boostorg-context-boost-1.88.0.tar.gz
-- Applying patch marmasm.patch
-- Using source at /Users/bytedance/workspace/cemu_android/dependencies/vcpkg/buildtrees/boost-context/src/ost-1.88.0-ec1a1b465e.clean
-- Configuring arm64-osx
-- Building arm64-osx-dbg
-- Building arm64-osx-rel
-- Installing: /Users/bytedance/workspace/cemu_android/dependencies/vcpkg/packages/boost-context_arm64-osx/share/boost-context/copyright
-- Performing post-build validation
Starting submission of boost-context:arm64-osx@1.88.0 to 1 binary cache(s) in the background
Elapsed time to handle boost-context:arm64-osx: 3.5 s
boost-context:arm64-osx package ABI: f486cd734028097eaa689ae321b090e1e933ee9b459a634c2bed9f28d1a5e46c
Completed submission of boost-pool:arm64-osx@1.88.0 to 1 binary cache(s) in 21.7 ms
Installing 53/105 boost-align:arm64-osx@1.88.0...
Building boost-align:arm64-osx@1.88.0...
-- Using cached boostorg-align-boost-1.88.0.tar.gz
-- Cleaning sources at /Users/bytedance/workspace/cemu_android/dependencies/vcpkg/buildtrees/boost-align/src/ost-1.88.0-8fde060681.clean. Use --editable to skip cleaning for the packages you specify.
-- Extracting source /Users/bytedance/workspace/cemu_android/dependencies/vcpkg/downloads/boostorg-align-boost-1.88.0.tar.gz
-- Using source at /Users/bytedance/workspace/cemu_android/dependencies/vcpkg/buildtrees/boost-align/src/ost-1.88.0-8fde060681.clean
-- Configuring arm64-osx
-- Building arm64-osx-rel
-- Installing: /Users/bytedance/workspace/cemu_android/dependencies/vcpkg/packages/boost-align_arm64-osx/share/boost-align/copyright
-- Performing post-build validation
Starting submission of boost-align:arm64-osx@1.88.0 to 1 binary cache(s) in the background
Elapsed time to handle boost-align:arm64-osx: 2.3 s
boost-align:arm64-osx package ABI: 3c94abeb41670f9d952a8b9ca6251dd492faef90d1b79efbdf296332563e4848
Completed submission of boost-context:arm64-osx@1.88.0 to 1 binary cache(s) in 122 ms
Installing 54/105 boost-asio:arm64-osx@1.88.0...
Building boost-asio:arm64-osx@1.88.0...
-- Using cached boostorg-asio-boost-1.88.0.tar.gz
-- Cleaning sources at /Users/bytedance/workspace/cemu_android/dependencies/vcpkg/buildtrees/boost-asio/src/ost-1.88.0-72a6ff0ea7.clean. Use --editable to skip cleaning for the packages you specify.
-- Extracting source /Users/bytedance/workspace/cemu_android/dependencies/vcpkg/downloads/boostorg-asio-boost-1.88.0.tar.gz
-- Applying patch opt-dep.diff
-- Using source at /Users/bytedance/workspace/cemu_android/dependencies/vcpkg/buildtrees/boost-asio/src/ost-1.88.0-72a6ff0ea7.clean
-- Configuring arm64-osx
-- Building arm64-osx-rel
-- Installing: /Users/bytedance/workspace/cemu_android/dependencies/vcpkg/packages/boost-asio_arm64-osx/share/boost-asio/copyright
-- Performing post-build validation
Starting submission of boost-asio:arm64-osx@1.88.0 to 1 binary cache(s) in the background
Elapsed time to handle boost-asio:arm64-osx: 3.2 s
boost-asio:arm64-osx package ABI: 82398a1e9543e1fa42fa0727fb3337dec18eeb17a22104eb8ce040bc732cae4e
Completed submission of boost-align:arm64-osx@1.88.0 to 1 binary cache(s) in 30.9 ms
Installing 55/105 boost-scope:arm64-osx@1.88.0...
Building boost-scope:arm64-osx@1.88.0...
-- Using cached boostorg-scope-boost-1.88.0.tar.gz
-- Cleaning sources at /Users/bytedance/workspace/cemu_android/dependencies/vcpkg/buildtrees/boost-scope/src/ost-1.88.0-1b9399ecf0.clean. Use --editable to skip cleaning for the packages you specify.
-- Extracting source /Users/bytedance/workspace/cemu_android/dependencies/vcpkg/downloads/boostorg-scope-boost-1.88.0.tar.gz
-- Using source at /Users/bytedance/workspace/cemu_android/dependencies/vcpkg/buildtrees/boost-scope/src/ost-1.88.0-1b9399ecf0.clean
-- Configuring arm64-osx
-- Building arm64-osx-rel
-- Installing: /Users/bytedance/workspace/cemu_android/dependencies/vcpkg/packages/boost-scope_arm64-osx/share/boost-scope/copyright
-- Performing post-build validation
Starting submission of boost-scope:arm64-osx@1.88.0 to 1 binary cache(s) in the background
Elapsed time to handle boost-scope:arm64-osx: 1.8 s
boost-scope:arm64-osx package ABI: a8358f8e8641e0fc60aee9c32ad473c90828120a9dfd8c855ed58687a55235d7
Completed submission of boost-asio:arm64-osx@1.88.0 to 1 binary cache(s) in 230 ms
Installing 56/105 boost-atomic:arm64-osx@1.88.0...
Building boost-atomic:arm64-osx@1.88.0...
-- Using cached boostorg-atomic-boost-1.88.0.tar.gz
-- Cleaning sources at /Users/bytedance/workspace/cemu_android/dependencies/vcpkg/buildtrees/boost-atomic/src/ost-1.88.0-85e5e1b06b.clean. Use --editable to skip cleaning for the packages you specify.
-- Extracting source /Users/bytedance/workspace/cemu_android/dependencies/vcpkg/downloads/boostorg-atomic-boost-1.88.0.tar.gz
-- Applying patch fix-include.patch
-- Using source at /Users/bytedance/workspace/cemu_android/dependencies/vcpkg/buildtrees/boost-atomic/src/ost-1.88.0-85e5e1b06b.clean
-- Configuring arm64-osx
-- Building arm64-osx-dbg
-- Building arm64-osx-rel
-- Installing: /Users/bytedance/workspace/cemu_android/dependencies/vcpkg/packages/boost-atomic_arm64-osx/share/boost-atomic/copyright
-- Performing post-build validation
Starting submission of boost-atomic:arm64-osx@1.88.0 to 1 binary cache(s) in the background
Elapsed time to handle boost-atomic:arm64-osx: 3.6 s
boost-atomic:arm64-osx package ABI: 1205ea2ba79630c83be6a4a0eca082b336fdc6ea3bd180d7fc7e88ae920c1f5d
Completed submission of boost-scope:arm64-osx@1.88.0 to 1 binary cache(s) in 25.6 ms
Installing 57/105 boost-filesystem:arm64-osx@1.88.0...
Building boost-filesystem:arm64-osx@1.88.0...
-- Using cached boostorg-filesystem-boost-1.88.0.tar.gz
-- Cleaning sources at /Users/bytedance/workspace/cemu_android/dependencies/vcpkg/buildtrees/boost-filesystem/src/ost-1.88.0-941b06f73c.clean. Use --editable to skip cleaning for the packages you specify.
-- Extracting source /Users/bytedance/workspace/cemu_android/dependencies/vcpkg/downloads/boostorg-filesystem-boost-1.88.0.tar.gz
-- Using source at /Users/bytedance/workspace/cemu_android/dependencies/vcpkg/buildtrees/boost-filesystem/src/ost-1.88.0-941b06f73c.clean
-- Configuring arm64-osx
-- Building arm64-osx-dbg
-- Building arm64-osx-rel
-- Installing: /Users/bytedance/workspace/cemu_android/dependencies/vcpkg/packages/boost-filesystem_arm64-osx/share/boost-filesystem/copyright
-- Performing post-build validation
Starting submission of boost-filesystem:arm64-osx@1.88.0 to 1 binary cache(s) in the background
Elapsed time to handle boost-filesystem:arm64-osx: 5.3 s
boost-filesystem:arm64-osx package ABI: 7302cb526804dc7a9604d4f0c7e1c018daa4aabcc9b3b40638fc4878c29d60d2
Completed submission of boost-atomic:arm64-osx@1.88.0 to 1 binary cache(s) in 66.9 ms
Installing 58/105 boost-nowide:arm64-osx@1.88.0...
Building boost-nowide:arm64-osx@1.88.0...
-- Using cached boostorg-nowide-boost-1.88.0.tar.gz
-- Cleaning sources at /Users/bytedance/workspace/cemu_android/dependencies/vcpkg/buildtrees/boost-nowide/src/ost-1.88.0-4814a73442.clean. Use --editable to skip cleaning for the packages you specify.
-- Extracting source /Users/bytedance/workspace/cemu_android/dependencies/vcpkg/downloads/boostorg-nowide-boost-1.88.0.tar.gz
-- Using source at /Users/bytedance/workspace/cemu_android/dependencies/vcpkg/buildtrees/boost-nowide/src/ost-1.88.0-4814a73442.clean
-- Configuring arm64-osx
-- Building arm64-osx-dbg
-- Building arm64-osx-rel
-- Installing: /Users/bytedance/workspace/cemu_android/dependencies/vcpkg/packages/boost-nowide_arm64-osx/share/boost-nowide/copyright
-- Performing post-build validation
Starting submission of boost-nowide:arm64-osx@1.88.0 to 1 binary cache(s) in the background
Elapsed time to handle boost-nowide:arm64-osx: 2.9 s
boost-nowide:arm64-osx package ABI: 2ec1b5b54ed5c8650cc1615226a42f0dd6d636ad231e716bc2718dcb7c9f35cb
Completed submission of boost-filesystem:arm64-osx@1.88.0 to 1 binary cache(s) in 80 ms
Installing 59/105 boost-type-index:arm64-osx@1.88.0...
Building boost-type-index:arm64-osx@1.88.0...
-- Using cached boostorg-type_index-boost-1.88.0.tar.gz
-- Cleaning sources at /Users/bytedance/workspace/cemu_android/dependencies/vcpkg/buildtrees/boost-type-index/src/ost-1.88.0-1ee8827b7b.clean. Use --editable to skip cleaning for the packages you specify.
-- Extracting source /Users/bytedance/workspace/cemu_android/dependencies/vcpkg/downloads/boostorg-type_index-boost-1.88.0.tar.gz
-- Using source at /Users/bytedance/workspace/cemu_android/dependencies/vcpkg/buildtrees/boost-type-index/src/ost-1.88.0-1ee8827b7b.clean
-- Configuring arm64-osx
-- Building arm64-osx-rel
-- Installing: /Users/bytedance/workspace/cemu_android/dependencies/vcpkg/packages/boost-type-index_arm64-osx/share/boost-type-index/copyright
-- Performing post-build validation
Starting submission of boost-type-index:arm64-osx@1.88.0 to 1 binary cache(s) in the background
Elapsed time to handle boost-type-index:arm64-osx: 2 s
boost-type-index:arm64-osx package ABI: 5e6217232c3dbe5eabf8ac601fa97eec21e49cd7ede809151432c7de045085ec
Completed submission of boost-nowide:arm64-osx@1.88.0 to 1 binary cache(s) in 31.1 ms
Installing 60/105 boost-any:arm64-osx@1.88.0...
Building boost-any:arm64-osx@1.88.0...
-- Using cached boostorg-any-boost-1.88.0.tar.gz
-- Cleaning sources at /Users/bytedance/workspace/cemu_android/dependencies/vcpkg/buildtrees/boost-any/src/ost-1.88.0-2347ea3720.clean. Use --editable to skip cleaning for the packages you specify.
-- Extracting source /Users/bytedance/workspace/cemu_android/dependencies/vcpkg/downloads/boostorg-any-boost-1.88.0.tar.gz
-- Using source at /Users/bytedance/workspace/cemu_android/dependencies/vcpkg/buildtrees/boost-any/src/ost-1.88.0-2347ea3720.clean
-- Configuring arm64-osx
-- Building arm64-osx-rel
-- Installing: /Users/bytedance/workspace/cemu_android/dependencies/vcpkg/packages/boost-any_arm64-osx/share/boost-any/copyright
-- Performing post-build validation
Starting submission of boost-any:arm64-osx@1.88.0 to 1 binary cache(s) in the background
Elapsed time to handle boost-any:arm64-osx: 1.9 s
boost-any:arm64-osx package ABI: 0f4f97a96b2b7eaf65e19176284677dec5d03dce9c0d83a7e22bf76454467a5d
Completed submission of boost-type-index:arm64-osx@1.88.0 to 1 binary cache(s) in 17.8 ms
Installing 61/105 boost-program-options:arm64-osx@1.88.0...
Building boost-program-options:arm64-osx@1.88.0...
-- Using cached boostorg-program_options-boost-1.88.0.tar.gz
-- Cleaning sources at /Users/bytedance/workspace/cemu_android/dependencies/vcpkg/buildtrees/boost-program-options/src/ost-1.88.0-2d907932eb.clean. Use --editable to skip cleaning for the packages you specify.
-- Extracting source /Users/bytedance/workspace/cemu_android/dependencies/vcpkg/downloads/boostorg-program_options-boost-1.88.0.tar.gz
-- Using source at /Users/bytedance/workspace/cemu_android/dependencies/vcpkg/buildtrees/boost-program-options/src/ost-1.88.0-2d907932eb.clean
-- Configuring arm64-osx
-- Building arm64-osx-dbg
-- Building arm64-osx-rel
-- Installing: /Users/bytedance/workspace/cemu_android/dependencies/vcpkg/packages/boost-program-options_arm64-osx/share/boost-program-options/copyright
-- Performing post-build validation
Starting submission of boost-program-options:arm64-osx@1.88.0 to 1 binary cache(s) in the background
Elapsed time to handle boost-program-options:arm64-osx: 4.1 s
boost-program-options:arm64-osx package ABI: 39b3fb54a81b5d965e6bfd67f84f2f9740af7e04aeba0f9f33d45099683c7630
Completed submission of boost-any:arm64-osx@1.88.0 to 1 binary cache(s) in 17.1 ms
Installing 62/105 boost-variant:arm64-osx@1.88.0...
Building boost-variant:arm64-osx@1.88.0...
-- Using cached boostorg-variant-boost-1.88.0.tar.gz
-- Cleaning sources at /Users/bytedance/workspace/cemu_android/dependencies/vcpkg/buildtrees/boost-variant/src/ost-1.88.0-bccd457088.clean. Use --editable to skip cleaning for the packages you specify.
-- Extracting source /Users/bytedance/workspace/cemu_android/dependencies/vcpkg/downloads/boostorg-variant-boost-1.88.0.tar.gz
-- Using source at /Users/bytedance/workspace/cemu_android/dependencies/vcpkg/buildtrees/boost-variant/src/ost-1.88.0-bccd457088.clean
-- Configuring arm64-osx
-- Building arm64-osx-rel
-- Installing: /Users/bytedance/workspace/cemu_android/dependencies/vcpkg/packages/boost-variant_arm64-osx/share/boost-variant/copyright
-- Performing post-build validation
Starting submission of boost-variant:arm64-osx@1.88.0 to 1 binary cache(s) in the background
Elapsed time to handle boost-variant:arm64-osx: 1.9 s
boost-variant:arm64-osx package ABI: 05255d3ac5c17f90fb943e8a83378df9dd344b13b0629b947853d99470ffd75c
Completed submission of boost-program-options:arm64-osx@1.88.0 to 1 binary cache(s) in 180 ms
Installing 63/105 boost-ratio:arm64-osx@1.88.0...
Building boost-ratio:arm64-osx@1.88.0...
-- Using cached boostorg-ratio-boost-1.88.0.tar.gz
-- Cleaning sources at /Users/bytedance/workspace/cemu_android/dependencies/vcpkg/buildtrees/boost-ratio/src/ost-1.88.0-1b2fdeff18.clean. Use --editable to skip cleaning for the packages you specify.
-- Extracting source /Users/bytedance/workspace/cemu_android/dependencies/vcpkg/downloads/boostorg-ratio-boost-1.88.0.tar.gz
-- Using source at /Users/bytedance/workspace/cemu_android/dependencies/vcpkg/buildtrees/boost-ratio/src/ost-1.88.0-1b2fdeff18.clean
-- Configuring arm64-osx
-- Building arm64-osx-rel
-- Installing: /Users/bytedance/workspace/cemu_android/dependencies/vcpkg/packages/boost-ratio_arm64-osx/share/boost-ratio/copyright
-- Performing post-build validation
Starting submission of boost-ratio:arm64-osx@1.88.0 to 1 binary cache(s) in the background
Elapsed time to handle boost-ratio:arm64-osx: 1.7 s
boost-ratio:arm64-osx package ABI: 96e7ac5d0e8e0ff3500d68cff78ba289b627c208e85156b87c9dd8c814f07084
Completed submission of boost-variant:arm64-osx@1.88.0 to 1 binary cache(s) in 28.1 ms
Installing 64/105 boost-chrono:arm64-osx@1.88.0...
Building boost-chrono:arm64-osx@1.88.0...
-- Using cached boostorg-chrono-boost-1.88.0.tar.gz
-- Cleaning sources at /Users/bytedance/workspace/cemu_android/dependencies/vcpkg/buildtrees/boost-chrono/src/ost-1.88.0-826f0052a6.clean. Use --editable to skip cleaning for the packages you specify.
-- Extracting source /Users/bytedance/workspace/cemu_android/dependencies/vcpkg/downloads/boostorg-chrono-boost-1.88.0.tar.gz
-- Using source at /Users/bytedance/workspace/cemu_android/dependencies/vcpkg/buildtrees/boost-chrono/src/ost-1.88.0-826f0052a6.clean
-- Configuring arm64-osx
-- Building arm64-osx-dbg
-- Building arm64-osx-rel
-- Installing: /Users/bytedance/workspace/cemu_android/dependencies/vcpkg/packages/boost-chrono_arm64-osx/share/boost-chrono/copyright
-- Performing post-build validation
Starting submission of boost-chrono:arm64-osx@1.88.0 to 1 binary cache(s) in the background
Elapsed time to handle boost-chrono:arm64-osx: 3.6 s
boost-chrono:arm64-osx package ABI: 9726dcebcf9d0333a604ea2c3a79f7961987d47e12fded370f5c5f7872cc4036
Completed submission of boost-ratio:arm64-osx@1.88.0 to 1 binary cache(s) in 16.1 ms
Installing 65/105 boost-thread:arm64-osx@1.88.0...
Building boost-thread:arm64-osx@1.88.0...
-- Using cached boostorg-thread-boost-1.88.0.tar.gz
-- Cleaning sources at /Users/bytedance/workspace/cemu_android/dependencies/vcpkg/buildtrees/boost-thread/src/ost-1.88.0-be0a07fbcb.clean. Use --editable to skip cleaning for the packages you specify.
-- Extracting source /Users/bytedance/workspace/cemu_android/dependencies/vcpkg/downloads/boostorg-thread-boost-1.88.0.tar.gz
-- Using source at /Users/bytedance/workspace/cemu_android/dependencies/vcpkg/buildtrees/boost-thread/src/ost-1.88.0-be0a07fbcb.clean
-- Configuring arm64-osx
-- Building arm64-osx-dbg
-- Building arm64-osx-rel
-- Installing: /Users/bytedance/workspace/cemu_android/dependencies/vcpkg/packages/boost-thread_arm64-osx/share/boost-thread/copyright
-- Performing post-build validation
Starting submission of boost-thread:arm64-osx@1.88.0 to 1 binary cache(s) in the background
Elapsed time to handle boost-thread:arm64-osx: 4.4 s
boost-thread:arm64-osx package ABI: 1a74236dcf4dd267d65f7de1be8deebc03e46c09d1d96f01b2d1327621355da7
Completed submission of boost-chrono:arm64-osx@1.88.0 to 1 binary cache(s) in 50.6 ms
Installing 66/105 boost-proto:arm64-osx@1.88.0...
Building boost-proto:arm64-osx@1.88.0...
-- Using cached boostorg-proto-boost-1.88.0.tar.gz
-- Cleaning sources at /Users/bytedance/workspace/cemu_android/dependencies/vcpkg/buildtrees/boost-proto/src/ost-1.88.0-de14891009.clean. Use --editable to skip cleaning for the packages you specify.
-- Extracting source /Users/bytedance/workspace/cemu_android/dependencies/vcpkg/downloads/boostorg-proto-boost-1.88.0.tar.gz
-- Using source at /Users/bytedance/workspace/cemu_android/dependencies/vcpkg/buildtrees/boost-proto/src/ost-1.88.0-de14891009.clean
-- Configuring arm64-osx
-- Building arm64-osx-rel
-- Installing: /Users/bytedance/workspace/cemu_android/dependencies/vcpkg/packages/boost-proto_arm64-osx/share/boost-proto/copyright
-- Performing post-build validation
Starting submission of boost-proto:arm64-osx@1.88.0 to 1 binary cache(s) in the background
Elapsed time to handle boost-proto:arm64-osx: 1.9 s
boost-proto:arm64-osx package ABI: b645adeb0f072e427028b15c5ddb204e15f4477f394d2b1aa5c6a0bffacd5ac4
Completed submission of boost-thread:arm64-osx@1.88.0 to 1 binary cache(s) in 98.6 ms
Installing 67/105 boost-phoenix:arm64-osx@1.88.0...
Building boost-phoenix:arm64-osx@1.88.0...
-- Using cached boostorg-phoenix-boost-1.88.0.tar.gz
-- Cleaning sources at /Users/bytedance/workspace/cemu_android/dependencies/vcpkg/buildtrees/boost-phoenix/src/ost-1.88.0-4252880699.clean. Use --editable to skip cleaning for the packages you specify.
-- Extracting source /Users/bytedance/workspace/cemu_android/dependencies/vcpkg/downloads/boostorg-phoenix-boost-1.88.0.tar.gz
-- Using source at /Users/bytedance/workspace/cemu_android/dependencies/vcpkg/buildtrees/boost-phoenix/src/ost-1.88.0-4252880699.clean
-- Configuring arm64-osx
-- Building arm64-osx-rel
-- Installing: /Users/bytedance/workspace/cemu_android/dependencies/vcpkg/packages/boost-phoenix_arm64-osx/share/boost-phoenix/copyright
-- Performing post-build validation
Starting submission of boost-phoenix:arm64-osx@1.88.0 to 1 binary cache(s) in the background
Elapsed time to handle boost-phoenix:arm64-osx: 2.6 s
boost-phoenix:arm64-osx package ABI: 975c99742b7af8bc7cdcb7406045a63b808712825a2947fdb591839f9f426164
Completed submission of boost-proto:arm64-osx@1.88.0 to 1 binary cache(s) in 68 ms
Installing 68/105 boost-endian:arm64-osx@1.88.0...
Building boost-endian:arm64-osx@1.88.0...
-- Using cached boostorg-endian-boost-1.88.0.tar.gz
-- Cleaning sources at /Users/bytedance/workspace/cemu_android/dependencies/vcpkg/buildtrees/boost-endian/src/ost-1.88.0-0d2c52168c.clean. Use --editable to skip cleaning for the packages you specify.
-- Extracting source /Users/bytedance/workspace/cemu_android/dependencies/vcpkg/downloads/boostorg-endian-boost-1.88.0.tar.gz
-- Using source at /Users/bytedance/workspace/cemu_android/dependencies/vcpkg/buildtrees/boost-endian/src/ost-1.88.0-0d2c52168c.clean
-- Configuring arm64-osx
-- Building arm64-osx-rel
-- Installing: /Users/bytedance/workspace/cemu_android/dependencies/vcpkg/packages/boost-endian_arm64-osx/share/boost-endian/copyright
-- Performing post-build validation
Starting submission of boost-endian:arm64-osx@1.88.0 to 1 binary cache(s) in the background
Elapsed time to handle boost-endian:arm64-osx: 2.5 s
boost-endian:arm64-osx package ABI: e57b6385c5d0af8c4124dd402c307743c6844591cd0150817bd881cabadf90db
Completed submission of boost-phoenix:arm64-osx@1.88.0 to 1 binary cache(s) in 193 ms
Installing 69/105 boost-spirit:arm64-osx@1.88.0...
Building boost-spirit:arm64-osx@1.88.0...
-- Using cached boostorg-spirit-boost-1.88.0.tar.gz
-- Cleaning sources at /Users/bytedance/workspace/cemu_android/dependencies/vcpkg/buildtrees/boost-spirit/src/ost-1.88.0-b972592977.clean. Use --editable to skip cleaning for the packages you specify.
-- Extracting source /Users/bytedance/workspace/cemu_android/dependencies/vcpkg/downloads/boostorg-spirit-boost-1.88.0.tar.gz
-- Using source at /Users/bytedance/workspace/cemu_android/dependencies/vcpkg/buildtrees/boost-spirit/src/ost-1.88.0-b972592977.clean
-- Configuring arm64-osx
-- Building arm64-osx-rel
-- Installing: /Users/bytedance/workspace/cemu_android/dependencies/vcpkg/packages/boost-spirit_arm64-osx/share/boost-spirit/copyright
-- Performing post-build validation
Starting submission of boost-spirit:arm64-osx@1.88.0 to 1 binary cache(s) in the background
Elapsed time to handle boost-spirit:arm64-osx: 4 s
boost-spirit:arm64-osx package ABI: c59d35af9ddc66434cb1c90587bef219daef851617151e4c055a6c29881335b6
Completed submission of boost-endian:arm64-osx@1.88.0 to 1 binary cache(s) in 19.5 ms
Installing 70/105 boost-serialization:arm64-osx@1.88.0...
Building boost-serialization:arm64-osx@1.88.0...
-- Using cached boostorg-serialization-boost-1.88.0.tar.gz
-- Cleaning sources at /Users/bytedance/workspace/cemu_android/dependencies/vcpkg/buildtrees/boost-serialization/src/ost-1.88.0-f3be059345.clean. Use --editable to skip cleaning for the packages you specify.
-- Extracting source /Users/bytedance/workspace/cemu_android/dependencies/vcpkg/downloads/boostorg-serialization-boost-1.88.0.tar.gz
-- Using source at /Users/bytedance/workspace/cemu_android/dependencies/vcpkg/buildtrees/boost-serialization/src/ost-1.88.0-f3be059345.clean
-- Configuring arm64-osx
-- Building arm64-osx-dbg
-- Building arm64-osx-rel
-- Installing: /Users/bytedance/workspace/cemu_android/dependencies/vcpkg/packages/boost-serialization_arm64-osx/share/boost-serialization/copyright
-- Performing post-build validation
Starting submission of boost-serialization:arm64-osx@1.88.0 to 1 binary cache(s) in the background
Elapsed time to handle boost-serialization:arm64-osx: 8 s
boost-serialization:arm64-osx package ABI: e07bfeb6f052c9c4293ece70eca81c2f9256d43cb6ae9d14ff2f545883df147d
Completed submission of boost-spirit:arm64-osx@1.88.0 to 1 binary cache(s) in 363 ms
Installing 71/105 boost-multi-index:arm64-osx@1.88.0...
Building boost-multi-index:arm64-osx@1.88.0...
-- Using cached boostorg-multi_index-boost-1.88.0.tar.gz
-- Cleaning sources at /Users/bytedance/workspace/cemu_android/dependencies/vcpkg/buildtrees/boost-multi-index/src/ost-1.88.0-9387861b40.clean. Use --editable to skip cleaning for the packages you specify.
-- Extracting source /Users/bytedance/workspace/cemu_android/dependencies/vcpkg/downloads/boostorg-multi_index-boost-1.88.0.tar.gz
-- Using source at /Users/bytedance/workspace/cemu_android/dependencies/vcpkg/buildtrees/boost-multi-index/src/ost-1.88.0-9387861b40.clean
-- Configuring arm64-osx
-- Building arm64-osx-rel
-- Installing: /Users/bytedance/workspace/cemu_android/dependencies/vcpkg/packages/boost-multi-index_arm64-osx/share/boost-multi-index/copyright
-- Performing post-build validation
Starting submission of boost-multi-index:arm64-osx@1.88.0 to 1 binary cache(s) in the background
Elapsed time to handle boost-multi-index:arm64-osx: 2.4 s
boost-multi-index:arm64-osx package ABI: 3c37fbc9d80c101ec7ae82950c5ac7e61722482da0edd52d20b7e2875abbe3f6
Completed submission of boost-serialization:arm64-osx@1.88.0 to 1 binary cache(s) in 440 ms
Installing 72/105 boost-property-tree:arm64-osx@1.88.0...
Building boost-property-tree:arm64-osx@1.88.0...
-- Using cached boostorg-property_tree-boost-1.88.0.tar.gz
-- Cleaning sources at /Users/bytedance/workspace/cemu_android/dependencies/vcpkg/buildtrees/boost-property-tree/src/ost-1.88.0-b8e5bbbe0d.clean. Use --editable to skip cleaning for the packages you specify.
-- Extracting source /Users/bytedance/workspace/cemu_android/dependencies/vcpkg/downloads/boostorg-property_tree-boost-1.88.0.tar.gz
-- Using source at /Users/bytedance/workspace/cemu_android/dependencies/vcpkg/buildtrees/boost-property-tree/src/ost-1.88.0-b8e5bbbe0d.clean
-- Configuring arm64-osx
-- Building arm64-osx-rel
-- Installing: /Users/bytedance/workspace/cemu_android/dependencies/vcpkg/packages/boost-property-tree_arm64-osx/share/boost-property-tree/copyright
-- Performing post-build validation
Starting submission of boost-property-tree:arm64-osx@1.88.0 to 1 binary cache(s) in the background
Elapsed time to handle boost-property-tree:arm64-osx: 2.2 s
boost-property-tree:arm64-osx package ABI: 17c4f8c29cc9d151c807e124e9567a71f4222a7903715c3d0b3f7457b5983ee7
Completed submission of boost-multi-index:arm64-osx@1.88.0 to 1 binary cache(s) in 43.8 ms
Installing 73/105 boost-circular-buffer:arm64-osx@1.88.0...
Building boost-circular-buffer:arm64-osx@1.88.0...
-- Using cached boostorg-circular_buffer-boost-1.88.0.tar.gz
-- Cleaning sources at /Users/bytedance/workspace/cemu_android/dependencies/vcpkg/buildtrees/boost-circular-buffer/src/ost-1.88.0-078bc4f11d.clean. Use --editable to skip cleaning for the packages you specify.
-- Extracting source /Users/bytedance/workspace/cemu_android/dependencies/vcpkg/downloads/boostorg-circular_buffer-boost-1.88.0.tar.gz
-- Using source at /Users/bytedance/workspace/cemu_android/dependencies/vcpkg/buildtrees/boost-circular-buffer/src/ost-1.88.0-078bc4f11d.clean
-- Configuring arm64-osx
-- Building arm64-osx-rel
-- Installing: /Users/bytedance/workspace/cemu_android/dependencies/vcpkg/packages/boost-circular-buffer_arm64-osx/share/boost-circular-buffer/copyright
-- Performing post-build validation
Starting submission of boost-circular-buffer:arm64-osx@1.88.0 to 1 binary cache(s) in the background
Elapsed time to handle boost-circular-buffer:arm64-osx: 1.9 s
boost-circular-buffer:arm64-osx package ABI: 2eaad4ae830e1bd855b3d23c16f389d4f571a3465224e03ff8cb8c22a0c10fc2
Completed submission of boost-property-tree:arm64-osx@1.88.0 to 1 binary cache(s) in 27 ms
Installing 74/105 boost-ptr-container:arm64-osx@1.88.0...
Building boost-ptr-container:arm64-osx@1.88.0...
-- Using cached boostorg-ptr_container-boost-1.88.0.tar.gz
-- Cleaning sources at /Users/bytedance/workspace/cemu_android/dependencies/vcpkg/buildtrees/boost-ptr-container/src/ost-1.88.0-7a1bb07a07.clean. Use --editable to skip cleaning for the packages you specify.
-- Extracting source /Users/bytedance/workspace/cemu_android/dependencies/vcpkg/downloads/boostorg-ptr_container-boost-1.88.0.tar.gz
-- Using source at /Users/bytedance/workspace/cemu_android/dependencies/vcpkg/buildtrees/boost-ptr-container/src/ost-1.88.0-7a1bb07a07.clean
-- Configuring arm64-osx
-- Building arm64-osx-rel
-- Installing: /Users/bytedance/workspace/cemu_android/dependencies/vcpkg/packages/boost-ptr-container_arm64-osx/share/boost-ptr-container/copyright
-- Performing post-build validation
Starting submission of boost-ptr-container:arm64-osx@1.88.0 to 1 binary cache(s) in the background
Elapsed time to handle boost-ptr-container:arm64-osx: 1.8 s
boost-ptr-container:arm64-osx package ABI: 0b37e2b161fa518e3d24675811c339b0372974716054b9dfb904d82658fb295f
Completed submission of boost-circular-buffer:arm64-osx@1.88.0 to 1 binary cache(s) in 21.1 ms
Installing 75/105 boost-dynamic-bitset:arm64-osx@1.88.0...
Building boost-dynamic-bitset:arm64-osx@1.88.0...
-- Using cached boostorg-dynamic_bitset-boost-1.88.0.tar.gz
-- Cleaning sources at /Users/bytedance/workspace/cemu_android/dependencies/vcpkg/buildtrees/boost-dynamic-bitset/src/ost-1.88.0-364bcbf18a.clean. Use --editable to skip cleaning for the packages you specify.
-- Extracting source /Users/bytedance/workspace/cemu_android/dependencies/vcpkg/downloads/boostorg-dynamic_bitset-boost-1.88.0.tar.gz
-- Using source at /Users/bytedance/workspace/cemu_android/dependencies/vcpkg/buildtrees/boost-dynamic-bitset/src/ost-1.88.0-364bcbf18a.clean
-- Configuring arm64-osx
-- Building arm64-osx-rel
-- Installing: /Users/bytedance/workspace/cemu_android/dependencies/vcpkg/packages/boost-dynamic-bitset_arm64-osx/share/boost-dynamic-bitset/copyright
-- Performing post-build validation
Starting submission of boost-dynamic-bitset:arm64-osx@1.88.0 to 1 binary cache(s) in the background
Elapsed time to handle boost-dynamic-bitset:arm64-osx: 1.9 s
boost-dynamic-bitset:arm64-osx package ABI: 576aa766a4e92b8d88452c74b8816db5006a71162bb9453967ec70a9d744b26b
Completed submission of boost-ptr-container:arm64-osx@1.88.0 to 1 binary cache(s) in 29.8 ms
Installing 76/105 boost-random:arm64-osx@1.88.0...
Building boost-random:arm64-osx@1.88.0...
-- Using cached boostorg-random-boost-1.88.0.tar.gz
-- Cleaning sources at /Users/bytedance/workspace/cemu_android/dependencies/vcpkg/buildtrees/boost-random/src/ost-1.88.0-0365d589bf.clean. Use --editable to skip cleaning for the packages you specify.
-- Extracting source /Users/bytedance/workspace/cemu_android/dependencies/vcpkg/downloads/boostorg-random-boost-1.88.0.tar.gz
-- Using source at /Users/bytedance/workspace/cemu_android/dependencies/vcpkg/buildtrees/boost-random/src/ost-1.88.0-0365d589bf.clean
-- Configuring arm64-osx
-- Building arm64-osx-dbg
-- Building arm64-osx-rel
-- Installing: /Users/bytedance/workspace/cemu_android/dependencies/vcpkg/packages/boost-random_arm64-osx/share/boost-random/copyright
-- Performing post-build validation
Starting submission of boost-random:arm64-osx@1.88.0 to 1 binary cache(s) in the background
Elapsed time to handle boost-random:arm64-osx: 4.3 s
boost-random:arm64-osx package ABI: 81a5a526b2b014258b6256fa114b3e00f590e4b62aa3019be50380d9b87f4534
Completed submission of boost-dynamic-bitset:arm64-osx@1.88.0 to 1 binary cache(s) in 16.3 ms
Installing 77/105 boost-parameter:arm64-osx@1.88.0...
Building boost-parameter:arm64-osx@1.88.0...
-- Using cached boostorg-parameter-boost-1.88.0.tar.gz
-- Cleaning sources at /Users/bytedance/workspace/cemu_android/dependencies/vcpkg/buildtrees/boost-parameter/src/ost-1.88.0-646923c0b3.clean. Use --editable to skip cleaning for the packages you specify.
-- Extracting source /Users/bytedance/workspace/cemu_android/dependencies/vcpkg/downloads/boostorg-parameter-boost-1.88.0.tar.gz
-- Using source at /Users/bytedance/workspace/cemu_android/dependencies/vcpkg/buildtrees/boost-parameter/src/ost-1.88.0-646923c0b3.clean
-- Configuring arm64-osx
-- Building arm64-osx-rel
-- Installing: /Users/bytedance/workspace/cemu_android/dependencies/vcpkg/packages/boost-parameter_arm64-osx/share/boost-parameter/copyright
-- Performing post-build validation
Starting submission of boost-parameter:arm64-osx@1.88.0 to 1 binary cache(s) in the background
Elapsed time to handle boost-parameter:arm64-osx: 2 s
boost-parameter:arm64-osx package ABI: ca2e3795da5cfc0b394a11f30fbe489adff5aaa06576038698c62e9afc71ef02
Completed submission of boost-random:arm64-osx@1.88.0 to 1 binary cache(s) in 71.5 ms
Installing 78/105 boost-signals2:arm64-osx@1.88.0...
Building boost-signals2:arm64-osx@1.88.0...
-- Using cached boostorg-signals2-boost-1.88.0.tar.gz
-- Cleaning sources at /Users/bytedance/workspace/cemu_android/dependencies/vcpkg/buildtrees/boost-signals2/src/ost-1.88.0-1fcf7657ac.clean. Use --editable to skip cleaning for the packages you specify.
-- Extracting source /Users/bytedance/workspace/cemu_android/dependencies/vcpkg/downloads/boostorg-signals2-boost-1.88.0.tar.gz
-- Using source at /Users/bytedance/workspace/cemu_android/dependencies/vcpkg/buildtrees/boost-signals2/src/ost-1.88.0-1fcf7657ac.clean
-- Configuring arm64-osx
-- Building arm64-osx-rel
-- Installing: /Users/bytedance/workspace/cemu_android/dependencies/vcpkg/packages/boost-signals2_arm64-osx/share/boost-signals2/copyright
-- Performing post-build validation
Starting submission of boost-signals2:arm64-osx@1.88.0 to 1 binary cache(s) in the background
Elapsed time to handle boost-signals2:arm64-osx: 2 s
boost-signals2:arm64-osx package ABI: 6cbcb955a7210c8734d4206d7c4a52a1320294ad11e844abc43e1759e1745e8c
Completed submission of boost-parameter:arm64-osx@1.88.0 to 1 binary cache(s) in 49.7 ms
Installing 79/105 boost-static-string:arm64-osx@1.88.0...
Building boost-static-string:arm64-osx@1.88.0...
-- Using cached boostorg-static_string-boost-1.88.0.tar.gz
-- Cleaning sources at /Users/bytedance/workspace/cemu_android/dependencies/vcpkg/buildtrees/boost-static-string/src/ost-1.88.0-0e40b29b16.clean. Use --editable to skip cleaning for the packages you specify.
-- Extracting source /Users/bytedance/workspace/cemu_android/dependencies/vcpkg/downloads/boostorg-static_string-boost-1.88.0.tar.gz
-- Using source at /Users/bytedance/workspace/cemu_android/dependencies/vcpkg/buildtrees/boost-static-string/src/ost-1.88.0-0e40b29b16.clean
-- Configuring arm64-osx
-- Building arm64-osx-rel
-- Installing: /Users/bytedance/workspace/cemu_android/dependencies/vcpkg/packages/boost-static-string_arm64-osx/share/boost-static-string/copyright
-- Performing post-build validation
Starting submission of boost-static-string:arm64-osx@1.88.0 to 1 binary cache(s) in the background
Elapsed time to handle boost-static-string:arm64-osx: 1.8 s
boost-static-string:arm64-osx package ABI: 10478ec992c109d4a01ee5cc644be24d58d47fdcc0665ab227f9d287216e38f5
Completed submission of boost-signals2:arm64-osx@1.88.0 to 1 binary cache(s) in 29 ms
Installing 80/105 vcpkg-cmake-get-vars:arm64-osx@2025-05-29...
Building vcpkg-cmake-get-vars:arm64-osx@2025-05-29...
-- Installing: /Users/bytedance/workspace/cemu_android/dependencies/vcpkg/packages/vcpkg-cmake-get-vars_arm64-osx/share/vcpkg-cmake-get-vars/vcpkg_cmake_get_vars.cmake
-- Installing: /Users/bytedance/workspace/cemu_android/dependencies/vcpkg/packages/vcpkg-cmake-get-vars_arm64-osx/share/vcpkg-cmake-get-vars/cmake_get_vars
-- Installing: /Users/bytedance/workspace/cemu_android/dependencies/vcpkg/packages/vcpkg-cmake-get-vars_arm64-osx/share/vcpkg-cmake-get-vars/cmake_get_vars/CMakeLists.txt
-- Installing: /Users/bytedance/workspace/cemu_android/dependencies/vcpkg/packages/vcpkg-cmake-get-vars_arm64-osx/share/vcpkg-cmake-get-vars/cmake-get-vars.cmake.in
-- Installing: /Users/bytedance/workspace/cemu_android/dependencies/vcpkg/packages/vcpkg-cmake-get-vars_arm64-osx/share/vcpkg-cmake-get-vars/vcpkg-port-config.cmake
-- Installing: /Users/bytedance/workspace/cemu_android/dependencies/vcpkg/packages/vcpkg-cmake-get-vars_arm64-osx/share/vcpkg-cmake-get-vars/copyright
-- Performing post-build validation
Starting submission of vcpkg-cmake-get-vars:arm64-osx@2025-05-29 to 1 binary cache(s) in the background
Elapsed time to handle vcpkg-cmake-get-vars:arm64-osx: 73.7 ms
vcpkg-cmake-get-vars:arm64-osx package ABI: cc130b44686a342c663637e9bbb3922817a21ff9cc85ffbe996ed7fdf857d704
Completed submission of boost-static-string:arm64-osx@1.88.0 to 1 binary cache(s) in 20.5 ms
Installing 81/105 openssl:arm64-osx@3.5.0#1...
Building openssl:arm64-osx@3.5.0#1...
-- Using cached openssl-certstore-crash-2b5e7253b9a6a4cde64d3f2f22d71272f6ad32c5.patch
-- Using cached openssl-openssl-openssl-3.5.0.tar.gz
-- Cleaning sources at /Users/bytedance/workspace/cemu_android/dependencies/vcpkg/buildtrees/openssl/src/nssl-3.5.0-3b91ebed43.clean. Use --editable to skip cleaning for the packages you specify.
-- Extracting source /Users/bytedance/workspace/cemu_android/dependencies/vcpkg/downloads/openssl-openssl-openssl-3.5.0.tar.gz
-- Applying patch cmake-config.patch
-- Applying patch command-line-length.patch
-- Applying patch script-prefix.patch
-- Applying patch windows/install-layout.patch
-- Applying patch windows/install-pdbs.patch
-- Applying patch /Users/bytedance/workspace/cemu_android/dependencies/vcpkg/downloads/openssl-certstore-crash-2b5e7253b9a6a4cde64d3f2f22d71272f6ad32c5.patch
-- Applying patch unix/android-cc.patch
-- Applying patch unix/move-openssldir.patch
-- Applying patch unix/no-empty-dirs.patch
-- Applying patch unix/no-static-libs-for-shared.patch
-- Using source at /Users/bytedance/workspace/cemu_android/dependencies/vcpkg/buildtrees/openssl/src/nssl-3.5.0-3b91ebed43.clean
-- Getting CMake variables for arm64-osx
-- Loading CMake variables from /Users/bytedance/workspace/cemu_android/dependencies/vcpkg/buildtrees/openssl/cmake-get-vars_C_CXX-arm64-osx.cmake.log
-- Getting CMake variables for arm64-osx-dbg
-- Getting CMake variables for arm64-osx-rel
-- Configuring arm64-osx-dbg
-- Configuring arm64-osx-rel
-- Building arm64-osx-dbg
-- Installing arm64-osx-dbg
-- Building arm64-osx-rel
-- Installing arm64-osx-rel
-- Fixing pkgconfig file: /Users/bytedance/workspace/cemu_android/dependencies/vcpkg/packages/openssl_arm64-osx/lib/pkgconfig/libcrypto.pc
-- Fixing pkgconfig file: /Users/bytedance/workspace/cemu_android/dependencies/vcpkg/packages/openssl_arm64-osx/lib/pkgconfig/libssl.pc
-- Fixing pkgconfig file: /Users/bytedance/workspace/cemu_android/dependencies/vcpkg/packages/openssl_arm64-osx/lib/pkgconfig/openssl.pc
-- Fixing pkgconfig file: /Users/bytedance/workspace/cemu_android/dependencies/vcpkg/packages/openssl_arm64-osx/debug/lib/pkgconfig/libcrypto.pc
-- Fixing pkgconfig file: /Users/bytedance/workspace/cemu_android/dependencies/vcpkg/packages/openssl_arm64-osx/debug/lib/pkgconfig/libssl.pc
-- Fixing pkgconfig file: /Users/bytedance/workspace/cemu_android/dependencies/vcpkg/packages/openssl_arm64-osx/debug/lib/pkgconfig/openssl.pc
-- Installing: /Users/bytedance/workspace/cemu_android/dependencies/vcpkg/packages/openssl_arm64-osx/share/openssl/usage
-- Installing: /Users/bytedance/workspace/cemu_android/dependencies/vcpkg/packages/openssl_arm64-osx/share/openssl/copyright
-- Performing post-build validation
Starting submission of openssl:arm64-osx@3.5.0#1 to 1 binary cache(s) in the background
Elapsed time to handle openssl:arm64-osx: 59 s
openssl:arm64-osx package ABI: 2932913a629b20688197f4af1814432f00dd824b2ed76c8d3dc672cb53f25a2e
Completed submission of vcpkg-cmake-get-vars:arm64-osx@2025-05-29 to 1 binary cache(s) in 17.6 ms
Installing 82/105 zlib:arm64-osx@1.3.1...
Building zlib:arm64-osx@1.3.1...
-- Using cached madler-zlib-v1.3.1.tar.gz
-- Cleaning sources at /Users/bytedance/workspace/cemu_android/dependencies/vcpkg/buildtrees/zlib/src/v1.3.1-2e5db616bf.clean. Use --editable to skip cleaning for the packages you specify.
-- Extracting source /Users/bytedance/workspace/cemu_android/dependencies/vcpkg/downloads/madler-zlib-v1.3.1.tar.gz
-- Applying patch 0001-Prevent-invalid-inclusions-when-HAVE_-is-set-to-0.patch
-- Applying patch 0002-build-static-or-shared-not-both.patch
-- Applying patch 0003-android-and-mingw-fixes.patch
-- Using source at /Users/bytedance/workspace/cemu_android/dependencies/vcpkg/buildtrees/zlib/src/v1.3.1-2e5db616bf.clean
-- Configuring arm64-osx
-- Building arm64-osx-dbg
-- Building arm64-osx-rel
-- Installing: /Users/bytedance/workspace/cemu_android/dependencies/vcpkg/packages/zlib_arm64-osx/share/zlib/vcpkg-cmake-wrapper.cmake
-- Fixing pkgconfig file: /Users/bytedance/workspace/cemu_android/dependencies/vcpkg/packages/zlib_arm64-osx/lib/pkgconfig/zlib.pc
-- Fixing pkgconfig file: /Users/bytedance/workspace/cemu_android/dependencies/vcpkg/packages/zlib_arm64-osx/debug/lib/pkgconfig/zlib.pc
-- Installing: /Users/bytedance/workspace/cemu_android/dependencies/vcpkg/packages/zlib_arm64-osx/share/zlib/copyright
-- Performing post-build validation
Starting submission of zlib:arm64-osx@1.3.1 to 1 binary cache(s) in the background
Elapsed time to handle zlib:arm64-osx: 3.4 s
zlib:arm64-osx package ABI: ec0c62375c6e3a05a1afe56189c4a85d828c2d82df528c6e34d570baef90b19d
Completed submission of openssl:arm64-osx@3.5.0#1 to 1 binary cache(s) in 1.2 s
Installing 83/105 curl[core,openssl]:arm64-osx@8.14.1...
Building curl[core,openssl]:arm64-osx@8.14.1...
-- Using cached curl-curl-curl-8_14_1.tar.gz
-- Cleaning sources at /Users/bytedance/workspace/cemu_android/dependencies/vcpkg/buildtrees/curl/src/url-8_14_1-c688bafef9.clean. Use --editable to skip cleaning for the packages you specify.
-- Extracting source /Users/bytedance/workspace/cemu_android/dependencies/vcpkg/downloads/curl-curl-curl-8_14_1.tar.gz
-- Applying patch dependencies.patch
-- Applying patch pkgconfig-curl-config.patch
-- Using source at /Users/bytedance/workspace/cemu_android/dependencies/vcpkg/buildtrees/curl/src/url-8_14_1-c688bafef9.clean
-- Configuring arm64-osx
-- Building arm64-osx-dbg
-- Building arm64-osx-rel
-- Fixing pkgconfig file: /Users/bytedance/workspace/cemu_android/dependencies/vcpkg/packages/curl_arm64-osx/lib/pkgconfig/libcurl.pc
-- Fixing pkgconfig file: /Users/bytedance/workspace/cemu_android/dependencies/vcpkg/packages/curl_arm64-osx/debug/lib/pkgconfig/libcurl.pc
-- Installing: /Users/bytedance/workspace/cemu_android/dependencies/vcpkg/packages/curl_arm64-osx/share/curl/vcpkg-cmake-wrapper.cmake
-- Installing: /Users/bytedance/workspace/cemu_android/dependencies/vcpkg/packages/curl_arm64-osx/share/curl/usage
-- Performing post-build validation
Starting submission of curl[core,openssl]:arm64-osx@8.14.1 to 1 binary cache(s) in the background
Elapsed time to handle curl:arm64-osx: 34 s
curl:arm64-osx package ABI: fe7e1bcf1ebef29094908e1ea2d10f13a1627da87cb2b68ddb381f1ab5f5b5c1
Completed submission of zlib:arm64-osx@1.3.1 to 1 binary cache(s) in 31.7 ms
Installing 84/105 fmt:arm64-osx@12.1.0...
Building fmt:arm64-osx@12.1.0...
-- Using cached fmtlib-fmt-12.1.0.tar.gz
-- Cleaning sources at /Users/bytedance/workspace/cemu_android/dependencies/vcpkg/buildtrees/fmt/src/12.1.0-54f1f91231.clean. Use --editable to skip cleaning for the packages you specify.
-- Extracting source /Users/bytedance/workspace/cemu_android/dependencies/vcpkg/downloads/fmtlib-fmt-12.1.0.tar.gz
-- Using source at /Users/bytedance/workspace/cemu_android/dependencies/vcpkg/buildtrees/fmt/src/12.1.0-54f1f91231.clean
-- Configuring arm64-osx
-- Building arm64-osx-dbg
-- Building arm64-osx-rel
-- Fixing pkgconfig file: /Users/bytedance/workspace/cemu_android/dependencies/vcpkg/packages/fmt_arm64-osx/lib/pkgconfig/fmt.pc
-- Fixing pkgconfig file: /Users/bytedance/workspace/cemu_android/dependencies/vcpkg/packages/fmt_arm64-osx/debug/lib/pkgconfig/fmt.pc
-- Installing: /Users/bytedance/workspace/cemu_android/dependencies/vcpkg/packages/fmt_arm64-osx/share/fmt/usage
-- Installing: /Users/bytedance/workspace/cemu_android/dependencies/vcpkg/packages/fmt_arm64-osx/share/fmt/copyright
-- Performing post-build validation
Starting submission of fmt:arm64-osx@12.1.0 to 1 binary cache(s) in the background
Elapsed time to handle fmt:arm64-osx: 3.7 s
fmt:arm64-osx package ABI: 8ff32bd76613ec330ef451205302e2ad329ac7eb1c9f7e0aa8d172ec1a158206
Completed submission of curl[core,openssl]:arm64-osx@8.14.1 to 1 binary cache(s) in 198 ms
Installing 85/105 glm:arm64-osx@1.0.1#3...
Building glm:arm64-osx@1.0.1#3...
-- Using cached g-truc-glm-1.0.1.tar.gz
-- Cleaning sources at /Users/bytedance/workspace/cemu_android/dependencies/vcpkg/buildtrees/glm/src/1.0.1-cf6930f99d.clean. Use --editable to skip cleaning for the packages you specify.
-- Extracting source /Users/bytedance/workspace/cemu_android/dependencies/vcpkg/downloads/g-truc-glm-1.0.1.tar.gz
-- Applying patch fix-clang.patch
-- Using source at /Users/bytedance/workspace/cemu_android/dependencies/vcpkg/buildtrees/glm/src/1.0.1-cf6930f99d.clean
-- Configuring arm64-osx
-- Building arm64-osx-dbg
-- Building arm64-osx-rel
-- Installing: /Users/bytedance/workspace/cemu_android/dependencies/vcpkg/packages/glm_arm64-osx/share/glm/copyright
-- Installing: /Users/bytedance/workspace/cemu_android/dependencies/vcpkg/packages/glm_arm64-osx/share/glm/usage
-- Performing post-build validation
Starting submission of glm:arm64-osx@1.0.1#3 to 1 binary cache(s) in the background
Elapsed time to handle glm:arm64-osx: 4.6 s
glm:arm64-osx package ABI: f3fab0cf455de1c74a1003005a474cc480f34c79a7c1867e429be52a20cba5ac
Completed submission of fmt:arm64-osx@12.1.0 to 1 binary cache(s) in 66.5 ms
Installing 86/105 glslang:arm64-osx@15.1.0...
Building glslang:arm64-osx@15.1.0...
-- Using cached KhronosGroup-glslang-15.1.0.tar.gz
-- Cleaning sources at /Users/bytedance/workspace/cemu_android/dependencies/vcpkg/buildtrees/glslang/src/15.1.0-e8045e4175.clean. Use --editable to skip cleaning for the packages you specify.
-- Extracting source /Users/bytedance/workspace/cemu_android/dependencies/vcpkg/downloads/KhronosGroup-glslang-15.1.0.tar.gz
-- Using source at /Users/bytedance/workspace/cemu_android/dependencies/vcpkg/buildtrees/glslang/src/15.1.0-e8045e4175.clean
-- Configuring arm64-osx
-- Building arm64-osx-dbg
-- Building arm64-osx-rel
-- Installing: /Users/bytedance/workspace/cemu_android/dependencies/vcpkg/packages/glslang_arm64-osx/share/glslang/usage
-- Installing: /Users/bytedance/workspace/cemu_android/dependencies/vcpkg/packages/glslang_arm64-osx/share/glslang/copyright
-- Performing post-build validation
Starting submission of glslang:arm64-osx@15.1.0 to 1 binary cache(s) in the background
Elapsed time to handle glslang:arm64-osx: 14 s
glslang:arm64-osx package ABI: 3921be5cf25fcb694549a063b8f893a5999d35bb9605660aeea077c77a7b5e82
Completed submission of glm:arm64-osx@1.0.1#3 to 1 binary cache(s) in 188 ms
Installing 87/105 hidapi:arm64-osx@0.15.0#1...
Building hidapi:arm64-osx@0.15.0#1...
-- Using cached libusb-hidapi-hidapi-0.15.0.tar.gz
-- Cleaning sources at /Users/bytedance/workspace/cemu_android/dependencies/vcpkg/buildtrees/hidapi/src/api-0.15.0-9b82da9fc6.clean. Use --editable to skip cleaning for the packages you specify.
-- Extracting source /Users/bytedance/workspace/cemu_android/dependencies/vcpkg/downloads/libusb-hidapi-hidapi-0.15.0.tar.gz
-- Using source at /Users/bytedance/workspace/cemu_android/dependencies/vcpkg/buildtrees/hidapi/src/api-0.15.0-9b82da9fc6.clean
-- Configuring arm64-osx
-- Building arm64-osx-dbg
-- Building arm64-osx-rel
-- Fixing pkgconfig file: /Users/bytedance/workspace/cemu_android/dependencies/vcpkg/packages/hidapi_arm64-osx/lib/pkgconfig/hidapi.pc
-- Fixing pkgconfig file: /Users/bytedance/workspace/cemu_android/dependencies/vcpkg/packages/hidapi_arm64-osx/debug/lib/pkgconfig/hidapi.pc
-- Installing: /Users/bytedance/workspace/cemu_android/dependencies/vcpkg/packages/hidapi_arm64-osx/share/hidapi/copyright
-- Performing post-build validation
Starting submission of hidapi:arm64-osx@0.15.0#1 to 1 binary cache(s) in the background
Elapsed time to handle hidapi:arm64-osx: 2.5 s
hidapi:arm64-osx package ABI: 4553495ef78784202339092d4995bf3f9552b9c91e00ca58e7dafe857564d170
Completed submission of glslang:arm64-osx@15.1.0 to 1 binary cache(s) in 1.8 s
Installing 88/105 libpng:arm64-osx@1.6.48...
Building libpng:arm64-osx@1.6.48...
-- Using cached pnggroup-libpng-v1.6.48.tar.gz
-- Cleaning sources at /Users/bytedance/workspace/cemu_android/dependencies/vcpkg/buildtrees/libpng/src/v1.6.48-73784f7c8e.clean. Use --editable to skip cleaning for the packages you specify.
-- Extracting source /Users/bytedance/workspace/cemu_android/dependencies/vcpkg/downloads/pnggroup-libpng-v1.6.48.tar.gz
-- Applying patch cmake.patch
-- Using source at /Users/bytedance/workspace/cemu_android/dependencies/vcpkg/buildtrees/libpng/src/v1.6.48-73784f7c8e.clean
-- Configuring arm64-osx
-- Building arm64-osx-dbg
-- Building arm64-osx-rel
-- Installing: /Users/bytedance/workspace/cemu_android/dependencies/vcpkg/packages/libpng_arm64-osx/share/png/vcpkg-cmake-wrapper.cmake
-- Installing: /Users/bytedance/workspace/cemu_android/dependencies/vcpkg/packages/libpng_arm64-osx/share/libpng/libpng-config.cmake
-- Fixing pkgconfig file: /Users/bytedance/workspace/cemu_android/dependencies/vcpkg/packages/libpng_arm64-osx/lib/pkgconfig/libpng16.pc
-- Fixing pkgconfig file: /Users/bytedance/workspace/cemu_android/dependencies/vcpkg/packages/libpng_arm64-osx/debug/lib/pkgconfig/libpng16.pc
-- Installing: /Users/bytedance/workspace/cemu_android/dependencies/vcpkg/packages/libpng_arm64-osx/debug/lib/pkgconfig/libpng.pc
-- Installing: /Users/bytedance/workspace/cemu_android/dependencies/vcpkg/packages/libpng_arm64-osx/lib/pkgconfig/libpng.pc
-- Installing: /Users/bytedance/workspace/cemu_android/dependencies/vcpkg/packages/libpng_arm64-osx/share/libpng/usage
-- Installing: /Users/bytedance/workspace/cemu_android/dependencies/vcpkg/packages/libpng_arm64-osx/share/libpng/copyright
-- Performing post-build validation
Starting submission of libpng:arm64-osx@1.6.48 to 1 binary cache(s) in the background
Elapsed time to handle libpng:arm64-osx: 4 s
libpng:arm64-osx package ABI: ff250dbff3cded0b730ed562db42d31146a9522f5ed8383ffac1d2251f0e6263
Completed submission of hidapi:arm64-osx@0.15.0#1 to 1 binary cache(s) in 24.4 ms
Installing 89/105 libusb:arm64-osx@1.0.26.11791#7...
Building libusb:arm64-osx@1.0.26.11791#7...
/Users/bytedance/workspace/cemu_android/dependencies/vcpkg_overlay_ports_mac/libusb: info: installing overlay port from here
-- Using cached libusb-libusb-fcf0c710ef5911ae37fbbf1b39d48a89f6f14e8a.tar.gz
-- Cleaning sources at /Users/bytedance/workspace/cemu_android/dependencies/vcpkg/buildtrees/libusb/src/89f6f14e8a-1dccf18d37.clean. Use --editable to skip cleaning for the packages you specify.
-- Extracting source /Users/bytedance/workspace/cemu_android/dependencies/vcpkg/downloads/libusb-libusb-fcf0c710ef5911ae37fbbf1b39d48a89f6f14e8a.tar.gz
-- Using source at /Users/bytedance/workspace/cemu_android/dependencies/vcpkg/buildtrees/libusb/src/89f6f14e8a-1dccf18d37.clean
-- Getting CMake variables for arm64-osx-dbg
-- Getting CMake variables for arm64-osx-rel
-- Generating configure for arm64-osx
-- Finished generating configure for arm64-osx
-- Configuring arm64-osx-dbg
-- Configuring arm64-osx-rel
-- Building arm64-osx-dbg
-- Installing arm64-osx-dbg
-- Building arm64-osx-rel
-- Installing arm64-osx-rel
-- Fixing pkgconfig file: /Users/bytedance/workspace/cemu_android/dependencies/vcpkg/packages/libusb_arm64-osx/lib/pkgconfig/libusb-1.0.pc
-- Fixing pkgconfig file: /Users/bytedance/workspace/cemu_android/dependencies/vcpkg/packages/libusb_arm64-osx/debug/lib/pkgconfig/libusb-1.0.pc
-- Installing: /Users/bytedance/workspace/cemu_android/dependencies/vcpkg/packages/libusb_arm64-osx/share/libusb/usage
-- Installing: /Users/bytedance/workspace/cemu_android/dependencies/vcpkg/packages/libusb_arm64-osx/share/libusb/copyright
-- Setting install name id of '/Users/bytedance/workspace/cemu_android/dependencies/vcpkg/packages/libusb_arm64-osx/debug/lib/libusb-1.0.0.dylib' to '@rpath/libusb-1.0.0.dylib'
-- Adjusted RPATH of '/Users/bytedance/workspace/cemu_android/dependencies/vcpkg/packages/libusb_arm64-osx/debug/lib/libusb-1.0.0.dylib' to '@loader_path'
-- Setting install name id of '/Users/bytedance/workspace/cemu_android/dependencies/vcpkg/packages/libusb_arm64-osx/lib/libusb-1.0.0.dylib' to '@rpath/libusb-1.0.0.dylib'
-- Adjusted RPATH of '/Users/bytedance/workspace/cemu_android/dependencies/vcpkg/packages/libusb_arm64-osx/lib/libusb-1.0.0.dylib' to '@loader_path'
-- Performing post-build validation
Starting submission of libusb:arm64-osx@1.0.26.11791#7 to 1 binary cache(s) in the background
Elapsed time to handle libusb:arm64-osx: 31 s
libusb:arm64-osx package ABI: b781a4fed4b1eb42f301b48932f004090085102ca306c3d45b25bddedef7c82d
Completed submission of libpng:arm64-osx@1.6.48 to 1 binary cache(s) in 63.3 ms
Installing 90/105 libzip:arm64-osx@1.11.4...
Building libzip:arm64-osx@1.11.4...
-- Using cached nih-at-libzip-v1.11.4.tar.gz
-- Cleaning sources at /Users/bytedance/workspace/cemu_android/dependencies/vcpkg/buildtrees/libzip/src/v1.11.4-05742a9dee.clean. Use --editable to skip cleaning for the packages you specify.
-- Extracting source /Users/bytedance/workspace/cemu_android/dependencies/vcpkg/downloads/nih-at-libzip-v1.11.4.tar.gz
-- Applying patch config-vars.diff
-- Applying patch dependencies.diff
-- Applying patch use-requires.patch
-- Using source at /Users/bytedance/workspace/cemu_android/dependencies/vcpkg/buildtrees/libzip/src/v1.11.4-05742a9dee.clean
-- Configuring arm64-osx
-- Building arm64-osx-dbg
-- Building arm64-osx-rel
-- Fixing pkgconfig file: /Users/bytedance/workspace/cemu_android/dependencies/vcpkg/packages/libzip_arm64-osx/lib/pkgconfig/libzip.pc
-- Fixing pkgconfig file: /Users/bytedance/workspace/cemu_android/dependencies/vcpkg/packages/libzip_arm64-osx/debug/lib/pkgconfig/libzip.pc
-- Installing: /Users/bytedance/workspace/cemu_android/dependencies/vcpkg/packages/libzip_arm64-osx/share/libzip/copyright
-- Performing post-build validation
Starting submission of libzip:arm64-osx@1.11.4 to 1 binary cache(s) in the background
Elapsed time to handle libzip:arm64-osx: 16 s
libzip:arm64-osx package ABI: 4781b244488d0fdc9bf72acf89bd2825c423dbd3d0774bd7ab7fe582d81bf76d
Completed submission of libusb:arm64-osx@1.0.26.11791#7 to 1 binary cache(s) in 28.1 ms
Installing 91/105 pugixml:arm64-osx@1.15...
Building pugixml:arm64-osx@1.15...
-- Using cached zeux-pugixml-v1.15.tar.gz
-- Cleaning sources at /Users/bytedance/workspace/cemu_android/dependencies/vcpkg/buildtrees/pugixml/src/v1.15-8a9beec4a5.clean. Use --editable to skip cleaning for the packages you specify.
-- Extracting source /Users/bytedance/workspace/cemu_android/dependencies/vcpkg/downloads/zeux-pugixml-v1.15.tar.gz
-- Using source at /Users/bytedance/workspace/cemu_android/dependencies/vcpkg/buildtrees/pugixml/src/v1.15-8a9beec4a5.clean
-- Configuring arm64-osx
-- Building arm64-osx-dbg
-- Building arm64-osx-rel
-- Fixing pkgconfig file: /Users/bytedance/workspace/cemu_android/dependencies/vcpkg/packages/pugixml_arm64-osx/lib/pkgconfig/pugixml.pc
-- Fixing pkgconfig file: /Users/bytedance/workspace/cemu_android/dependencies/vcpkg/packages/pugixml_arm64-osx/debug/lib/pkgconfig/pugixml.pc
-- Installing: /Users/bytedance/workspace/cemu_android/dependencies/vcpkg/packages/pugixml_arm64-osx/share/pugixml/copyright
-- Performing post-build validation
Starting submission of pugixml:arm64-osx@1.15 to 1 binary cache(s) in the background
Elapsed time to handle pugixml:arm64-osx: 4.3 s
pugixml:arm64-osx package ABI: ea0fdfcceea355e39540e629b729cd8cbe08f2a2bcb0859e48a79e5f047014eb
Completed submission of libzip:arm64-osx@1.11.4 to 1 binary cache(s) in 59.9 ms
Installing 92/105 rapidjson:arm64-osx@2025-02-26...
Building rapidjson:arm64-osx@2025-02-26...
-- Using cached Tencent-rapidjson-24b5e7a8b27f42fa16b96fc70aade9106cf7102f-2.tar.gz
-- Cleaning sources at /Users/bytedance/workspace/cemu_android/dependencies/vcpkg/buildtrees/rapidjson/src/106cf7102f-b0877c68bd.clean. Use --editable to skip cleaning for the packages you specify.
-- Extracting source /Users/bytedance/workspace/cemu_android/dependencies/vcpkg/downloads/Tencent-rapidjson-24b5e7a8b27f42fa16b96fc70aade9106cf7102f-2.tar.gz
-- Using source at /Users/bytedance/workspace/cemu_android/dependencies/vcpkg/buildtrees/rapidjson/src/106cf7102f-b0877c68bd.clean
-- Configuring arm64-osx
-- Building arm64-osx-dbg
-- Building arm64-osx-rel
-- Fixing pkgconfig file: /Users/bytedance/workspace/cemu_android/dependencies/vcpkg/packages/rapidjson_arm64-osx/lib/pkgconfig/RapidJSON.pc
-- Fixing pkgconfig file: /Users/bytedance/workspace/cemu_android/dependencies/vcpkg/packages/rapidjson_arm64-osx/debug/lib/pkgconfig/RapidJSON.pc
-- Installing: /Users/bytedance/workspace/cemu_android/dependencies/vcpkg/packages/rapidjson_arm64-osx/share/rapidjson/copyright
-- Performing post-build validation
Starting submission of rapidjson:arm64-osx@2025-02-26 to 1 binary cache(s) in the background
Elapsed time to handle rapidjson:arm64-osx: 2.4 s
rapidjson:arm64-osx package ABI: 072e410a2f53a75263205d1650839736ea39effea70b9591f0863e17ac3c1852
Completed submission of pugixml:arm64-osx@1.15 to 1 binary cache(s) in 87.9 ms
Installing 93/105 sdl3:arm64-osx@3.4.10...
Building sdl3:arm64-osx@3.4.10...
Downloading https://github.com/libsdl-org/SDL/archive/release-3.4.10.tar.gz -> libsdl-org-SDL-release-3.4.10.tar.gz
Successfully downloaded libsdl-org-SDL-release-3.4.10.tar.gz
-- Extracting source /Users/bytedance/workspace/cemu_android/dependencies/vcpkg/downloads/libsdl-org-SDL-release-3.4.10.tar.gz
-- Applying patch fix-freebsd.patch
-- Using source at /Users/bytedance/workspace/cemu_android/dependencies/vcpkg/buildtrees/sdl3/src/ase-3.4.10-5d1d805478.clean
-- Configuring arm64-osx
CMake Warning at /Users/bytedance/workspace/cemu_android/build/vcpkg_installed/arm64-osx/share/vcpkg-cmake/vcpkg_cmake_configure.cmake:344 (message):
  The following variables are not used in CMakeLists.txt:

      SDL_UNIX_CONSOLE_BUILD

  Please recheck them and remove the unnecessary options from the
  `vcpkg_cmake_configure` call.

  If these options should still be passed for whatever reason, please use the
  `MAYBE_UNUSED_VARIABLES` argument.
Call Stack (most recent call first):
  buildtrees/versioning_/versions/sdl3/ca8f0f2fec751398b72e40cb25af47f13bf22d63/portfile.cmake:58 (vcpkg_cmake_configure)
  scripts/ports.cmake:206 (include)


-- Building arm64-osx-dbg
-- Building arm64-osx-rel
-- Fixing pkgconfig file: /Users/bytedance/workspace/cemu_android/dependencies/vcpkg/packages/sdl3_arm64-osx/lib/pkgconfig/sdl3.pc
-- Fixing pkgconfig file: /Users/bytedance/workspace/cemu_android/dependencies/vcpkg/packages/sdl3_arm64-osx/debug/lib/pkgconfig/sdl3.pc
-- Installing: /Users/bytedance/workspace/cemu_android/dependencies/vcpkg/packages/sdl3_arm64-osx/share/sdl3/usage
-- Performing post-build validation
Starting submission of sdl3:arm64-osx@3.4.10 to 1 binary cache(s) in the background
Elapsed time to handle sdl3:arm64-osx: 54 s
sdl3:arm64-osx package ABI: 64068d8fae81c16cbf5446c283682c38816622a15d88c6d655fda850cb135d2f
Completed submission of rapidjson:arm64-osx@2025-02-26 to 1 binary cache(s) in 38.4 ms
Installing 94/105 libjpeg-turbo:arm64-osx@3.1.0#1...
Building libjpeg-turbo:arm64-osx@3.1.0#1...
-- Using cached libjpeg-turbo-libjpeg-turbo-3.1.0.tar.gz
-- Cleaning sources at /Users/bytedance/workspace/cemu_android/dependencies/vcpkg/buildtrees/libjpeg-turbo/src/3.1.0-61083179ee.clean. Use --editable to skip cleaning for the packages you specify.
-- Extracting source /Users/bytedance/workspace/cemu_android/dependencies/vcpkg/downloads/libjpeg-turbo-libjpeg-turbo-3.1.0.tar.gz
-- Applying patch add-options-for-exes-docs-headers.patch
-- Applying patch workaround_cmake_system_processor.patch
-- Using source at /Users/bytedance/workspace/cemu_android/dependencies/vcpkg/buildtrees/libjpeg-turbo/src/3.1.0-61083179ee.clean
-- Configuring arm64-osx
-- Building arm64-osx-dbg
-- Building arm64-osx-rel
-- Fixing pkgconfig file: /Users/bytedance/workspace/cemu_android/dependencies/vcpkg/packages/libjpeg-turbo_arm64-osx/lib/pkgconfig/libjpeg.pc
-- Fixing pkgconfig file: /Users/bytedance/workspace/cemu_android/dependencies/vcpkg/packages/libjpeg-turbo_arm64-osx/lib/pkgconfig/libturbojpeg.pc
-- Fixing pkgconfig file: /Users/bytedance/workspace/cemu_android/dependencies/vcpkg/packages/libjpeg-turbo_arm64-osx/debug/lib/pkgconfig/libjpeg.pc
-- Fixing pkgconfig file: /Users/bytedance/workspace/cemu_android/dependencies/vcpkg/packages/libjpeg-turbo_arm64-osx/debug/lib/pkgconfig/libturbojpeg.pc
-- Installing: /Users/bytedance/workspace/cemu_android/dependencies/vcpkg/packages/libjpeg-turbo_arm64-osx/share/libjpeg-turbo/copyright
-- Performing post-build validation
Starting submission of libjpeg-turbo:arm64-osx@3.1.0#1 to 1 binary cache(s) in the background
Elapsed time to handle libjpeg-turbo:arm64-osx: 9 s
libjpeg-turbo:arm64-osx package ABI: 7184c304d88ad574a1c0b9e0a36f603366e93ae11f6f785caa8bbadf2b6777a5
Completed submission of sdl3:arm64-osx@3.4.10 to 1 binary cache(s) in 551 ms
Installing 95/105 tiff[core,jpeg,zip]:arm64-osx@4.7.0...
Building tiff[core,jpeg,zip]:arm64-osx@4.7.0...
-- Using cached libtiff-libtiff-v4.7.0.tar.gz
-- Cleaning sources at /Users/bytedance/workspace/cemu_android/dependencies/vcpkg/buildtrees/tiff/src/v4.7.0-05e0c9997b.clean. Use --editable to skip cleaning for the packages you specify.
-- Extracting source /Users/bytedance/workspace/cemu_android/dependencies/vcpkg/downloads/libtiff-libtiff-v4.7.0.tar.gz
-- Applying patch FindCMath.patch
-- Applying patch prefer-config.diff
-- Using source at /Users/bytedance/workspace/cemu_android/dependencies/vcpkg/buildtrees/tiff/src/v4.7.0-05e0c9997b.clean
-- Configuring arm64-osx
-- Building arm64-osx-dbg
-- Building arm64-osx-rel
-- Fixing pkgconfig file: /Users/bytedance/workspace/cemu_android/dependencies/vcpkg/packages/tiff_arm64-osx/lib/pkgconfig/libtiff-4.pc
-- Fixing pkgconfig file: /Users/bytedance/workspace/cemu_android/dependencies/vcpkg/packages/tiff_arm64-osx/debug/lib/pkgconfig/libtiff-4.pc
-- Installing: /Users/bytedance/workspace/cemu_android/dependencies/vcpkg/packages/tiff_arm64-osx/share/tiff/copyright
-- Performing post-build validation
Starting submission of tiff[core,jpeg,zip]:arm64-osx@4.7.0 to 1 binary cache(s) in the background
Elapsed time to handle tiff:arm64-osx: 10 s
tiff:arm64-osx package ABI: eb8d6baa9443be0a978c0265247c043122f6ddf8a9922e6bd7c5df40ff653c48
Completed submission of libjpeg-turbo:arm64-osx@3.1.0#1 to 1 binary cache(s) in 271 ms
Installing 96/105 pcre2[core,jit,platform-default-features]:arm64-osx@10.45...
Building pcre2[core,jit,platform-default-features]:arm64-osx@10.45...
-- Using cached PCRE2Project-pcre2-pcre2-10.45.tar.gz
-- Cleaning sources at /Users/bytedance/workspace/cemu_android/dependencies/vcpkg/buildtrees/pcre2/src/cre2-10.45-3438cd5e6c.clean. Use --editable to skip cleaning for the packages you specify.
-- Extracting source /Users/bytedance/workspace/cemu_android/dependencies/vcpkg/downloads/PCRE2Project-pcre2-pcre2-10.45.tar.gz
-- Applying patch pcre2-10.35_fix-uwp.patch
-- Applying patch no-static-suffix.patch
-- Applying patch fix-cmake.patch
-- Using source at /Users/bytedance/workspace/cemu_android/dependencies/vcpkg/buildtrees/pcre2/src/cre2-10.45-3438cd5e6c.clean
-- Using cached zherczeg-sljit-8481dde366d0346ac5475aa03ae48ee44fa74ca4.tar.gz
-- Extracting source /Users/bytedance/workspace/cemu_android/dependencies/vcpkg/downloads/zherczeg-sljit-8481dde366d0346ac5475aa03ae48ee44fa74ca4.tar.gz
-- Using source at /Users/bytedance/workspace/cemu_android/dependencies/vcpkg/buildtrees/pcre2/src/e44fa74ca4-bc7898d1f1.clean
-- Configuring arm64-osx
-- Building arm64-osx-dbg
-- Building arm64-osx-rel
-- Fixing pkgconfig file: /Users/bytedance/workspace/cemu_android/dependencies/vcpkg/packages/pcre2_arm64-osx/lib/pkgconfig/libpcre2-16.pc
-- Fixing pkgconfig file: /Users/bytedance/workspace/cemu_android/dependencies/vcpkg/packages/pcre2_arm64-osx/lib/pkgconfig/libpcre2-32.pc
-- Fixing pkgconfig file: /Users/bytedance/workspace/cemu_android/dependencies/vcpkg/packages/pcre2_arm64-osx/lib/pkgconfig/libpcre2-8.pc
-- Fixing pkgconfig file: /Users/bytedance/workspace/cemu_android/dependencies/vcpkg/packages/pcre2_arm64-osx/lib/pkgconfig/libpcre2-posix.pc
-- Fixing pkgconfig file: /Users/bytedance/workspace/cemu_android/dependencies/vcpkg/packages/pcre2_arm64-osx/debug/lib/pkgconfig/libpcre2-16.pc
-- Fixing pkgconfig file: /Users/bytedance/workspace/cemu_android/dependencies/vcpkg/packages/pcre2_arm64-osx/debug/lib/pkgconfig/libpcre2-32.pc
-- Fixing pkgconfig file: /Users/bytedance/workspace/cemu_android/dependencies/vcpkg/packages/pcre2_arm64-osx/debug/lib/pkgconfig/libpcre2-8.pc
-- Fixing pkgconfig file: /Users/bytedance/workspace/cemu_android/dependencies/vcpkg/packages/pcre2_arm64-osx/debug/lib/pkgconfig/libpcre2-posix.pc
-- Installing: /Users/bytedance/workspace/cemu_android/dependencies/vcpkg/packages/pcre2_arm64-osx/share/pcre2/usage
-- Installing: /Users/bytedance/workspace/cemu_android/dependencies/vcpkg/packages/pcre2_arm64-osx/share/pcre2/copyright
-- Performing post-build validation
Starting submission of pcre2[core,jit,platform-default-features]:arm64-osx@10.45 to 1 binary cache(s) in the background
Elapsed time to handle pcre2:arm64-osx: 12 s
pcre2:arm64-osx package ABI: 4198b03618262b06ea76fb5c75ac3af8124cf07fa542c2425310e679b77de9d6
Completed submission of tiff[core,jpeg,zip]:arm64-osx@4.7.0 to 1 binary cache(s) in 87.4 ms
Installing 97/105 egl-registry:arm64-osx@2024-01-25...
Building egl-registry:arm64-osx@2024-01-25...
-- Using cached KhronosGroup-EGL-Registry-7db3005d4c2cb439f129a0adc931f3274f9019e6.tar.gz
-- Cleaning sources at /Users/bytedance/workspace/cemu_android/dependencies/vcpkg/buildtrees/egl-registry/src/274f9019e6-49d6bdb34a.clean. Use --editable to skip cleaning for the packages you specify.
-- Extracting source /Users/bytedance/workspace/cemu_android/dependencies/vcpkg/downloads/KhronosGroup-EGL-Registry-7db3005d4c2cb439f129a0adc931f3274f9019e6.tar.gz
-- Using source at /Users/bytedance/workspace/cemu_android/dependencies/vcpkg/buildtrees/egl-registry/src/274f9019e6-49d6bdb34a.clean
-- Installing: /Users/bytedance/workspace/cemu_android/dependencies/vcpkg/packages/egl-registry_arm64-osx/share/egl-registry/copyright
-- Performing post-build validation
Starting submission of egl-registry:arm64-osx@2024-01-25 to 1 binary cache(s) in the background
Elapsed time to handle egl-registry:arm64-osx: 275 ms
egl-registry:arm64-osx package ABI: 831743239e415a01a1fd5317904ecd7eef03b322e37c49c8e58e52aaa9b5fbcc
Installing 98/105 opengl-registry:arm64-osx@2024-02-10#1...
Building opengl-registry:arm64-osx@2024-02-10#1...
-- Using cached KhronosGroup-OpenGL-Registry-3530768138c5ba3dfbb2c43c830493f632f7ea33.tar.gz
-- Cleaning sources at /Users/bytedance/workspace/cemu_android/dependencies/vcpkg/buildtrees/opengl-registry/src/f632f7ea33-4952f9ace9.clean. Use --editable to skip cleaning for the packages you specify.
-- Extracting source /Users/bytedance/workspace/cemu_android/dependencies/vcpkg/downloads/KhronosGroup-OpenGL-Registry-3530768138c5ba3dfbb2c43c830493f632f7ea33.tar.gz
-- Using source at /Users/bytedance/workspace/cemu_android/dependencies/vcpkg/buildtrees/opengl-registry/src/f632f7ea33-4952f9ace9.clean
-- Installing: /Users/bytedance/workspace/cemu_android/dependencies/vcpkg/packages/opengl-registry_arm64-osx/share/opengl-registry/copyright
-- Performing post-build validation
Starting submission of opengl-registry:arm64-osx@2024-02-10#1 to 1 binary cache(s) in the background
Elapsed time to handle opengl-registry:arm64-osx: 1.4 s
opengl-registry:arm64-osx package ABI: 29389f3b145e975e206ce4cbdd78a0fbd3be7559de5462d638e81490dfc6c5ee
Completed submission of pcre2[core,jit,platform-default-features]:arm64-osx@10.45 to 1 binary cache(s) in 283 ms
Completed submission of egl-registry:arm64-osx@2024-01-25 to 1 binary cache(s) in 13.9 ms
Installing 99/105 opengl:arm64-osx@2022-12-04#3...
Building opengl:arm64-osx@2022-12-04#3...
-- Installing: /Users/bytedance/workspace/cemu_android/dependencies/vcpkg/packages/opengl_arm64-osx/share/opengl/usage
-- Skipping post-build validation due to VCPKG_POLICY_EMPTY_PACKAGE
Starting submission of opengl:arm64-osx@2022-12-04#3 to 1 binary cache(s) in the background
Elapsed time to handle opengl:arm64-osx: 71.4 ms
opengl:arm64-osx package ABI: ca368786551f96481126983fc4469e677d4929a909da6827e61e19735072ab40
Installing 100/105 nanosvg:arm64-osx@2023-12-29...
Building nanosvg:arm64-osx@2023-12-29...
-- Using cached memononen-nanosvg-93ce879dc4c04a3ef1758428ec80083c38610b1f.tar.gz
-- Cleaning sources at /Users/bytedance/workspace/cemu_android/dependencies/vcpkg/buildtrees/nanosvg/src/3c38610b1f-dc4edc4939.clean. Use --editable to skip cleaning for the packages you specify.
-- Extracting source /Users/bytedance/workspace/cemu_android/dependencies/vcpkg/downloads/memononen-nanosvg-93ce879dc4c04a3ef1758428ec80083c38610b1f.tar.gz
-- Applying patch fltk.patch
-- Using source at /Users/bytedance/workspace/cemu_android/dependencies/vcpkg/buildtrees/nanosvg/src/3c38610b1f-dc4edc4939.clean
-- Configuring arm64-osx
-- Building arm64-osx-dbg
-- Building arm64-osx-rel
-- Installing: /Users/bytedance/workspace/cemu_android/dependencies/vcpkg/packages/nanosvg_arm64-osx/share/nanosvg/copyright
-- Performing post-build validation
Starting submission of nanosvg:arm64-osx@2023-12-29 to 1 binary cache(s) in the background
Elapsed time to handle nanosvg:arm64-osx: 2.5 s
nanosvg:arm64-osx package ABI: 33d5c6c86c416f6b26ff1f0e055b8f4304471f85214de2badb1e80bb6df4ee4b
Completed submission of opengl-registry:arm64-osx@2024-02-10#1 to 1 binary cache(s) in 75 ms
Completed submission of opengl:arm64-osx@2022-12-04#3 to 1 binary cache(s) in 10.7 ms
Installing 101/105 libwebp[core,libwebpmux,nearlossless,simd]:arm64-osx@1.5.0#1...
Building libwebp[core,libwebpmux,nearlossless,simd]:arm64-osx@1.5.0#1...
-- Using cached webmproject-libwebp-v1.5.0.tar.gz
-- Cleaning sources at /Users/bytedance/workspace/cemu_android/dependencies/vcpkg/buildtrees/libwebp/src/v1.5.0-9ee206ccc1.clean. Use --editable to skip cleaning for the packages you specify.
-- Extracting source /Users/bytedance/workspace/cemu_android/dependencies/vcpkg/downloads/webmproject-libwebp-v1.5.0.tar.gz
-- Applying patch 0002-cmake-config.patch
-- Applying patch 0003-simd.patch
-- Applying patch 0008-sdl.patch
-- Using source at /Users/bytedance/workspace/cemu_android/dependencies/vcpkg/buildtrees/libwebp/src/v1.5.0-9ee206ccc1.clean
-- Configuring arm64-osx
-- Building arm64-osx-dbg
-- Building arm64-osx-rel
-- Fixing pkgconfig file: /Users/bytedance/workspace/cemu_android/dependencies/vcpkg/packages/libwebp_arm64-osx/lib/pkgconfig/libsharpyuv.pc
-- Fixing pkgconfig file: /Users/bytedance/workspace/cemu_android/dependencies/vcpkg/packages/libwebp_arm64-osx/lib/pkgconfig/libwebp.pc
-- Fixing pkgconfig file: /Users/bytedance/workspace/cemu_android/dependencies/vcpkg/packages/libwebp_arm64-osx/lib/pkgconfig/libwebpdecoder.pc
-- Fixing pkgconfig file: /Users/bytedance/workspace/cemu_android/dependencies/vcpkg/packages/libwebp_arm64-osx/lib/pkgconfig/libwebpdemux.pc
-- Fixing pkgconfig file: /Users/bytedance/workspace/cemu_android/dependencies/vcpkg/packages/libwebp_arm64-osx/lib/pkgconfig/libwebpmux.pc
-- Fixing pkgconfig file: /Users/bytedance/workspace/cemu_android/dependencies/vcpkg/packages/libwebp_arm64-osx/debug/lib/pkgconfig/libsharpyuv.pc
-- Fixing pkgconfig file: /Users/bytedance/workspace/cemu_android/dependencies/vcpkg/packages/libwebp_arm64-osx/debug/lib/pkgconfig/libwebp.pc
-- Fixing pkgconfig file: /Users/bytedance/workspace/cemu_android/dependencies/vcpkg/packages/libwebp_arm64-osx/debug/lib/pkgconfig/libwebpdecoder.pc
-- Fixing pkgconfig file: /Users/bytedance/workspace/cemu_android/dependencies/vcpkg/packages/libwebp_arm64-osx/debug/lib/pkgconfig/libwebpdemux.pc
-- Fixing pkgconfig file: /Users/bytedance/workspace/cemu_android/dependencies/vcpkg/packages/libwebp_arm64-osx/debug/lib/pkgconfig/libwebpmux.pc
-- Installing: /Users/bytedance/workspace/cemu_android/dependencies/vcpkg/packages/libwebp_arm64-osx/share/libwebp/usage
-- Performing post-build validation
Starting submission of libwebp[core,libwebpmux,nearlossless,simd]:arm64-osx@1.5.0#1 to 1 binary cache(s) in the background
Elapsed time to handle libwebp:arm64-osx: 9.7 s
libwebp:arm64-osx package ABI: 1506ada2f5666bc0e4e193e105fd51887c991b4d2cd53f8b90e29b89cb1df57a
Completed submission of nanosvg:arm64-osx@2023-12-29 to 1 binary cache(s) in 27.2 ms
Installing 102/105 libiconv:arm64-osx@1.18#1...
Building libiconv:arm64-osx@1.18#1...
-- Not building GNU libiconv.
-- Skipping post-build validation due to VCPKG_POLICY_EMPTY_PACKAGE
Starting submission of libiconv:arm64-osx@1.18#1 to 1 binary cache(s) in the background
Elapsed time to handle libiconv:arm64-osx: 74 ms
libiconv:arm64-osx package ABI: 044e6ccefcee1a797cc1548a13a4ee05849ce7d02e0312d660d668f37dc1a310
Installing 103/105 expat:arm64-osx@2.7.1...
Building expat:arm64-osx@2.7.1...
-- Using cached libexpat-libexpat-R_2_7_1.tar.gz
-- Cleaning sources at /Users/bytedance/workspace/cemu_android/dependencies/vcpkg/buildtrees/expat/src/R_2_7_1-4bba8bb538.clean. Use --editable to skip cleaning for the packages you specify.
-- Extracting source /Users/bytedance/workspace/cemu_android/dependencies/vcpkg/downloads/libexpat-libexpat-R_2_7_1.tar.gz
-- Using source at /Users/bytedance/workspace/cemu_android/dependencies/vcpkg/buildtrees/expat/src/R_2_7_1-4bba8bb538.clean
-- Configuring arm64-osx
-- Building arm64-osx-dbg
-- Building arm64-osx-rel
-- Fixing pkgconfig file: /Users/bytedance/workspace/cemu_android/dependencies/vcpkg/packages/expat_arm64-osx/lib/pkgconfig/expat.pc
-- Fixing pkgconfig file: /Users/bytedance/workspace/cemu_android/dependencies/vcpkg/packages/expat_arm64-osx/debug/lib/pkgconfig/expat.pc
-- Installing: /Users/bytedance/workspace/cemu_android/dependencies/vcpkg/packages/expat_arm64-osx/share/expat/copyright
-- Performing post-build validation
Starting submission of expat:arm64-osx@2.7.1 to 1 binary cache(s) in the background
Elapsed time to handle expat:arm64-osx: 6.6 s
expat:arm64-osx package ABI: 950f239144ca3cadfbbe3ad9605cb06d3531d47df3e375b09a8d675c440201af
Completed submission of libwebp[core,libwebpmux,nearlossless,simd]:arm64-osx@1.5.0#1 to 1 binary cache(s) in 171 ms
Completed submission of libiconv:arm64-osx@1.18#1 to 1 binary cache(s) in 11.7 ms
Installing 104/105 wxwidgets[core,debug-support]:arm64-osx@3.3.3...
Building wxwidgets[core,debug-support]:arm64-osx@3.3.3...
/Users/bytedance/workspace/cemu_android/dependencies/vcpkg_overlay_ports/wxwidgets: info: installing overlay port from here
Downloading https://github.com/wxWidgets/wxWidgets/archive/v3.3.3.tar.gz -> wxWidgets-wxWidgets-v3.3.3.tar.gz
Successfully downloaded wxWidgets-wxWidgets-v3.3.3.tar.gz
-- Extracting source /Users/bytedance/workspace/cemu_android/dependencies/vcpkg/downloads/wxWidgets-wxWidgets-v3.3.3.tar.gz
-- Applying patch install-layout.patch
-- Applying patch relocatable-wx-config.patch
-- Applying patch nanosvg-ext-depend.patch
-- Applying patch fix-libs-export.patch
-- Applying patch fix-pcre2.patch
-- Applying patch gtk3-link-libraries.patch
-- Applying patch sdl2.patch
-- Using source at /Users/bytedance/workspace/cemu_android/dependencies/vcpkg/buildtrees/wxwidgets/src/v3.3.3-f355478ab7.clean
Downloading https://github.com/wxWidgets/lexilla/archive/bf6ad20062b98808ffa21419263942a427c150a9.tar.gz -> wxWidgets-lexilla-bf6ad20062b98808ffa21419263942a427c150a9.tar.gz
Successfully downloaded wxWidgets-lexilla-bf6ad20062b98808ffa21419263942a427c150a9.tar.gz
-- Extracting source /Users/bytedance/workspace/cemu_android/dependencies/vcpkg/downloads/wxWidgets-lexilla-bf6ad20062b98808ffa21419263942a427c150a9.tar.gz
-- Using source at /Users/bytedance/workspace/cemu_android/dependencies/vcpkg/buildtrees/wxwidgets/src/a427c150a9-a05e1ccc14.clean
-- Using cached wxWidgets-scintilla-0b90f31ced23241054e8088abb50babe9a44ae67.tar.gz
-- Cleaning sources at /Users/bytedance/workspace/cemu_android/dependencies/vcpkg/buildtrees/wxwidgets/src/be9a44ae67-1cb980c526.clean. Use --editable to skip cleaning for the packages you specify.
-- Extracting source /Users/bytedance/workspace/cemu_android/dependencies/vcpkg/downloads/wxWidgets-scintilla-0b90f31ced23241054e8088abb50babe9a44ae67.tar.gz
-- Using source at /Users/bytedance/workspace/cemu_android/dependencies/vcpkg/buildtrees/wxwidgets/src/be9a44ae67-1cb980c526.clean
-- Configuring arm64-osx
-- Building arm64-osx-dbg
-- Building arm64-osx-rel
-- Installing: /Users/bytedance/workspace/cemu_android/dependencies/vcpkg/packages/wxwidgets_arm64-osx/share/wxwidgets/usage
-- Installing: /Users/bytedance/workspace/cemu_android/dependencies/vcpkg/packages/wxwidgets_arm64-osx/share/wxwidgets/copyright
-- Adjusted RPATH of '/Users/bytedance/workspace/cemu_android/dependencies/vcpkg/packages/wxwidgets_arm64-osx/tools/wxwidgets/wxrc' to '@loader_path/../../lib'
-- Adjusted RPATH of '/Users/bytedance/workspace/cemu_android/dependencies/vcpkg/packages/wxwidgets_arm64-osx/tools/wxwidgets/wxrc-3.3' to '@loader_path/../../lib'
-- Performing post-build validation
Starting submission of wxwidgets[core,debug-support]:arm64-osx@3.3.3 to 1 binary cache(s) in the background
Elapsed time to handle wxwidgets:arm64-osx: 2 min
wxwidgets:arm64-osx package ABI: 81707e5c49dd0c333a0ad6a248b52aef38d36caf600f3c0a98caff7b8922a227
Completed submission of expat:arm64-osx@2.7.1 to 1 binary cache(s) in 44.8 ms
Installing 105/105 zstd:arm64-osx@1.5.7...
Building zstd:arm64-osx@1.5.7...
-- Using cached facebook-zstd-v1.5.7.tar.gz
-- Cleaning sources at /Users/bytedance/workspace/cemu_android/dependencies/vcpkg/buildtrees/zstd/src/v1.5.7-bb6cae2b2e.clean. Use --editable to skip cleaning for the packages you specify.
-- Extracting source /Users/bytedance/workspace/cemu_android/dependencies/vcpkg/downloads/facebook-zstd-v1.5.7.tar.gz
-- Applying patch no-static-suffix.patch
-- Applying patch fix-emscripten-and-clang-cl.patch
-- Applying patch fix-windows-rc-compile.patch
-- Using source at /Users/bytedance/workspace/cemu_android/dependencies/vcpkg/buildtrees/zstd/src/v1.5.7-bb6cae2b2e.clean
-- Configuring arm64-osx
-- Building arm64-osx-dbg
-- Building arm64-osx-rel
-- Fixing pkgconfig file: /Users/bytedance/workspace/cemu_android/dependencies/vcpkg/packages/zstd_arm64-osx/lib/pkgconfig/libzstd.pc
-- Fixing pkgconfig file: /Users/bytedance/workspace/cemu_android/dependencies/vcpkg/packages/zstd_arm64-osx/debug/lib/pkgconfig/libzstd.pc
-- Installing: /Users/bytedance/workspace/cemu_android/dependencies/vcpkg/packages/zstd_arm64-osx/share/zstd/usage
-- Performing post-build validation
Starting submission of zstd:arm64-osx@1.5.7 to 1 binary cache(s) in the background
Elapsed time to handle zstd:arm64-osx: 8.8 s
zstd:arm64-osx package ABI: bda476470408e5c88911dcdcb2a8f86d3b36120e4e458a25b99d757035db6dec
Installed contents are licensed to you by owners. Microsoft is not responsible for, nor does it grant any licenses to, third-party packages.
Some packages did not declare an SPDX license. Check the `copyright` file for each package for more information about their licensing.
Packages installed in this vcpkg installation declare the following licenses:
(BSD-3-Clause OR GPL-2.0-only)
Apache-2.0
BSD-3-Clause
BSD-3-Clause-Clear
BSL-1.0
GPL-3.0-or-later
ISC
LGPL-2.0-or-later WITH WxWindows-exception-3.1
LGPL-2.1-or-later
MIT
Zlib
curl
libpng-2.0
libtiff
The package boost-optional is compatible with built-in CMake targets of FindBoost.cmake:

    find_package(Boost REQUIRED COMPONENTS optional)
    target_link_libraries(main PRIVATE Boost::optional)

or the generated cmake configs via:

    find_package( REQUIRED CONFIG)
    target_link_libraries(main PRIVATE Boost::optional)

The package boost-functional is compatible with built-in CMake targets of FindBoost.cmake:

    find_package(Boost REQUIRED COMPONENTS functional)
    target_link_libraries(main PRIVATE Boost::functional)

or the generated cmake configs via:

    find_package( REQUIRED CONFIG)
    target_link_libraries(main PRIVATE Boost::functional)

The package boost-algorithm is compatible with built-in CMake targets of FindBoost.cmake:

    find_package(Boost REQUIRED COMPONENTS algorithm)
    target_link_libraries(main PRIVATE Boost::algorithm)

or the generated cmake configs via:

    find_package( REQUIRED CONFIG)
    target_link_libraries(main PRIVATE Boost::algorithm)

The package boost-tokenizer is compatible with built-in CMake targets of FindBoost.cmake:

    find_package(Boost REQUIRED COMPONENTS tokenizer)
    target_link_libraries(main PRIVATE Boost::tokenizer)

or the generated cmake configs via:

    find_package( REQUIRED CONFIG)
    target_link_libraries(main PRIVATE Boost::tokenizer)

The package boost-container is compatible with built-in CMake targets of FindBoost.cmake:

    find_package(Boost REQUIRED COMPONENTS container)
    target_link_libraries(main PRIVATE Boost::container)

or the generated cmake configs via:

    find_package( REQUIRED CONFIG)
    target_link_libraries(main PRIVATE Boost::container)

The package boost-asio is compatible with built-in CMake targets of FindBoost.cmake:

    find_package(Boost REQUIRED COMPONENTS asio)
    target_link_libraries(main PRIVATE Boost::asio)

or the generated cmake configs via:

    find_package( REQUIRED CONFIG)
    target_link_libraries(main PRIVATE Boost::asio)

The package boost-nowide is compatible with built-in CMake targets of FindBoost.cmake:

    find_package(Boost REQUIRED COMPONENTS nowide)
    target_link_libraries(main PRIVATE Boost::nowide)

or the generated cmake configs via:

    find_package( REQUIRED CONFIG)
    target_link_libraries(main PRIVATE Boost::nowide)

The package boost-program-options is compatible with built-in CMake targets of FindBoost.cmake:

    find_package(Boost REQUIRED COMPONENTS program_options)
    target_link_libraries(main PRIVATE Boost::program_options)

or the generated cmake configs via:

    find_package( REQUIRED CONFIG)
    target_link_libraries(main PRIVATE Boost::program_options)

The package boost-property-tree is compatible with built-in CMake targets of FindBoost.cmake:

    find_package(Boost REQUIRED COMPONENTS property_tree)
    target_link_libraries(main PRIVATE Boost::property_tree)

or the generated cmake configs via:

    find_package( REQUIRED CONFIG)
    target_link_libraries(main PRIVATE Boost::property_tree)

The package boost-ptr-container is compatible with built-in CMake targets of FindBoost.cmake:

    find_package(Boost REQUIRED COMPONENTS ptr_container)
    target_link_libraries(main PRIVATE Boost::ptr_container)

or the generated cmake configs via:

    find_package( REQUIRED CONFIG)
    target_link_libraries(main PRIVATE Boost::ptr_container)

The package boost-random is compatible with built-in CMake targets of FindBoost.cmake:

    find_package(Boost REQUIRED COMPONENTS random)
    target_link_libraries(main PRIVATE Boost::random)

or the generated cmake configs via:

    find_package( REQUIRED CONFIG)
    target_link_libraries(main PRIVATE Boost::random)

The package boost-signals2 is compatible with built-in CMake targets of FindBoost.cmake:

    find_package(Boost REQUIRED COMPONENTS signals2)
    target_link_libraries(main PRIVATE Boost::signals2)

or the generated cmake configs via:

    find_package( REQUIRED CONFIG)
    target_link_libraries(main PRIVATE Boost::signals2)

The package boost-static-string is compatible with built-in CMake targets of FindBoost.cmake:

    find_package(Boost REQUIRED COMPONENTS static_string)
    target_link_libraries(main PRIVATE Boost::static_string)

or the generated cmake configs via:

    find_package( REQUIRED CONFIG)
    target_link_libraries(main PRIVATE Boost::static_string)

openssl is compatible with built-in CMake targets:

  find_package(OpenSSL REQUIRED)
  target_link_libraries(main PRIVATE OpenSSL::SSL)
  target_link_libraries(main PRIVATE OpenSSL::Crypto)

The package zlib is compatible with built-in CMake targets:

    find_package(ZLIB REQUIRED)
    target_link_libraries(main PRIVATE ZLIB::ZLIB)

curl is compatible with built-in CMake targets:

    find_package(CURL REQUIRED)
    target_link_libraries(main PRIVATE CURL::libcurl)

The package fmt provides CMake targets:

    find_package(fmt CONFIG REQUIRED)
    target_link_libraries(main PRIVATE fmt::fmt)

    # Or use the header-only version
    find_package(fmt CONFIG REQUIRED)
    target_link_libraries(main PRIVATE fmt::fmt-header-only)

The package glm provides CMake targets:

    find_package(glm CONFIG REQUIRED)
    target_link_libraries(main PRIVATE glm::glm)

    # Or use the header-only version
    find_package(glm CONFIG REQUIRED)
    target_link_libraries(main PRIVATE glm::glm-header-only)

glslang provides CMake targets:

    find_package(glslang CONFIG REQUIRED)
    target_link_libraries(main PRIVATE glslang::glslang glslang::glslang-default-resource-limits glslang::SPIRV glslang::SPVRemapper)

hidapi provides CMake targets:

  # this is heuristically generated, and may not be correct
  find_package(hidapi CONFIG REQUIRED)
  target_link_libraries(main PRIVATE hidapi::darwin hidapi::hidapi hidapi::include)

hidapi provides pkg-config modules:

  # C Library for USB/Bluetooth HID device access from Linux, Mac OS X, FreeBSD, and Windows.
  hidapi

libpng provides CMake targets:

  find_package(PNG REQUIRED)
  target_link_libraries(main PRIVATE PNG::PNG)

libusb can be imported via CMake FindPkgConfig module:
    find_package(PkgConfig REQUIRED)
    pkg_check_modules(libusb REQUIRED IMPORTED_TARGET libusb-1.0)

    target_link_libraries(main PRIVATE PkgConfig::libusb)

libzip provides CMake targets:

  # this is heuristically generated, and may not be correct
  find_package(libzip CONFIG REQUIRED)
  target_link_libraries(main PRIVATE libzip::zip)

libzip provides pkg-config modules:

  # library for handling zip archives
  libzip

pugixml provides CMake targets:

  # this is heuristically generated, and may not be correct
  find_package(pugixml CONFIG REQUIRED)
  target_link_libraries(main PRIVATE pugixml::static pugixml::pugixml)

pugixml provides pkg-config modules:

  # Light-weight, simple and fast XML parser for C++ with XPath support.
  pugixml

rapidjson provides CMake targets:

  # this is heuristically generated, and may not be correct
  find_package(RapidJSON CONFIG REQUIRED)
  target_link_libraries(main PRIVATE RapidJSON rapidjson)

rapidjson provides pkg-config modules:

  # A fast JSON parser/generator for C++ with both SAX/DOM style API
  RapidJSON

sdl3 provides CMake targets:

  find_package(SDL3 CONFIG REQUIRED)
  target_link_libraries(main PRIVATE SDL3::SDL3)

tiff is compatible with built-in CMake targets:

    find_package(TIFF REQUIRED)
    target_link_libraries(main PRIVATE TIFF::TIFF)

tiff provides pkg-config modules:

    #  Tag Image File Format (TIFF) library.
    libtiff-4

The package wxwidgets provides CMake targets:

    find_package(wxWidgets CONFIG REQUIRED)
    target_link_libraries(main PRIVATE wx::core wx::base)

zstd provides CMake targets:

  find_package(zstd CONFIG REQUIRED)
  target_link_libraries(main PRIVATE zstd::libzstd)

Waiting for 2 remaining binary cache submissions...
Completed submission of wxwidgets[core,debug-support]:arm64-osx@3.3.3 to 1 binary cache(s) in 16 s (1/2)
Completed submission of zstd:arm64-osx@1.5.7 to 1 binary cache(s) in 183 ms (2/2)
All requested installations completed successfully in: 9.9 min
-- Running vcpkg install - done
-- The C compiler identification is AppleClang 17.0.0.17000013
-- The CXX compiler identification is AppleClang 17.0.0.17000013
-- Detecting C compiler ABI info
-- Detecting C compiler ABI info - done
-- Check for working C compiler: /usr/bin/cc - skipped
-- Detecting C compile features
-- Detecting C compile features - done
-- Detecting CXX compiler ABI info
-- Detecting CXX compiler ABI info - done
-- Check for working CXX compiler: /usr/bin/c++ - skipped
-- Detecting CXX compile features
-- Detecting CXX compile features - done
-- The OBJC compiler identification is AppleClang 17.0.0.17000013
-- The OBJCXX compiler identification is AppleClang 17.0.0.17000013
-- Detecting OBJC compiler ABI info
-- Detecting OBJC compiler ABI info - done
-- Check for working OBJC compiler: /usr/bin/clang - skipped
-- Detecting OBJCXX compiler ABI info
-- Detecting OBJCXX compiler ABI info - done
-- Check for working OBJCXX compiler: /usr/bin/clang++ - skipped
-- Performing Test CMAKE_HAVE_LIBC_PTHREAD
-- Performing Test CMAKE_HAVE_LIBC_PTHREAD - Success
-- Found Threads: TRUE
-- Found OpenSSL: /Users/bytedance/workspace/cemu_android/build/vcpkg_installed/arm64-osx/lib/libcrypto.a (found suitable version "3.5.0", minimum required is "3")
-- Found ZLIB: optimized;/Users/bytedance/workspace/cemu_android/build/vcpkg_installed/arm64-osx/lib/libz.a;debug;/Users/bytedance/workspace/cemu_android/build/vcpkg_installed/arm64-osx/debug/lib/libz.a (found suitable version "1.3.1", minimum required is "1")
-- Found ZLIB: optimized;/Users/bytedance/workspace/cemu_android/build/vcpkg_installed/arm64-osx/lib/libz.a;debug;/Users/bytedance/workspace/cemu_android/build/vcpkg_installed/arm64-osx/debug/lib/libz.a (found suitable version "1.3.1", minimum required is "1.1.2")
-- Found ZLIB: optimized;/Users/bytedance/workspace/cemu_android/build/vcpkg_installed/arm64-osx/lib/libz.a;debug;/Users/bytedance/workspace/cemu_android/build/vcpkg_installed/arm64-osx/debug/lib/libz.a (found version "1.3.1")
-- Found zstd: /Users/bytedance/workspace/cemu_android/build/vcpkg_installed/arm64-osx/share/zstd/zstdConfig.cmake (found version "1.5.7")
-- Found OpenGL: /Applications/Xcode-16.3.0.app/Contents/Developer/Platforms/MacOSX.platform/Developer/SDKs/MacOSX.sdk/System/Library/Frameworks/OpenGL.framework
-- Performing Test COMPILER_HAS_HIDDEN_VISIBILITY
-- Performing Test COMPILER_HAS_HIDDEN_VISIBILITY - Success
-- Performing Test COMPILER_HAS_HIDDEN_INLINE_VISIBILITY
-- Performing Test COMPILER_HAS_HIDDEN_INLINE_VISIBILITY - Success
-- Performing Test COMPILER_HAS_DEPRECATED_ATTR
-- Performing Test COMPILER_HAS_DEPRECATED_ATTR - Success
-- Found PkgConfig: /opt/homebrew/bin/pkg-config (found version "3.0.2")
-- Checking for module 'speexdsp'
--   Package 'speexdsp' not found
-- Looking for include file pulse/pulseaudio.h
-- Looking for include file pulse/pulseaudio.h - not found
-- Looking for include file alsa/asoundlib.h
-- Looking for include file alsa/asoundlib.h - not found
-- Looking for include file jack/jack.h
-- Looking for include file jack/jack.h - not found
-- Looking for include file sndio.h
-- Looking for include file sndio.h - not found
-- Looking for include file aaudio/AAudio.h
-- Looking for include file aaudio/AAudio.h - not found
-- Looking for include file AudioUnit/AudioUnit.h
-- Looking for include file AudioUnit/AudioUnit.h - found
-- Looking for include file audioclient.h
-- Looking for include file audioclient.h - not found
-- Looking for include file SLES/OpenSLES.h
-- Looking for include file SLES/OpenSLES.h - not found
-- Looking for include file sys/soundcard.h
-- Looking for include file sys/soundcard.h - not found
-- Looking for include file android/log.h
-- Looking for include file android/log.h - not found
-- Looking for include file sys/audioio.h
-- Looking for include file sys/audioio.h - not found
-- Looking for include file kai.h
-- Looking for include file kai.h - not found
-- Could NOT find Doxygen (missing: DOXYGEN_EXECUTABLE)
CMake Warning (deprecated) at dependencies/ih264d/CMakeLists.txt:1 (cmake_minimum_required):
  Compatibility with CMake < 3.10 will be removed from a future version of
  CMake.

  Update the VERSION argument <min> value.  Or, use the <min>...<max> syntax
  to tell CMake that the project requires at least <min> but has been updated
  to work with policies introduced by <max> or earlier.
This warning is for project developers.  Use -Wno-author or -Wno-deprecated
to suppress it.

-- The ASM compiler identification is AppleClang
-- Found assembler: /usr/bin/cc
CMake Warning (deprecated) at dependencies/xbyak_aarch64/CMakeLists.txt:1 (cmake_minimum_required):
  Compatibility with CMake < 3.10 will be removed from a future version of
  CMake.

  Update the VERSION argument <min> value.  Or, use the <min>...<max> syntax
  to tell CMake that the project requires at least <min> but has been updated
  to work with policies introduced by <max> or earlier.
This warning is for project developers.  Use -Wno-author or -Wno-deprecated
to suppress it.

-- Checking for one of the modules 'zarchive'
-- Building standalone executable dynamically
-- Checking for module 'libusb-1.0'
--   Found libusb-1.0, version 1.0.26
-- Found MoltenVK: /opt/homebrew/lib/libMoltenVK.dylib
-- Configuring done (616.4s)
CMake Error at src/input/CMakeLists.txt:124 (target_link_libraries):
  Target "CemuInput" links to:

    hidapi::hidapi

  but the target was not found.  Possible reasons include:

    * There is a typo in the target name.
    * A find_package call is missing for an IMPORTED target.
    * An ALIAS target is missing.



-- Generating done (0.2s)
CMake Generate step failed.  Build files cannot be regenerated correctly.
real 616.64
user 1163.40
sys 546.54
